method_id,method_label,analysis_role,primary_include,manifest_species_id,local_path,expected_sha256,parsed_sha256,hash_matches_manifest,calculation_id
1_b3lyp_pcm,B3LYP / PCM,conformer_candidate,True,1_methyluracil,data/calculations/calc_557d5df31f5d3868/record.json,557d5df31f5d3868eab45328da2da36fe14f27fd4d9ac44cde534b0e41142aa9,557d5df31f5d3868eab45328da2da36fe14f27fd4d9ac44cde534b0e41142aa9,True,calc_557d5df31f5d3868
1_b3lyp_pcm,B3LYP / PCM,conformer_candidate,True,1_methyluracil_ribose,data/calculations/calc_bdef5ac53c00d7a1/record.json,bdef5ac53c00d7a135c096999835fc19033ece659daaf084109b8bff1c2462b1,bdef5ac53c00d7a135c096999835fc19033ece659daaf084109b8bff1c2462b1,True,calc_bdef5ac53c00d7a1
1_b3lyp_pcm,B3LYP / PCM,conformer_candidate,True,1_methyluracil_ribose,data/calculations/calc_8fff6d635cf75f67/record.json,8fff6d635cf75f676983623a50a2fc94810c34439ad0391b3cc3b8f330be7f39,8fff6d635cf75f676983623a50a2fc94810c34439ad0391b3cc3b8f330be7f39,True,calc_8fff6d635cf75f67
1_b3lyp_pcm,B3LYP / PCM,conformer_candidate,True,1_methyluracil_ribose,data/calculations/calc_14dd388accc7bb16/record.json,14dd388accc7bb164854be869c9bde681dbf098a756528ae1de82a636ed29a0c,14dd388accc7bb164854be869c9bde681dbf098a756528ae1de82a636ed29a0c,True,calc_14dd388accc7bb16
1_b3lyp_pcm,B3LYP / PCM,conformer_candidate,True,1_methyluracil_ribose,data/calculations/calc_1d0d11d7d1abd4e1/record.json,1d0d11d7d1abd4e128e538b57b41f4918b2077694138fa5016a38134848f6c02,1d0d11d7d1abd4e128e538b57b41f4918b2077694138fa5016a38134848f6c02,True,calc_1d0d11d7d1abd4e1
1_b3lyp_pcm,B3LYP / PCM,conformer_candidate,True,1_methyluracil_ribose,data/calculations/calc_ef13cf20cb2d6086/record.json,ef13cf20cb2d60862fa62e3550f17316f4d42485b143438d02b9b2e460b6cc1e,ef13cf20cb2d60862fa62e3550f17316f4d42485b143438d02b9b2e460b6cc1e,True,calc_ef13cf20cb2d6086
1_b3lyp_pcm,B3LYP / PCM,conformer_candidate,True,1_methyluracil_ribose,data/calculations/calc_76b5542ff380a349/record.json,76b5542ff380a3491a90275a1917e7dc4989dfcbaa0531a541c330f934196074,76b5542ff380a3491a90275a1917e7dc4989dfcbaa0531a541c330f934196074,True,calc_76b5542ff380a349
1_b3lyp_pcm,B3LYP / PCM,conformer_candidate,True,1_methyluracil_ribose_phosphate,data/calculations/calc_1b4708cf6ba6ff0e/record.json,1b4708cf6ba6ff0efc86de6a7fa7bf2dd0b04455bf34cdaec252efb3fcf15563,1b4708cf6ba6ff0efc86de6a7fa7bf2dd0b04455bf34cdaec252efb3fcf15563,True,calc_1b4708cf6ba6ff0e
1_b3lyp_pcm,B3LYP / PCM,conformer_candidate,True,1_methyluracil_ribose_phosphate,data/calculations/calc_cded447bd0a49de6/record.json,cded447bd0a49de6d90ffa9a917ee2a5dedf47d06e7c034fd1039b9502e5df68,cded447bd0a49de6d90ffa9a917ee2a5dedf47d06e7c034fd1039b9502e5df68,True,calc_cded447bd0a49de6
1_b3lyp_pcm,B3LYP / PCM,conformer_candidate,True,1_methyluracil_ribose_phosphate,data/calculations/calc_f703619f5912b596/record.json,f703619f5912b596449170f1d0292e8483643d8ac0c64d8ad50c681e82ed866f,f703619f5912b596449170f1d0292e8483643d8ac0c64d8ad50c681e82ed866f,True,calc_f703619f5912b596
1_b3lyp_pcm,B3LYP / PCM,conformer_candidate,True,2_6_diaminopurine,data/calculations/calc_b64e41e8c31af266/record.json,b64e41e8c31af2665529ef077b4025fe2664b66efb6167f8f415f81a663c447a,b64e41e8c31af2665529ef077b4025fe2664b66efb6167f8f415f81a663c447a,True,calc_b64e41e8c31af266
1_b3lyp_pcm,B3LYP / PCM,conformer_candidate,True,2_6_diaminopurine_ribose,data/calculations/calc_e6e1aeea90cf3a13/record.json,e6e1aeea90cf3a13cbbee5984ec67e91f6e11055c76787e0030fbf83ce47419d,e6e1aeea90cf3a13cbbee5984ec67e91f6e11055c76787e0030fbf83ce47419d,True,calc_e6e1aeea90cf3a13
1_b3lyp_pcm,B3LYP / PCM,conformer_candidate,True,2_6_diaminopurine_ribose,data/calculations/calc_4111d058a9a23ce3/record.json,4111d058a9a23ce383920c686de9aae870b6af135a66880bae5c787f2c212111,4111d058a9a23ce383920c686de9aae870b6af135a66880bae5c787f2c212111,True,calc_4111d058a9a23ce3
1_b3lyp_pcm,B3LYP / PCM,conformer_candidate,True,2_6_diaminopurine_ribose,data/calculations/calc_eef5f88f9cf1ba9c/record.json,eef5f88f9cf1ba9c4342fd466b384d644c5763de6d4bde48403801b09d268e0f,eef5f88f9cf1ba9c4342fd466b384d644c5763de6d4bde48403801b09d268e0f,True,calc_eef5f88f9cf1ba9c
1_b3lyp_pcm,B3LYP / PCM,conformer_candidate,True,2_6_diaminopurine_ribose,data/calculations/calc_d3ed330e1379286a/record.json,d3ed330e1379286a26993cb4b923beed0c5e870ee6dbc0b195f5796e3f5f31ba,d3ed330e1379286a26993cb4b923beed0c5e870ee6dbc0b195f5796e3f5f31ba,True,calc_d3ed330e1379286a
1_b3lyp_pcm,B3LYP / PCM,conformer_candidate,True,2_6_diaminopurine_ribose,data/calculations/calc_d131565cc15c8f44/record.json,d131565cc15c8f447a2c18d7806ef65b1329de82972e973052452e77c5962113,d131565cc15c8f447a2c18d7806ef65b1329de82972e973052452e77c5962113,True,calc_d131565cc15c8f44
1_b3lyp_pcm,B3LYP / PCM,conformer_candidate,True,2_6_diaminopurine_ribose_phosphate,data/calculations/calc_4331c3dcbcea9fae/record.json,4331c3dcbcea9fae5f8d1dbb4986827f2025466f8b19d6eb08822e990a0426bf,4331c3dcbcea9fae5f8d1dbb4986827f2025466f8b19d6eb08822e990a0426bf,True,calc_4331c3dcbcea9fae
1_b3lyp_pcm,B3LYP / PCM,conformer_candidate,True,2_6_diaminopurine_ribose_phosphate,data/calculations/calc_21a856a6d79c22c2/record.json,21a856a6d79c22c2cc6945500efcdc103767a5f5c689e433e8d01cdadf481185,21a856a6d79c22c2cc6945500efcdc103767a5f5c689e433e8d01cdadf481185,True,calc_21a856a6d79c22c2
1_b3lyp_pcm,B3LYP / PCM,conformer_candidate,True,2_6_diaminopurine_ribose_phosphate,data/calculations/calc_c10a8008bc8aefc2/record.json,c10a8008bc8aefc236af56333ae164f49e16ecc5db4c91ddf0ab1d6f6b2548c7,c10a8008bc8aefc236af56333ae164f49e16ecc5db4c91ddf0ab1d6f6b2548c7,True,calc_c10a8008bc8aefc2
1_b3lyp_pcm,B3LYP / PCM,conformer_candidate,True,2_6_diaminopurine_ribose_phosphate,data/calculations/calc_6f84473072d9c8e9/record.json,6f84473072d9c8e96a122bec15a96b1f4f64bf6e71d7fe018c9206f52546a71c,6f84473072d9c8e96a122bec15a96b1f4f64bf6e71d7fe018c9206f52546a71c,True,calc_6f84473072d9c8e9
1_b3lyp_pcm,B3LYP / PCM,conformer_candidate,True,2_6_diaminopurine_ribose_phosphate,data/calculations/calc_a3a7174101acabd5/record.json,a3a7174101acabd557182850854ad298c17c5b0a5936b7e2565c9dd3fb403d3c,a3a7174101acabd557182850854ad298c17c5b0a5936b7e2565c9dd3fb403d3c,True,calc_a3a7174101acabd5
1_b3lyp_pcm,B3LYP / PCM,conformer_candidate,True,2_6_diaminopurine_ribose_phosphate,data/calculations/calc_ed287a3331341d0a/record.json,ed287a3331341d0a50e3e7f9aa310150d7578476ce41f14c476de1044303fad4,ed287a3331341d0a50e3e7f9aa310150d7578476ce41f14c476de1044303fad4,True,calc_ed287a3331341d0a
1_b3lyp_pcm,B3LYP / PCM,conformer_candidate,True,2_6_diaminopurine_ribose_phosphate,data/calculations/calc_03300c0b6096fdd6/record.json,03300c0b6096fdd66843d81cfbe4f900692c94ae9fc40f45beb2f3a6ca56ec7c,03300c0b6096fdd66843d81cfbe4f900692c94ae9fc40f45beb2f3a6ca56ec7c,True,calc_03300c0b6096fdd6
1_b3lyp_pcm,B3LYP / PCM,conformer_candidate,True,5_amino_4_imidazolecarboxamide,data/calculations/calc_72bf1dd411b42985/record.json,72bf1dd411b429853977ef5f743b408516e12d53d55a33fe2154c3ca9ac20bc4,72bf1dd411b429853977ef5f743b408516e12d53d55a33fe2154c3ca9ac20bc4,True,calc_72bf1dd411b42985
1_b3lyp_pcm,B3LYP / PCM,conformer_candidate,True,5_amino_4_imidazolecarboxamide,data/calculations/calc_b99194fdcc4a3b99/record.json,b99194fdcc4a3b998a55598bed18015b48baed5ddb106a91bbdff824793d1859,b99194fdcc4a3b998a55598bed18015b48baed5ddb106a91bbdff824793d1859,True,calc_b99194fdcc4a3b99
1_b3lyp_pcm,B3LYP / PCM,conformer_candidate,True,5_amino_4_imidazolecarboxamide_ribose,data/calculations/calc_78af7694df9bfb2e/record.json,78af7694df9bfb2e4b54d3ee7378808dc34a69589f7c8efa650168a27b2cb98f,78af7694df9bfb2e4b54d3ee7378808dc34a69589f7c8efa650168a27b2cb98f,True,calc_78af7694df9bfb2e
1_b3lyp_pcm,B3LYP / PCM,conformer_candidate,True,5_amino_4_imidazolecarboxamide_ribose,data/calculations/calc_c353cb46090f2737/record.json,c353cb46090f273745c2b22d78695c8d733b06035475ad2e6cf566a8affbbcf3,c353cb46090f273745c2b22d78695c8d733b06035475ad2e6cf566a8affbbcf3,True,calc_c353cb46090f2737
1_b3lyp_pcm,B3LYP / PCM,conformer_candidate,True,5_amino_4_imidazolecarboxamide_ribose,data/calculations/calc_f55c1ea5f51be12e/record.json,f55c1ea5f51be12ed8c9a9d0fb3053bd67b59e9ed3f89d9db741038c07b912a2,f55c1ea5f51be12ed8c9a9d0fb3053bd67b59e9ed3f89d9db741038c07b912a2,True,calc_f55c1ea5f51be12e
1_b3lyp_pcm,B3LYP / PCM,conformer_candidate,True,5_amino_4_imidazolecarboxamide_ribose,data/calculations/calc_715864eb4f63358d/record.json,715864eb4f63358d12662ee06cfda39bbea93076bbff68ef9066c6a2de2cd446,715864eb4f63358d12662ee06cfda39bbea93076bbff68ef9066c6a2de2cd446,True,calc_715864eb4f63358d
1_b3lyp_pcm,B3LYP / PCM,conformer_candidate,True,5_amino_4_imidazolecarboxamide_ribose,data/calculations/calc_c42d0d054e263bba/record.json,c42d0d054e263bba794d4118f3e74f04fe654e3f131c5a259db6e485a5c9e674,c42d0d054e263bba794d4118f3e74f04fe654e3f131c5a259db6e485a5c9e674,True,calc_c42d0d054e263bba
1_b3lyp_pcm,B3LYP / PCM,conformer_candidate,True,5_amino_4_imidazolecarboxamide_ribose,data/calculations/calc_05feecbff34208d6/record.json,05feecbff34208d64a1261443dae2a9839e8ceec021db770a4041f76b89c81f3,05feecbff34208d64a1261443dae2a9839e8ceec021db770a4041f76b89c81f3,True,calc_05feecbff34208d6
1_b3lyp_pcm,B3LYP / PCM,conformer_candidate,True,5_amino_4_imidazolecarboxamide_ribose_phosphate,data/calculations/calc_96a5f9226f958845/record.json,96a5f9226f958845d3a3990acfd4b389659768e3ce0d5cbbf4c09311d4959ab8,96a5f9226f958845d3a3990acfd4b389659768e3ce0d5cbbf4c09311d4959ab8,True,calc_96a5f9226f958845
1_b3lyp_pcm,B3LYP / PCM,conformer_candidate,True,5_amino_4_imidazolecarboxamide_ribose_phosphate,data/calculations/calc_5ee54d8eac1aceed/record.json,5ee54d8eac1aceed692149da1668bdd528967f88ed7dcf1419f6d05304821f53,5ee54d8eac1aceed692149da1668bdd528967f88ed7dcf1419f6d05304821f53,True,calc_5ee54d8eac1aceed
1_b3lyp_pcm,B3LYP / PCM,conformer_candidate,True,5_amino_4_imidazolecarboxamide_ribose_phosphate,data/calculations/calc_e4c1a7e3bbfa378a/record.json,e4c1a7e3bbfa378a45115b28a3dee47a0a5a5803d3ba1bcca948ba8413454d52,e4c1a7e3bbfa378a45115b28a3dee47a0a5a5803d3ba1bcca948ba8413454d52,True,calc_e4c1a7e3bbfa378a
1_b3lyp_pcm,B3LYP / PCM,conformer_candidate,True,5_amino_4_imidazolecarboxamide_ribose_phosphate,data/calculations/calc_2ab52de2d0314391/record.json,2ab52de2d0314391b3b9d619be8faaf5568b089aa36e7b14d332ae4b40360eb8,2ab52de2d0314391b3b9d619be8faaf5568b089aa36e7b14d332ae4b40360eb8,True,calc_2ab52de2d0314391
1_b3lyp_pcm,B3LYP / PCM,conformer_candidate,True,5_amino_4_imidazolecarboxamide_ribose_phosphate,data/calculations/calc_52957a55359e7d7e/record.json,52957a55359e7d7e33e2a56803a57e75ebf055ced5f7a3f755a821f6e1bfcacf,52957a55359e7d7e33e2a56803a57e75ebf055ced5f7a3f755a821f6e1bfcacf,True,calc_52957a55359e7d7e
1_b3lyp_pcm,B3LYP / PCM,conformer_candidate,True,5_amino_4_imidazolecarboxamide_ribose_phosphate,data/calculations/calc_23bc295a9a84aeb9/record.json,23bc295a9a84aeb9ea61226a1ff838140c31b8874156399c0db455f8b637e3f7,23bc295a9a84aeb9ea61226a1ff838140c31b8874156399c0db455f8b637e3f7,True,calc_23bc295a9a84aeb9
1_b3lyp_pcm,B3LYP / PCM,conformer_candidate,True,5_amino_4_imidazolecarboxamide_ribose_phosphate,data/calculations/calc_4a92c714ea7f5fc6/record.json,4a92c714ea7f5fc66f089a6d23a9980470ab00231175c34ac4157afac9d2c5b8,4a92c714ea7f5fc66f089a6d23a9980470ab00231175c34ac4157afac9d2c5b8,True,calc_4a92c714ea7f5fc6
1_b3lyp_pcm,B3LYP / PCM,conformer_candidate,True,6_methyluracil,data/calculations/calc_aa4f8869f52bb371/record.json,aa4f8869f52bb3717aea4bb2b266d1182805274ec95f5d9f2059733ec639072e,aa4f8869f52bb3717aea4bb2b266d1182805274ec95f5d9f2059733ec639072e,True,calc_aa4f8869f52bb371
1_b3lyp_pcm,B3LYP / PCM,conformer_candidate,True,6_methyluracil_ribose,data/calculations/calc_81d6cb24819ff295/record.json,81d6cb24819ff2952f577ef35d5b7996811331fb64a3da29f51644db7aebf32c,81d6cb24819ff2952f577ef35d5b7996811331fb64a3da29f51644db7aebf32c,True,calc_81d6cb24819ff295
1_b3lyp_pcm,B3LYP / PCM,conformer_candidate,True,6_methyluracil_ribose,data/calculations/calc_d92135c27f0fd512/record.json,d92135c27f0fd51233ed28cd3cde7cc26e1411bd34ad709e280c76caff64628c,d92135c27f0fd51233ed28cd3cde7cc26e1411bd34ad709e280c76caff64628c,True,calc_d92135c27f0fd512
1_b3lyp_pcm,B3LYP / PCM,conformer_candidate,True,6_methyluracil_ribose,data/calculations/calc_50e8f8d4f07f014c/record.json,50e8f8d4f07f014c681eae1598aeb4b62d3d2eeb0aee6f4a797060425c04fc41,50e8f8d4f07f014c681eae1598aeb4b62d3d2eeb0aee6f4a797060425c04fc41,True,calc_50e8f8d4f07f014c
1_b3lyp_pcm,B3LYP / PCM,conformer_candidate,True,6_methyluracil_ribose,data/calculations/calc_1b1a89f0c87538f8/record.json,1b1a89f0c87538f80085772e8ae84bdb4b3ee91e49566e513f70ca24a85c779c,1b1a89f0c87538f80085772e8ae84bdb4b3ee91e49566e513f70ca24a85c779c,True,calc_1b1a89f0c87538f8
1_b3lyp_pcm,B3LYP / PCM,conformer_candidate,True,6_methyluracil_ribose,data/calculations/calc_699eb456c0bcee04/record.json,699eb456c0bcee047be49c9ce6b72628b73d0fb0a4ea7d02c27fb818e435eb35,699eb456c0bcee047be49c9ce6b72628b73d0fb0a4ea7d02c27fb818e435eb35,True,calc_699eb456c0bcee04
1_b3lyp_pcm,B3LYP / PCM,conformer_candidate,True,6_methyluracil_ribose_phosphate,data/calculations/calc_62672a6146a08e14/record.json,62672a6146a08e14455be87bd67a615c392537dcc5758ad3934c50b3b0e00c87,62672a6146a08e14455be87bd67a615c392537dcc5758ad3934c50b3b0e00c87,True,calc_62672a6146a08e14
1_b3lyp_pcm,B3LYP / PCM,conformer_candidate,True,6_methyluracil_ribose_phosphate,data/calculations/calc_babe225d7f2e03db/record.json,babe225d7f2e03dba054b888e4b0a4f3af827e64cc14c648d52de26355a9fc24,babe225d7f2e03dba054b888e4b0a4f3af827e64cc14c648d52de26355a9fc24,True,calc_babe225d7f2e03db
1_b3lyp_pcm,B3LYP / PCM,conformer_candidate,True,6_methyluracil_ribose_phosphate,data/calculations/calc_b857d87b6fb2f2c2/record.json,b857d87b6fb2f2c210fc6b41557aa358fbe31ae5e4537facb7266239ea1f6387,b857d87b6fb2f2c210fc6b41557aa358fbe31ae5e4537facb7266239ea1f6387,True,calc_b857d87b6fb2f2c2
1_b3lyp_pcm,B3LYP / PCM,conformer_candidate,True,adenine,data/calculations/calc_579b225d5746d6f9/record.json,579b225d5746d6f91f6fe50f1ae0144cd2d9f40e66b672d7f926be04d21fca69,579b225d5746d6f91f6fe50f1ae0144cd2d9f40e66b672d7f926be04d21fca69,True,calc_579b225d5746d6f9
1_b3lyp_pcm,B3LYP / PCM,conformer_candidate,True,adenine_ribose,data/calculations/calc_c35c5f7936f0c4ab/record.json,c35c5f7936f0c4ab0eb4598b0da4ffac5fb7c3f3f7bcc8f2779341bd6608ead8,c35c5f7936f0c4ab0eb4598b0da4ffac5fb7c3f3f7bcc8f2779341bd6608ead8,True,calc_c35c5f7936f0c4ab
1_b3lyp_pcm,B3LYP / PCM,conformer_candidate,True,adenine_ribose,data/calculations/calc_edec2067803d7dbc/record.json,edec2067803d7dbc96c93225b348a5ef6743214450bc25c8217eb496014009c2,edec2067803d7dbc96c93225b348a5ef6743214450bc25c8217eb496014009c2,True,calc_edec2067803d7dbc
1_b3lyp_pcm,B3LYP / PCM,conformer_candidate,True,adenine_ribose,data/calculations/calc_952ceee5ea63c11f/record.json,952ceee5ea63c11feb32c363a99cce494ec5710128b69dd9d7fd7a840eafb2e9,952ceee5ea63c11feb32c363a99cce494ec5710128b69dd9d7fd7a840eafb2e9,True,calc_952ceee5ea63c11f
1_b3lyp_pcm,B3LYP / PCM,conformer_candidate,True,adenine_ribose,data/calculations/calc_f03eaac50aa0ee46/record.json,f03eaac50aa0ee46e520ad8575d857229470fd421208dc1e06b49133981b4934,f03eaac50aa0ee46e520ad8575d857229470fd421208dc1e06b49133981b4934,True,calc_f03eaac50aa0ee46
1_b3lyp_pcm,B3LYP / PCM,conformer_candidate,True,adenine_ribose,data/calculations/calc_b64d0bf85e13c1e7/record.json,b64d0bf85e13c1e7c3e4bcd5703ea10fd7d8a04d4fc2b268eaf26aca07b21fcc,b64d0bf85e13c1e7c3e4bcd5703ea10fd7d8a04d4fc2b268eaf26aca07b21fcc,True,calc_b64d0bf85e13c1e7
1_b3lyp_pcm,B3LYP / PCM,conformer_candidate,True,adenine_ribose_phosphate,data/calculations/calc_f21bed15be44607b/record.json,f21bed15be44607beb6029cf1385f2bba423e53303a5a67090c514c3e0f6133e,f21bed15be44607beb6029cf1385f2bba423e53303a5a67090c514c3e0f6133e,True,calc_f21bed15be44607b
1_b3lyp_pcm,B3LYP / PCM,conformer_candidate,True,adenine_ribose_phosphate,data/calculations/calc_565406d4de58dfbc/record.json,565406d4de58dfbca61188f1c9df47386519e6230ba7799e56d2063ebcb73147,565406d4de58dfbca61188f1c9df47386519e6230ba7799e56d2063ebcb73147,True,calc_565406d4de58dfbc
1_b3lyp_pcm,B3LYP / PCM,conformer_candidate,True,adenine_ribose_phosphate,data/calculations/calc_9321e946d318e261/record.json,9321e946d318e261f2a1055e0fd7bd38242115e89262d1a7a023f8b37362cfd6,9321e946d318e261f2a1055e0fd7bd38242115e89262d1a7a023f8b37362cfd6,True,calc_9321e946d318e261
1_b3lyp_pcm,B3LYP / PCM,conformer_candidate,True,adenine_ribose_phosphate,data/calculations/calc_24debaf35022ea98/record.json,24debaf35022ea98b67e07166c360418b6e45760c0736e9d56e9f98d0afb643e,24debaf35022ea98b67e07166c360418b6e45760c0736e9d56e9f98d0afb643e,True,calc_24debaf35022ea98
1_b3lyp_pcm,B3LYP / PCM,conformer_candidate,True,adenine_ribose_phosphate,data/calculations/calc_b1a6defdb4efbf2c/record.json,b1a6defdb4efbf2cf6eba02551724e86d7fe6dfc8cd156792827a4b94bd4b051,b1a6defdb4efbf2cf6eba02551724e86d7fe6dfc8cd156792827a4b94bd4b051,True,calc_b1a6defdb4efbf2c
1_b3lyp_pcm,B3LYP / PCM,conformer_candidate,True,adenine_ribose_phosphate,data/calculations/calc_261fd8f740147344/record.json,261fd8f740147344c688b313a5ef0d9ef6e738363160d214dcbea8f359133812,261fd8f740147344c688b313a5ef0d9ef6e738363160d214dcbea8f359133812,True,calc_261fd8f740147344
1_b3lyp_pcm,B3LYP / PCM,conformer_candidate,True,adenine_ribose_phosphate,data/calculations/calc_18ea3413065df474/record.json,18ea3413065df474769e32b356ebab1b1ef918dcff3b828e2a9ecb799e891b10,18ea3413065df474769e32b356ebab1b1ef918dcff3b828e2a9ecb799e891b10,True,calc_18ea3413065df474
1_b3lyp_pcm,B3LYP / PCM,conformer_candidate,True,barbituric_acid,data/calculations/calc_83ba274204495cdc/record.json,83ba274204495cdcb323e2c00ea9e1261b882ac4b6a0e980c366608b7e8a90cb,83ba274204495cdcb323e2c00ea9e1261b882ac4b6a0e980c366608b7e8a90cb,True,calc_83ba274204495cdc
1_b3lyp_pcm,B3LYP / PCM,conformer_candidate,True,barbituric_acid_clink_ribose,data/calculations/calc_46cd4512cd3591cc/record.json,46cd4512cd3591ccca6d8618a9d6c8dc132d3ff0adf01e9d4d347a1902060a5f,46cd4512cd3591ccca6d8618a9d6c8dc132d3ff0adf01e9d4d347a1902060a5f,True,calc_46cd4512cd3591cc
1_b3lyp_pcm,B3LYP / PCM,conformer_candidate,True,barbituric_acid_clink_ribose,data/calculations/calc_43c0069d4d54a62f/record.json,43c0069d4d54a62ff696c5026a38117aeb6f805d924c749b3ba41de6abfa2d91,43c0069d4d54a62ff696c5026a38117aeb6f805d924c749b3ba41de6abfa2d91,True,calc_43c0069d4d54a62f
1_b3lyp_pcm,B3LYP / PCM,conformer_candidate,True,barbituric_acid_clink_ribose,data/calculations/calc_2b7ae9bb53db5d85/record.json,2b7ae9bb53db5d85abb9796a5b9f935c4a2ede3519ab783a37e826a9f2dd86ba,2b7ae9bb53db5d85abb9796a5b9f935c4a2ede3519ab783a37e826a9f2dd86ba,True,calc_2b7ae9bb53db5d85
1_b3lyp_pcm,B3LYP / PCM,conformer_candidate,True,barbituric_acid_clink_ribose,data/calculations/calc_3d9f45370675f460/record.json,3d9f45370675f46001aeda1cf47531dfd2c42cee3c63eeb26f607c171fe13c17,3d9f45370675f46001aeda1cf47531dfd2c42cee3c63eeb26f607c171fe13c17,True,calc_3d9f45370675f460
1_b3lyp_pcm,B3LYP / PCM,conformer_candidate,True,barbituric_acid_clink_ribose,data/calculations/calc_55fb7f63499d156e/record.json,55fb7f63499d156e6776e1d6d8f1cb57c019dbf5c045c1fddf91346067c9440c,55fb7f63499d156e6776e1d6d8f1cb57c019dbf5c045c1fddf91346067c9440c,True,calc_55fb7f63499d156e
1_b3lyp_pcm,B3LYP / PCM,conformer_candidate,True,barbituric_acid_clink_ribose,data/calculations/calc_0259d469238e98e8/record.json,0259d469238e98e8a6516c5f75112561105b188e28d2ae9fafc6b0919450713c,0259d469238e98e8a6516c5f75112561105b188e28d2ae9fafc6b0919450713c,True,calc_0259d469238e98e8
1_b3lyp_pcm,B3LYP / PCM,conformer_candidate,True,barbituric_acid_clink_ribose_phosphate,data/calculations/calc_02f9f94592bb03fd/record.json,02f9f94592bb03fdd301e2e068ab73a28a7ce9de89a74dc1242ef0bd35386a51,02f9f94592bb03fdd301e2e068ab73a28a7ce9de89a74dc1242ef0bd35386a51,True,calc_02f9f94592bb03fd
1_b3lyp_pcm,B3LYP / PCM,conformer_candidate,True,barbituric_acid_clink_ribose_phosphate,data/calculations/calc_30c04d4de5da70b4/record.json,30c04d4de5da70b40159ba6bd2fc4710dc2738fba948170ad10e1c8b76d29bdc,30c04d4de5da70b40159ba6bd2fc4710dc2738fba948170ad10e1c8b76d29bdc,True,calc_30c04d4de5da70b4
1_b3lyp_pcm,B3LYP / PCM,conformer_candidate,True,barbituric_acid_clink_ribose_phosphate,data/calculations/calc_0f03edb9079554fe/record.json,0f03edb9079554fe63946e8d4c849704070257f18177c44d8e8f5a29c590cc95,0f03edb9079554fe63946e8d4c849704070257f18177c44d8e8f5a29c590cc95,True,calc_0f03edb9079554fe
1_b3lyp_pcm,B3LYP / PCM,conformer_candidate,True,barbituric_acid_clink_ribose_phosphate,data/calculations/calc_fa4caa8829bcc007/record.json,fa4caa8829bcc007137a8f77adb58e54dace70ce8d3ec08efd5ea2b6787a0889,fa4caa8829bcc007137a8f77adb58e54dace70ce8d3ec08efd5ea2b6787a0889,True,calc_fa4caa8829bcc007
1_b3lyp_pcm,B3LYP / PCM,conformer_candidate,True,barbituric_acid_clink_ribose_phosphate,data/calculations/calc_8855818933fb6b34/record.json,8855818933fb6b3400400335e3a8a29a8efb62af39c5688484fdf640e4e9d5af,8855818933fb6b3400400335e3a8a29a8efb62af39c5688484fdf640e4e9d5af,True,calc_8855818933fb6b34
1_b3lyp_pcm,B3LYP / PCM,conformer_candidate,True,barbituric_acid_nlink_ribose,data/calculations/calc_ca7a1ad393c49c94/record.json,ca7a1ad393c49c9475ca99507aa32fb71f4d23eeb4b2e2abbf14c0a55b5345ce,ca7a1ad393c49c9475ca99507aa32fb71f4d23eeb4b2e2abbf14c0a55b5345ce,True,calc_ca7a1ad393c49c94
1_b3lyp_pcm,B3LYP / PCM,conformer_candidate,True,barbituric_acid_nlink_ribose,data/calculations/calc_f3b372db5e5c32c0/record.json,f3b372db5e5c32c029376df1f4e776694e0cebaf2e6a50182d8f1c022669598d,f3b372db5e5c32c029376df1f4e776694e0cebaf2e6a50182d8f1c022669598d,True,calc_f3b372db5e5c32c0
1_b3lyp_pcm,B3LYP / PCM,conformer_candidate,True,barbituric_acid_nlink_ribose,data/calculations/calc_591f499b8d1ae2c9/record.json,591f499b8d1ae2c967cbd3f477d822f3d1084871bd5121943a20175c833cdd2c,591f499b8d1ae2c967cbd3f477d822f3d1084871bd5121943a20175c833cdd2c,True,calc_591f499b8d1ae2c9
1_b3lyp_pcm,B3LYP / PCM,conformer_candidate,True,barbituric_acid_nlink_ribose,data/calculations/calc_a11e13b4f9762b56/record.json,a11e13b4f9762b56f5068e39059b91da11f8e49caececc8f4390646c897dc494,a11e13b4f9762b56f5068e39059b91da11f8e49caececc8f4390646c897dc494,True,calc_a11e13b4f9762b56
1_b3lyp_pcm,B3LYP / PCM,conformer_candidate,True,barbituric_acid_nlink_ribose,data/calculations/calc_08003ea684cb1bf3/record.json,08003ea684cb1bf3a3bc88a1e8420d778d4addf22b785ff612f0745d75393d8b,08003ea684cb1bf3a3bc88a1e8420d778d4addf22b785ff612f0745d75393d8b,True,calc_08003ea684cb1bf3
1_b3lyp_pcm,B3LYP / PCM,conformer_candidate,True,barbituric_acid_nlink_ribose,data/calculations/calc_4f5a7381e2b6ded5/record.json,4f5a7381e2b6ded52e4569321d702d4f39c4d0bc0447d91bdbce1e2d31f62616,4f5a7381e2b6ded52e4569321d702d4f39c4d0bc0447d91bdbce1e2d31f62616,True,calc_4f5a7381e2b6ded5
1_b3lyp_pcm,B3LYP / PCM,conformer_candidate,True,barbituric_acid_nlink_ribose_phosphate,data/calculations/calc_3ace63afce64566c/record.json,3ace63afce64566ca692e303d6c0739f4b699da48016ded6f405add803b5db3b,3ace63afce64566ca692e303d6c0739f4b699da48016ded6f405add803b5db3b,True,calc_3ace63afce64566c
1_b3lyp_pcm,B3LYP / PCM,conformer_candidate,True,barbituric_acid_nlink_ribose_phosphate,data/calculations/calc_7de52b9db685b71c/record.json,7de52b9db685b71c02423ec70b76b65e0c1df5b4dda5cd5d0b09f1a5f0f1fde5,7de52b9db685b71c02423ec70b76b65e0c1df5b4dda5cd5d0b09f1a5f0f1fde5,True,calc_7de52b9db685b71c
1_b3lyp_pcm,B3LYP / PCM,conformer_candidate,True,barbituric_acid_nlink_ribose_phosphate,data/calculations/calc_2a5469107ea1af99/record.json,2a5469107ea1af991bd41fcdd4c998577fd687872d38b13616c24dc453c6e920,2a5469107ea1af991bd41fcdd4c998577fd687872d38b13616c24dc453c6e920,True,calc_2a5469107ea1af99
1_b3lyp_pcm,B3LYP / PCM,conformer_candidate,True,cyanuric_acid_nlink,data/calculations/calc_51c2f3ea6aae4f49/record.json,51c2f3ea6aae4f49d1434baa74ae5c0bda693d6ccb4412be0de077b25693c31a,51c2f3ea6aae4f49d1434baa74ae5c0bda693d6ccb4412be0de077b25693c31a,True,calc_51c2f3ea6aae4f49
1_b3lyp_pcm,B3LYP / PCM,conformer_candidate,True,cyanuric_acid_nlink_ribose,data/calculations/calc_3c702ab51f529882/record.json,3c702ab51f529882b8b4c1f8fbebeb3de9c670ec8a5db793b776df5caeb85e43,3c702ab51f529882b8b4c1f8fbebeb3de9c670ec8a5db793b776df5caeb85e43,True,calc_3c702ab51f529882
1_b3lyp_pcm,B3LYP / PCM,conformer_candidate,True,cyanuric_acid_nlink_ribose,data/calculations/calc_e968dd39aaf627eb/record.json,e968dd39aaf627eb0809e670572fade1e85c75a4047f0f9306c7d8db521fa17c,e968dd39aaf627eb0809e670572fade1e85c75a4047f0f9306c7d8db521fa17c,True,calc_e968dd39aaf627eb
1_b3lyp_pcm,B3LYP / PCM,conformer_candidate,True,cyanuric_acid_nlink_ribose,data/calculations/calc_497a0b04503b1b8b/record.json,497a0b04503b1b8bf2206061b75a9e517cecba3b565cfbbcf4fdc7751c76f1ae,497a0b04503b1b8bf2206061b75a9e517cecba3b565cfbbcf4fdc7751c76f1ae,True,calc_497a0b04503b1b8b
1_b3lyp_pcm,B3LYP / PCM,conformer_candidate,True,cyanuric_acid_nlink_ribose,data/calculations/calc_af642e8b0aa1e185/record.json,af642e8b0aa1e1855941bc61981f54024121b8cebb2d24b19a800216ca876723,af642e8b0aa1e1855941bc61981f54024121b8cebb2d24b19a800216ca876723,True,calc_af642e8b0aa1e185
1_b3lyp_pcm,B3LYP / PCM,conformer_candidate,True,cyanuric_acid_nlink_ribose_phosphate,data/calculations/calc_26ec58bd7524b4f3/record.json,26ec58bd7524b4f3fe535539340c3783e6ace6d5767c321e12f6f7880a2f4214,26ec58bd7524b4f3fe535539340c3783e6ace6d5767c321e12f6f7880a2f4214,True,calc_26ec58bd7524b4f3
1_b3lyp_pcm,B3LYP / PCM,conformer_candidate,True,cyanuric_acid_nlink_ribose_phosphate,data/calculations/calc_907a99946fc5539a/record.json,907a99946fc5539a644c415c9e3b59dbcc9c35d26201bbaa917703022ef3e557,907a99946fc5539a644c415c9e3b59dbcc9c35d26201bbaa917703022ef3e557,True,calc_907a99946fc5539a
1_b3lyp_pcm,B3LYP / PCM,conformer_candidate,True,cyanuric_acid_nlink_ribose_phosphate,data/calculations/calc_96d8ce6176ad9624/record.json,96d8ce6176ad9624bd04d8ee564c6019bcdbe97d3a16994254578793b5842868,96d8ce6176ad9624bd04d8ee564c6019bcdbe97d3a16994254578793b5842868,True,calc_96d8ce6176ad9624
1_b3lyp_pcm,B3LYP / PCM,conformer_candidate,True,cytosine,data/calculations/calc_134efc3e90289083/record.json,134efc3e902890838e2e9367d54d8a98c251714b7257dbdb121c542d0adda26d,134efc3e902890838e2e9367d54d8a98c251714b7257dbdb121c542d0adda26d,True,calc_134efc3e90289083
1_b3lyp_pcm,B3LYP / PCM,conformer_candidate,True,cytosine_ribose,data/calculations/calc_bc8b49c19f1cfefa/record.json,bc8b49c19f1cfefaa4f0b749f41aed70833196b8aea9485160798d455ff420df,bc8b49c19f1cfefaa4f0b749f41aed70833196b8aea9485160798d455ff420df,True,calc_bc8b49c19f1cfefa
1_b3lyp_pcm,B3LYP / PCM,conformer_candidate,True,cytosine_ribose,data/calculations/calc_70a1afe23b704cc1/record.json,70a1afe23b704cc1dd94eec99e043d5c7893b2b86140fda97adca875b7d5e607,70a1afe23b704cc1dd94eec99e043d5c7893b2b86140fda97adca875b7d5e607,True,calc_70a1afe23b704cc1
1_b3lyp_pcm,B3LYP / PCM,conformer_candidate,True,cytosine_ribose,data/calculations/calc_35c16c09bf59768c/record.json,35c16c09bf59768c605a1ada83e29cd5efdaf53c9c95dcc5456569f0405f80ba,35c16c09bf59768c605a1ada83e29cd5efdaf53c9c95dcc5456569f0405f80ba,True,calc_35c16c09bf59768c
1_b3lyp_pcm,B3LYP / PCM,conformer_candidate,True,cytosine_ribose,data/calculations/calc_37bcfc83bab04f8a/record.json,37bcfc83bab04f8ae225fb8cf51b17b48b2d737677eb54cf0a2c3b11686a5f54,37bcfc83bab04f8ae225fb8cf51b17b48b2d737677eb54cf0a2c3b11686a5f54,True,calc_37bcfc83bab04f8a
1_b3lyp_pcm,B3LYP / PCM,conformer_candidate,True,cytosine_ribose,data/calculations/calc_03cc711480b12784/record.json,03cc711480b127848f67aab1a34c2b5137d465d3716ac86e107b1a017052d7e7,03cc711480b127848f67aab1a34c2b5137d465d3716ac86e107b1a017052d7e7,True,calc_03cc711480b12784
1_b3lyp_pcm,B3LYP / PCM,conformer_candidate,True,cytosine_ribose,data/calculations/calc_830a46d1ab2d89b1/record.json,830a46d1ab2d89b101ef0c84c7471ad2bf0d00416f236280d851310e65242520,830a46d1ab2d89b101ef0c84c7471ad2bf0d00416f236280d851310e65242520,True,calc_830a46d1ab2d89b1
1_b3lyp_pcm,B3LYP / PCM,conformer_candidate,True,cytosine_ribose_phosphate,data/calculations/calc_73ec8ea041c3fef0/record.json,73ec8ea041c3fef0e71f88490d8f705917c2902e807b681b649749c31e96bc14,73ec8ea041c3fef0e71f88490d8f705917c2902e807b681b649749c31e96bc14,True,calc_73ec8ea041c3fef0
1_b3lyp_pcm,B3LYP / PCM,conformer_candidate,True,cytosine_ribose_phosphate,data/calculations/calc_dd1d3c434cc385e2/record.json,dd1d3c434cc385e250f539436788aa957dda6ed37daa2c2f32c8ceac3e312a16,dd1d3c434cc385e250f539436788aa957dda6ed37daa2c2f32c8ceac3e312a16,True,calc_dd1d3c434cc385e2
1_b3lyp_pcm,B3LYP / PCM,conformer_candidate,True,cytosine_ribose_phosphate,data/calculations/calc_c361a8ca84c4d8f6/record.json,c361a8ca84c4d8f6c3f595bf27d550594f7dc1359afbd70664454d72e74863da,c361a8ca84c4d8f6c3f595bf27d550594f7dc1359afbd70664454d72e74863da,True,calc_c361a8ca84c4d8f6
1_b3lyp_pcm,B3LYP / PCM,conformer_candidate,True,cytosine_ribose_phosphate,data/calculations/calc_9f2bdd9c41fe820c/record.json,9f2bdd9c41fe820cdf2d371524040701887ee7537c925c6a5de22cf75ef886db,9f2bdd9c41fe820cdf2d371524040701887ee7537c925c6a5de22cf75ef886db,True,calc_9f2bdd9c41fe820c
1_b3lyp_pcm,B3LYP / PCM,conformer_candidate,True,cytosine_ribose_phosphate,data/calculations/calc_fff03848f43180e0/record.json,fff03848f43180e01a21257ac33baa06ede92b128a8b88516bb716e73d2273b0,fff03848f43180e01a21257ac33baa06ede92b128a8b88516bb716e73d2273b0,True,calc_fff03848f43180e0
1_b3lyp_pcm,B3LYP / PCM,conformer_candidate,True,cytosine_ribose_phosphate,data/calculations/calc_c5eebeb27b999d66/record.json,c5eebeb27b999d667f7d4c0ed520ce13f1d61a6365f37a30f9a92c690c9d6a8d,c5eebeb27b999d667f7d4c0ed520ce13f1d61a6365f37a30f9a92c690c9d6a8d,True,calc_c5eebeb27b999d66
1_b3lyp_pcm,B3LYP / PCM,conformer_candidate,True,cytosine_ribose_phosphate,data/calculations/calc_6f912d137c0aee92/record.json,6f912d137c0aee926dffc853fe6379dc03fe79b8970934c0273e381ae8b7f799,6f912d137c0aee926dffc853fe6379dc03fe79b8970934c0273e381ae8b7f799,True,calc_6f912d137c0aee92
1_b3lyp_pcm,B3LYP / PCM,conformer_candidate,True,dihydrouracil,data/calculations/calc_99e961bc99a08e31/record.json,99e961bc99a08e315fe259d8ca99c7843ed3d865a24ba807a4d5e8774e5a6c8e,99e961bc99a08e315fe259d8ca99c7843ed3d865a24ba807a4d5e8774e5a6c8e,True,calc_99e961bc99a08e31
1_b3lyp_pcm,B3LYP / PCM,conformer_candidate,True,dihydrouracil_ribose,data/calculations/calc_83f2523565472fb4/record.json,83f2523565472fb41bf181ea46af0d8865db4a0ade49a66ecd59bec9e21043a9,83f2523565472fb41bf181ea46af0d8865db4a0ade49a66ecd59bec9e21043a9,True,calc_83f2523565472fb4
1_b3lyp_pcm,B3LYP / PCM,conformer_candidate,True,dihydrouracil_ribose,data/calculations/calc_1a56152b6a2152e9/record.json,1a56152b6a2152e9fa9279604ac1fde65fea4733554223af6ef2dd9bd42afc21,1a56152b6a2152e9fa9279604ac1fde65fea4733554223af6ef2dd9bd42afc21,True,calc_1a56152b6a2152e9
1_b3lyp_pcm,B3LYP / PCM,conformer_candidate,True,dihydrouracil_ribose,data/calculations/calc_2307812a37c1a853/record.json,2307812a37c1a8536af18288843af960019a234a4058f2bec414731c7e4c75b4,2307812a37c1a8536af18288843af960019a234a4058f2bec414731c7e4c75b4,True,calc_2307812a37c1a853
1_b3lyp_pcm,B3LYP / PCM,conformer_candidate,True,dihydrouracil_ribose,data/calculations/calc_c5d86e8d05757386/record.json,c5d86e8d057573866efd959372f0862c75a10987e28c566c1867580ea44ed1d6,c5d86e8d057573866efd959372f0862c75a10987e28c566c1867580ea44ed1d6,True,calc_c5d86e8d05757386
1_b3lyp_pcm,B3LYP / PCM,conformer_candidate,True,dihydrouracil_ribose,data/calculations/calc_7415e77ee687e04b/record.json,7415e77ee687e04b7ece12e47f75f3771501c360bd4fa36392619aaaf2643a78,7415e77ee687e04b7ece12e47f75f3771501c360bd4fa36392619aaaf2643a78,True,calc_7415e77ee687e04b
1_b3lyp_pcm,B3LYP / PCM,conformer_candidate,True,dihydrouracil_ribose,data/calculations/calc_17947d0ee3ed9cdc/record.json,17947d0ee3ed9cdc16fcc1b9c6810e71e6d91a26119f5abb48235aeb4187b8e4,17947d0ee3ed9cdc16fcc1b9c6810e71e6d91a26119f5abb48235aeb4187b8e4,True,calc_17947d0ee3ed9cdc
1_b3lyp_pcm,B3LYP / PCM,conformer_candidate,True,dihydrouracil_ribose_phosphate,data/calculations/calc_a7a48aa5ca50823a/record.json,a7a48aa5ca50823aa185ed069fb3f88dd00ddc005023e7d3a962267e1a2e75e5,a7a48aa5ca50823aa185ed069fb3f88dd00ddc005023e7d3a962267e1a2e75e5,True,calc_a7a48aa5ca50823a
1_b3lyp_pcm,B3LYP / PCM,conformer_candidate,True,dihydrouracil_ribose_phosphate,data/calculations/calc_d8291f964903a723/record.json,d8291f964903a723ad6263dbacd3e5501a3e2aaf5b95eea962eb6d50e30555cd,d8291f964903a723ad6263dbacd3e5501a3e2aaf5b95eea962eb6d50e30555cd,True,calc_d8291f964903a723
1_b3lyp_pcm,B3LYP / PCM,conformer_candidate,True,dihydrouracil_ribose_phosphate,data/calculations/calc_41c59badfb206e78/record.json,41c59badfb206e78101f4c23618bf7a6ee594506acd676eec35657b9c99675d6,41c59badfb206e78101f4c23618bf7a6ee594506acd676eec35657b9c99675d6,True,calc_41c59badfb206e78
1_b3lyp_pcm,B3LYP / PCM,conformer_candidate,True,dihydrouracil_ribose_phosphate,data/calculations/calc_3aaca4b39fd0c75b/record.json,3aaca4b39fd0c75b7611857e5cf006370c5eac2ed08bd359ec93ecfec9a1bbd2,3aaca4b39fd0c75b7611857e5cf006370c5eac2ed08bd359ec93ecfec9a1bbd2,True,calc_3aaca4b39fd0c75b
1_b3lyp_pcm,B3LYP / PCM,conformer_candidate,True,dihydrouracil_ribose_phosphate,data/calculations/calc_bf334ede74e3ec76/record.json,bf334ede74e3ec76575409e037c2d52e3634b3fa7b2cea78f22b49953bd130f6,bf334ede74e3ec76575409e037c2d52e3634b3fa7b2cea78f22b49953bd130f6,True,calc_bf334ede74e3ec76
1_b3lyp_pcm,B3LYP / PCM,conformer_candidate,True,guanine,data/calculations/calc_a091e116d6de97ca/record.json,a091e116d6de97ca9d73516d74777b53852f11fec4b6b706f6bcf32df6052846,a091e116d6de97ca9d73516d74777b53852f11fec4b6b706f6bcf32df6052846,True,calc_a091e116d6de97ca
1_b3lyp_pcm,B3LYP / PCM,conformer_candidate,True,guanine_ribose,data/calculations/calc_7973bf39cf426fad/record.json,7973bf39cf426fadad4c53d35196bfef90c11f67e621dd948294eae791f9e55e,7973bf39cf426fadad4c53d35196bfef90c11f67e621dd948294eae791f9e55e,True,calc_7973bf39cf426fad
1_b3lyp_pcm,B3LYP / PCM,conformer_candidate,True,guanine_ribose,data/calculations/calc_7cf045fba1ceadc6/record.json,7cf045fba1ceadc6fb7e57ef3dc05378b0f5410b5a9ff91650fcefe067fade9d,7cf045fba1ceadc6fb7e57ef3dc05378b0f5410b5a9ff91650fcefe067fade9d,True,calc_7cf045fba1ceadc6
1_b3lyp_pcm,B3LYP / PCM,conformer_candidate,True,guanine_ribose,data/calculations/calc_1c737c8a2a03ac94/record.json,1c737c8a2a03ac948fc6d1372c00a3b017332995489d4990b939cabd7c5f0655,1c737c8a2a03ac948fc6d1372c00a3b017332995489d4990b939cabd7c5f0655,True,calc_1c737c8a2a03ac94
1_b3lyp_pcm,B3LYP / PCM,conformer_candidate,True,guanine_ribose,data/calculations/calc_3b73f2dc785d5acf/record.json,3b73f2dc785d5acf97bba9b507da862f6e023df336bf9b58e305e443c569f0cb,3b73f2dc785d5acf97bba9b507da862f6e023df336bf9b58e305e443c569f0cb,True,calc_3b73f2dc785d5acf
1_b3lyp_pcm,B3LYP / PCM,conformer_candidate,True,guanine_ribose,data/calculations/calc_6893b0227250c583/record.json,6893b0227250c5837fe3ffe932c6c4ff15883ec826f5aa4c994575c2b8c47a66,6893b0227250c5837fe3ffe932c6c4ff15883ec826f5aa4c994575c2b8c47a66,True,calc_6893b0227250c583
1_b3lyp_pcm,B3LYP / PCM,conformer_candidate,True,guanine_ribose_phosphate,data/calculations/calc_e3c204086afc6be0/record.json,e3c204086afc6be0124455550bd07a20b6eaa8c10241fc22acb8a886e355c022,e3c204086afc6be0124455550bd07a20b6eaa8c10241fc22acb8a886e355c022,True,calc_e3c204086afc6be0
1_b3lyp_pcm,B3LYP / PCM,conformer_candidate,True,guanine_ribose_phosphate,data/calculations/calc_3aad2676410e3727/record.json,3aad2676410e3727fec593b76a5fd472f98c464bf34bfe9440f0d9202275cd0b,3aad2676410e3727fec593b76a5fd472f98c464bf34bfe9440f0d9202275cd0b,True,calc_3aad2676410e3727
1_b3lyp_pcm,B3LYP / PCM,conformer_candidate,True,guanine_ribose_phosphate,data/calculations/calc_0766aefcf300dceb/record.json,0766aefcf300dcebb89293dee8c234b6f62eeb6db8b8c2440b36488beb776107,0766aefcf300dcebb89293dee8c234b6f62eeb6db8b8c2440b36488beb776107,True,calc_0766aefcf300dceb
1_b3lyp_pcm,B3LYP / PCM,conformer_candidate,True,guanine_ribose_phosphate,data/calculations/calc_c86a1f2350ca7a79/record.json,c86a1f2350ca7a79822a0d57e08b15a72114b1f13e3cca3dc1873fb787416dce,c86a1f2350ca7a79822a0d57e08b15a72114b1f13e3cca3dc1873fb787416dce,True,calc_c86a1f2350ca7a79
1_b3lyp_pcm,B3LYP / PCM,conformer_candidate,True,guanine_ribose_phosphate,data/calculations/calc_5cbeee002649ab4c/record.json,5cbeee002649ab4c59a4ddca241701e4291464b5ce0db63f2e15600298f44750,5cbeee002649ab4c59a4ddca241701e4291464b5ce0db63f2e15600298f44750,True,calc_5cbeee002649ab4c
1_b3lyp_pcm,B3LYP / PCM,conformer_candidate,True,guanine_ribose_phosphate,data/calculations/calc_6f3fadf98efb8443/record.json,6f3fadf98efb8443bf26b10f1d4687ad26fe988e7cfc58f54019cd53f9078fcf,6f3fadf98efb8443bf26b10f1d4687ad26fe988e7cfc58f54019cd53f9078fcf,True,calc_6f3fadf98efb8443
1_b3lyp_pcm,B3LYP / PCM,conformer_candidate,True,guanine_ribose_phosphate,data/calculations/calc_bebffc90ac2d06ca/record.json,bebffc90ac2d06ca22bb59bc72138b2cec87839853f8e516e944a13c80c6c4d1,bebffc90ac2d06ca22bb59bc72138b2cec87839853f8e516e944a13c80c6c4d1,True,calc_bebffc90ac2d06ca
1_b3lyp_pcm,B3LYP / PCM,conformer_candidate,True,hypoxanthine,data/calculations/calc_c24a0cb0be829e84/record.json,c24a0cb0be829e84fa38b5531b785a8aac60f3d244ed337d4f472d12a114a2ad,c24a0cb0be829e84fa38b5531b785a8aac60f3d244ed337d4f472d12a114a2ad,True,calc_c24a0cb0be829e84
1_b3lyp_pcm,B3LYP / PCM,conformer_candidate,True,hypoxanthine_ribose,data/calculations/calc_4964087490e41f55/record.json,4964087490e41f557ca074b88b6c1000e6abac139237eea7e7528f140aa4337a,4964087490e41f557ca074b88b6c1000e6abac139237eea7e7528f140aa4337a,True,calc_4964087490e41f55
1_b3lyp_pcm,B3LYP / PCM,conformer_candidate,True,hypoxanthine_ribose,data/calculations/calc_aa14d9bca0bb84b5/record.json,aa14d9bca0bb84b50e43763491323f3cd15ee9546da88be9b6c5c3bedd62273f,aa14d9bca0bb84b50e43763491323f3cd15ee9546da88be9b6c5c3bedd62273f,True,calc_aa14d9bca0bb84b5
1_b3lyp_pcm,B3LYP / PCM,conformer_candidate,True,hypoxanthine_ribose,data/calculations/calc_70f6acb805d3c805/record.json,70f6acb805d3c8054dc157b5c7a24b1945cbf3d6079667290b93eb5467727448,70f6acb805d3c8054dc157b5c7a24b1945cbf3d6079667290b93eb5467727448,True,calc_70f6acb805d3c805
1_b3lyp_pcm,B3LYP / PCM,conformer_candidate,True,hypoxanthine_ribose,data/calculations/calc_0bb453e036a99e18/record.json,0bb453e036a99e184c22e0d59e83c8997089cb3627617b1e6c361aa3ee06064d,0bb453e036a99e184c22e0d59e83c8997089cb3627617b1e6c361aa3ee06064d,True,calc_0bb453e036a99e18
1_b3lyp_pcm,B3LYP / PCM,conformer_candidate,True,hypoxanthine_ribose,data/calculations/calc_2c5d03c6c8b02656/record.json,2c5d03c6c8b026562d58d4c2a4f3c9ef8b3356ff88139fb1573a08f71c5666c5,2c5d03c6c8b026562d58d4c2a4f3c9ef8b3356ff88139fb1573a08f71c5666c5,True,calc_2c5d03c6c8b02656
1_b3lyp_pcm,B3LYP / PCM,conformer_candidate,True,hypoxanthine_ribose_phosphate,data/calculations/calc_67f510584130e945/record.json,67f510584130e9452d3b527b132d997655d7dbb8288f807af565165adf7b8b20,67f510584130e9452d3b527b132d997655d7dbb8288f807af565165adf7b8b20,True,calc_67f510584130e945
1_b3lyp_pcm,B3LYP / PCM,conformer_candidate,True,hypoxanthine_ribose_phosphate,data/calculations/calc_fb123ef5cc4bc102/record.json,fb123ef5cc4bc102e816a72ba64db6236afee75f36c34f374a31ce052dfe07a1,fb123ef5cc4bc102e816a72ba64db6236afee75f36c34f374a31ce052dfe07a1,True,calc_fb123ef5cc4bc102
1_b3lyp_pcm,B3LYP / PCM,conformer_candidate,True,hypoxanthine_ribose_phosphate,data/calculations/calc_34f733f79dbbb4ef/record.json,34f733f79dbbb4ef791229d7d1e0159e35caa114ecf31dec71c7eb323f6fe736,34f733f79dbbb4ef791229d7d1e0159e35caa114ecf31dec71c7eb323f6fe736,True,calc_34f733f79dbbb4ef
1_b3lyp_pcm,B3LYP / PCM,conformer_candidate,True,hypoxanthine_ribose_phosphate,data/calculations/calc_f7835dfddd84e750/record.json,f7835dfddd84e750506fe6f99a833e7eec8d4621791cb501e0acb7937c188269,f7835dfddd84e750506fe6f99a833e7eec8d4621791cb501e0acb7937c188269,True,calc_f7835dfddd84e750
1_b3lyp_pcm,B3LYP / PCM,conformer_candidate,True,hypoxanthine_ribose_phosphate,data/calculations/calc_10299313568422d2/record.json,10299313568422d279044acece1027da96a4dffbab48cb823f88ed0eb3d0e4c9,10299313568422d279044acece1027da96a4dffbab48cb823f88ed0eb3d0e4c9,True,calc_10299313568422d2
1_b3lyp_pcm,B3LYP / PCM,conformer_candidate,True,hypoxanthine_ribose_phosphate,data/calculations/calc_706acf64f1683d4e/record.json,706acf64f1683d4e44ebbbb15601a30e2ebbf20ac2fc86709f0ee22e473cd700,706acf64f1683d4e44ebbbb15601a30e2ebbf20ac2fc86709f0ee22e473cd700,True,calc_706acf64f1683d4e
1_b3lyp_pcm,B3LYP / PCM,conformer_candidate,True,hypoxanthine_ribose_phosphate,data/calculations/calc_c857c5a0105ea852/record.json,c857c5a0105ea852b82234aaa0aa9edc23e0c74f3a641ef305299fc946c18bd3,c857c5a0105ea852b82234aaa0aa9edc23e0c74f3a641ef305299fc946c18bd3,True,calc_c857c5a0105ea852
1_b3lyp_pcm,B3LYP / PCM,conformer_candidate,True,imidazole,data/calculations/calc_86aab83ecc0914ce/record.json,86aab83ecc0914ceb327ad107725f91ab2526bd5e0343022790d4a5d87e81114,86aab83ecc0914ceb327ad107725f91ab2526bd5e0343022790d4a5d87e81114,True,calc_86aab83ecc0914ce
1_b3lyp_pcm,B3LYP / PCM,conformer_candidate,True,imidazole_2_carboxylic_acid,data/calculations/calc_6323fbb0eead07d5/record.json,6323fbb0eead07d5c8189824cfc82d06ed06cba238a919a26f17a1ef0c9ead64,6323fbb0eead07d5c8189824cfc82d06ed06cba238a919a26f17a1ef0c9ead64,True,calc_6323fbb0eead07d5
1_b3lyp_pcm,B3LYP / PCM,conformer_candidate,True,imidazole_2_carboxylic_acid,data/calculations/calc_67ddb66290e3abfb/record.json,67ddb66290e3abfb40df6aff204ab1a9f088f4dc436535c7018512bb10368a0d,67ddb66290e3abfb40df6aff204ab1a9f088f4dc436535c7018512bb10368a0d,True,calc_67ddb66290e3abfb
1_b3lyp_pcm,B3LYP / PCM,conformer_candidate,True,imidazole_2_carboxylic_acid_ribose,data/calculations/calc_59a42f27feac7e7c/record.json,59a42f27feac7e7cb7371a0ea6f905f6401b9f73c6666199fe2e241458e3784f,59a42f27feac7e7cb7371a0ea6f905f6401b9f73c6666199fe2e241458e3784f,True,calc_59a42f27feac7e7c
1_b3lyp_pcm,B3LYP / PCM,conformer_candidate,True,imidazole_2_carboxylic_acid_ribose,data/calculations/calc_ddbd7d6cd7bcbc4c/record.json,ddbd7d6cd7bcbc4cdc92ef6574ab630d8dfdea1c362baac1b0689ce126724d74,ddbd7d6cd7bcbc4cdc92ef6574ab630d8dfdea1c362baac1b0689ce126724d74,True,calc_ddbd7d6cd7bcbc4c
1_b3lyp_pcm,B3LYP / PCM,conformer_candidate,True,imidazole_2_carboxylic_acid_ribose,data/calculations/calc_a086cbecc4a79b9a/record.json,a086cbecc4a79b9af5f121b8670695b7ff51c46ff3b153e284bff0d17eba7831,a086cbecc4a79b9af5f121b8670695b7ff51c46ff3b153e284bff0d17eba7831,True,calc_a086cbecc4a79b9a
1_b3lyp_pcm,B3LYP / PCM,conformer_candidate,True,imidazole_2_carboxylic_acid_ribose,data/calculations/calc_cfc9a2caa663a672/record.json,cfc9a2caa663a6723a357262981e8fbd9eb0661ba028e64486e7d2e09bba929e,cfc9a2caa663a6723a357262981e8fbd9eb0661ba028e64486e7d2e09bba929e,True,calc_cfc9a2caa663a672
1_b3lyp_pcm,B3LYP / PCM,conformer_candidate,True,imidazole_2_carboxylic_acid_ribose,data/calculations/calc_655ec0f917222576/record.json,655ec0f917222576169b7a2b2322fcca12bf6348f7eecc56d1ea490ae6eea48a,655ec0f917222576169b7a2b2322fcca12bf6348f7eecc56d1ea490ae6eea48a,True,calc_655ec0f917222576
1_b3lyp_pcm,B3LYP / PCM,conformer_candidate,True,imidazole_2_carboxylic_acid_ribose,data/calculations/calc_53d55d25faa7cb2a/record.json,53d55d25faa7cb2aa19c283df689afefbd241490f7b5fe9e91bc8d875cdf7956,53d55d25faa7cb2aa19c283df689afefbd241490f7b5fe9e91bc8d875cdf7956,True,calc_53d55d25faa7cb2a
1_b3lyp_pcm,B3LYP / PCM,conformer_candidate,True,imidazole_2_carboxylic_acid_ribose_phosphate,data/calculations/calc_5d2fa492b1a489f7/record.json,5d2fa492b1a489f7f13663cda759c666e9afb51f8859278f1dcad5d72958ec7a,5d2fa492b1a489f7f13663cda759c666e9afb51f8859278f1dcad5d72958ec7a,True,calc_5d2fa492b1a489f7
1_b3lyp_pcm,B3LYP / PCM,conformer_candidate,True,imidazole_2_carboxylic_acid_ribose_phosphate,data/calculations/calc_d202d21dfb39f66b/record.json,d202d21dfb39f66b0c7ed1d1b9c064d8f1e39eaf67ab92aadd879965f4d9280f,d202d21dfb39f66b0c7ed1d1b9c064d8f1e39eaf67ab92aadd879965f4d9280f,True,calc_d202d21dfb39f66b
1_b3lyp_pcm,B3LYP / PCM,conformer_candidate,True,imidazole_2_carboxylic_acid_ribose_phosphate,data/calculations/calc_c921217b0ad50215/record.json,c921217b0ad502152212245657562c2a16cce5de8bbf29a2dd2944d2c59551cd,c921217b0ad502152212245657562c2a16cce5de8bbf29a2dd2944d2c59551cd,True,calc_c921217b0ad50215
1_b3lyp_pcm,B3LYP / PCM,conformer_candidate,True,imidazole_2_carboxylic_acid_ribose_phosphate,data/calculations/calc_efcba939421d0874/record.json,efcba939421d0874d26450d5041393471317344aa6cf3c96e3f0cdec212f703b,efcba939421d0874d26450d5041393471317344aa6cf3c96e3f0cdec212f703b,True,calc_efcba939421d0874
1_b3lyp_pcm,B3LYP / PCM,conformer_candidate,True,imidazole_2_carboxylic_acid_ribose_phosphate,data/calculations/calc_a2a94330789aa392/record.json,a2a94330789aa392228fe2c4bba3da9ba60637c9a08ac60cebd8c1486acdcdf5,a2a94330789aa392228fe2c4bba3da9ba60637c9a08ac60cebd8c1486acdcdf5,True,calc_a2a94330789aa392
1_b3lyp_pcm,B3LYP / PCM,conformer_candidate,True,imidazole_2_carboxylic_acid_ribose_phosphate,data/calculations/calc_c379ce33a86930c1/record.json,c379ce33a86930c1a7d6f609bc66af113da8f45aa3e6c6aed0981451dfdc10e6,c379ce33a86930c1a7d6f609bc66af113da8f45aa3e6c6aed0981451dfdc10e6,True,calc_c379ce33a86930c1
1_b3lyp_pcm,B3LYP / PCM,conformer_candidate,True,imidazole_2_carboxylic_acid_ribose_phosphate,data/calculations/calc_2912cb24b0f8f665/record.json,2912cb24b0f8f6654e1837edbba1c1851d0fa0eea9fd9d9bb2de5ed640a14605,2912cb24b0f8f6654e1837edbba1c1851d0fa0eea9fd9d9bb2de5ed640a14605,True,calc_2912cb24b0f8f665
1_b3lyp_pcm,B3LYP / PCM,conformer_candidate,True,imidazole_ribose,data/calculations/calc_895de7d89606a543/record.json,895de7d89606a54322c0e633600dcf79e2a6b34543fdf1858ab228b39612b9c8,895de7d89606a54322c0e633600dcf79e2a6b34543fdf1858ab228b39612b9c8,True,calc_895de7d89606a543
1_b3lyp_pcm,B3LYP / PCM,conformer_candidate,True,imidazole_ribose,data/calculations/calc_d576f5e9e4317b8f/record.json,d576f5e9e4317b8f2108461a31595f9b1448f5e7f0d43be1c7a51c2939959a58,d576f5e9e4317b8f2108461a31595f9b1448f5e7f0d43be1c7a51c2939959a58,True,calc_d576f5e9e4317b8f
1_b3lyp_pcm,B3LYP / PCM,conformer_candidate,True,imidazole_ribose,data/calculations/calc_1b8957e20a266a8b/record.json,1b8957e20a266a8b7d2742a1f6562d60c1c5a035dc1d7e1e72ef378f4017193b,1b8957e20a266a8b7d2742a1f6562d60c1c5a035dc1d7e1e72ef378f4017193b,True,calc_1b8957e20a266a8b
1_b3lyp_pcm,B3LYP / PCM,conformer_candidate,True,imidazole_ribose,data/calculations/calc_67c0ccd51ab4dd66/record.json,67c0ccd51ab4dd662f4aef25973324d1b47f35cf5b9fe1da37ac446511e27ca4,67c0ccd51ab4dd662f4aef25973324d1b47f35cf5b9fe1da37ac446511e27ca4,True,calc_67c0ccd51ab4dd66
1_b3lyp_pcm,B3LYP / PCM,conformer_candidate,True,imidazole_ribose,data/calculations/calc_dcab6e91447c1705/record.json,dcab6e91447c170539f25dc2fb7e89b1471d97a1bd39bd31122ce50524171046,dcab6e91447c170539f25dc2fb7e89b1471d97a1bd39bd31122ce50524171046,True,calc_dcab6e91447c1705
1_b3lyp_pcm,B3LYP / PCM,conformer_candidate,True,imidazole_ribose,data/calculations/calc_68dce74d32dbd762/record.json,68dce74d32dbd76261ef81a194a02ad96576fdefa627a222b1d35cd430fd3f14,68dce74d32dbd76261ef81a194a02ad96576fdefa627a222b1d35cd430fd3f14,True,calc_68dce74d32dbd762
1_b3lyp_pcm,B3LYP / PCM,conformer_candidate,True,imidazole_ribose_phosphate,data/calculations/calc_0fc80346cb0cfb89/record.json,0fc80346cb0cfb8958a1ed73b2ef392e756ccd747b063cf9fd7b06410aa0c846,0fc80346cb0cfb8958a1ed73b2ef392e756ccd747b063cf9fd7b06410aa0c846,True,calc_0fc80346cb0cfb89
1_b3lyp_pcm,B3LYP / PCM,conformer_candidate,True,imidazole_ribose_phosphate,data/calculations/calc_2037d7c3b7321ddf/record.json,2037d7c3b7321ddfa94edb33abbfe39e44b4745982dcd413008526f47cfad797,2037d7c3b7321ddfa94edb33abbfe39e44b4745982dcd413008526f47cfad797,True,calc_2037d7c3b7321ddf
1_b3lyp_pcm,B3LYP / PCM,conformer_candidate,True,imidazole_ribose_phosphate,data/calculations/calc_c161a7e788757379/record.json,c161a7e788757379f28d4a4a02e7e4ce785b397b40d369d323e025bf19002fcf,c161a7e788757379f28d4a4a02e7e4ce785b397b40d369d323e025bf19002fcf,True,calc_c161a7e788757379
1_b3lyp_pcm,B3LYP / PCM,conformer_candidate,True,imidazole_ribose_phosphate,data/calculations/calc_dd0fff99c37c8199/record.json,dd0fff99c37c8199b373df61ece056658741b2c016ba9abf924f63fed26fdd32,dd0fff99c37c8199b373df61ece056658741b2c016ba9abf924f63fed26fdd32,True,calc_dd0fff99c37c8199
1_b3lyp_pcm,B3LYP / PCM,conformer_candidate,True,imidazole_ribose_phosphate,data/calculations/calc_8fa808175767f388/record.json,8fa808175767f38801d184961359b25c7ea8510023fdad2dd941353c2674ba31,8fa808175767f38801d184961359b25c7ea8510023fdad2dd941353c2674ba31,True,calc_8fa808175767f388
1_b3lyp_pcm,B3LYP / PCM,conformer_candidate,True,imidazole_ribose_phosphate,data/calculations/calc_ff7a6be11ae8f1a9/record.json,ff7a6be11ae8f1a9e75debe5b20546ff9dc4c7571d2fbee6f2c0d7eae968d12b,ff7a6be11ae8f1a9e75debe5b20546ff9dc4c7571d2fbee6f2c0d7eae968d12b,True,calc_ff7a6be11ae8f1a9
1_b3lyp_pcm,B3LYP / PCM,conformer_candidate,True,imidazole_ribose_phosphate,data/calculations/calc_217379cfb9bb4243/record.json,217379cfb9bb4243a27132a4505fc08d234b3bea6a0e87ea002e27441294b70f,217379cfb9bb4243a27132a4505fc08d234b3bea6a0e87ea002e27441294b70f,True,calc_217379cfb9bb4243
1_b3lyp_pcm,B3LYP / PCM,conformer_candidate,True,isocytosine,data/calculations/calc_632812ab1f35c957/record.json,632812ab1f35c957b73877265b7e7d299b70f3412c4e5feeabaa0896e2020ece,632812ab1f35c957b73877265b7e7d299b70f3412c4e5feeabaa0896e2020ece,True,calc_632812ab1f35c957
1_b3lyp_pcm,B3LYP / PCM,conformer_candidate,True,isocytosine_ribose,data/calculations/calc_26db644a050cbc88/record.json,26db644a050cbc88128d8c4ea64b4a26c0ec8a5086076dcb4b307dd9f35c4c64,26db644a050cbc88128d8c4ea64b4a26c0ec8a5086076dcb4b307dd9f35c4c64,True,calc_26db644a050cbc88
1_b3lyp_pcm,B3LYP / PCM,conformer_candidate,True,isocytosine_ribose,data/calculations/calc_b3206e392651470f/record.json,b3206e392651470fffef0cf27fe0e9c5bc5883c5cf2d9f9fd1b183ea57013d37,b3206e392651470fffef0cf27fe0e9c5bc5883c5cf2d9f9fd1b183ea57013d37,True,calc_b3206e392651470f
1_b3lyp_pcm,B3LYP / PCM,conformer_candidate,True,isocytosine_ribose,data/calculations/calc_b968676ef9b47ab6/record.json,b968676ef9b47ab617cdbed7b21e79cece367ee13fe5338a6079711f2a5bbcb6,b968676ef9b47ab617cdbed7b21e79cece367ee13fe5338a6079711f2a5bbcb6,True,calc_b968676ef9b47ab6
1_b3lyp_pcm,B3LYP / PCM,conformer_candidate,True,isocytosine_ribose,data/calculations/calc_39dd26d104c70154/record.json,39dd26d104c70154d714f722e2a6f4ad7a0d9309e8779af4ba231106378015f2,39dd26d104c70154d714f722e2a6f4ad7a0d9309e8779af4ba231106378015f2,True,calc_39dd26d104c70154
1_b3lyp_pcm,B3LYP / PCM,conformer_candidate,True,isocytosine_ribose,data/calculations/calc_854cd91e3e0b7b7d/record.json,854cd91e3e0b7b7d1a770abc182db8748c434ff4b6f67492c2c64dd20963e242,854cd91e3e0b7b7d1a770abc182db8748c434ff4b6f67492c2c64dd20963e242,True,calc_854cd91e3e0b7b7d
1_b3lyp_pcm,B3LYP / PCM,conformer_candidate,True,isocytosine_ribose,data/calculations/calc_ba6fa49138980b02/record.json,ba6fa49138980b02092577bf45bc752b1ff431ab13fbc2c3ff5aeefc45bb3f3e,ba6fa49138980b02092577bf45bc752b1ff431ab13fbc2c3ff5aeefc45bb3f3e,True,calc_ba6fa49138980b02
1_b3lyp_pcm,B3LYP / PCM,conformer_candidate,True,isocytosine_ribose_phosphate,data/calculations/calc_b3045d11afbaa902/record.json,b3045d11afbaa9027bf8420f1606c959c29d378bbd9c0dfe6c448e3391cd5e60,b3045d11afbaa9027bf8420f1606c959c29d378bbd9c0dfe6c448e3391cd5e60,True,calc_b3045d11afbaa902
1_b3lyp_pcm,B3LYP / PCM,conformer_candidate,True,isocytosine_ribose_phosphate,data/calculations/calc_663fec4b0d648b83/record.json,663fec4b0d648b836aa666b977e2779a0b6171a00d4b1431db3eb8af16fc7208,663fec4b0d648b836aa666b977e2779a0b6171a00d4b1431db3eb8af16fc7208,True,calc_663fec4b0d648b83
1_b3lyp_pcm,B3LYP / PCM,conformer_candidate,True,isocytosine_ribose_phosphate,data/calculations/calc_e1b3694e453efd6d/record.json,e1b3694e453efd6dfab3847bebe91a499cacd160fabc406caea5335f11dd6396,e1b3694e453efd6dfab3847bebe91a499cacd160fabc406caea5335f11dd6396,True,calc_e1b3694e453efd6d
1_b3lyp_pcm,B3LYP / PCM,conformer_candidate,True,isocytosine_ribose_phosphate,data/calculations/calc_78fe08a98c3fcc8b/record.json,78fe08a98c3fcc8ba1e576c22a614eb0d2fc1d24416fca3e6d8a8378349a0b5c,78fe08a98c3fcc8ba1e576c22a614eb0d2fc1d24416fca3e6d8a8378349a0b5c,True,calc_78fe08a98c3fcc8b
1_b3lyp_pcm,B3LYP / PCM,conformer_candidate,True,isocytosine_ribose_phosphate,data/calculations/calc_63f8b75b8679c7a5/record.json,63f8b75b8679c7a5584dcdba406eee6cc5371efea137bd6399f0fa477e14b103,63f8b75b8679c7a5584dcdba406eee6cc5371efea137bd6399f0fa477e14b103,True,calc_63f8b75b8679c7a5
1_b3lyp_pcm,B3LYP / PCM,conformer_candidate,True,isocytosine_ribose_phosphate,data/calculations/calc_b5998c8a957d090b/record.json,b5998c8a957d090b51cb6ac860f19e4c0720bac42056a7bfb74807dd1a8fc035,b5998c8a957d090b51cb6ac860f19e4c0720bac42056a7bfb74807dd1a8fc035,True,calc_b5998c8a957d090b
1_b3lyp_pcm,B3LYP / PCM,conformer_candidate,True,isocytosine_ribose_phosphate,data/calculations/calc_85d48d473e5d49cf/record.json,85d48d473e5d49cf915569fe513435d751c3ff3046e79c74a977f3269ca57a53,85d48d473e5d49cf915569fe513435d751c3ff3046e79c74a977f3269ca57a53,True,calc_85d48d473e5d49cf
1_b3lyp_pcm,B3LYP / PCM,conformer_candidate,True,melamine,data/calculations/calc_33fca431883e2cd5/record.json,33fca431883e2cd51d44f2fff85e8856507ddb719cf36b0deec8bc5136220703,33fca431883e2cd51d44f2fff85e8856507ddb719cf36b0deec8bc5136220703,True,calc_33fca431883e2cd5
1_b3lyp_pcm,B3LYP / PCM,conformer_candidate,True,melamine_ribose,data/calculations/calc_c3e30f1dec61c4dd/record.json,c3e30f1dec61c4dd837db95675ba302693d9e2a1be04a5704836b84b34968b99,c3e30f1dec61c4dd837db95675ba302693d9e2a1be04a5704836b84b34968b99,True,calc_c3e30f1dec61c4dd
1_b3lyp_pcm,B3LYP / PCM,conformer_candidate,True,melamine_ribose,data/calculations/calc_6860d94188298203/record.json,6860d9418829820398e734e8cb6c27374e2bd2132339c088305b2d7a448e2324,6860d9418829820398e734e8cb6c27374e2bd2132339c088305b2d7a448e2324,True,calc_6860d94188298203
1_b3lyp_pcm,B3LYP / PCM,conformer_candidate,True,melamine_ribose,data/calculations/calc_1bbcfea89d162128/record.json,1bbcfea89d1621284ab5b16a9a7c8bdc88187d7d40d8e797374cd05d39ab3369,1bbcfea89d1621284ab5b16a9a7c8bdc88187d7d40d8e797374cd05d39ab3369,True,calc_1bbcfea89d162128
1_b3lyp_pcm,B3LYP / PCM,conformer_candidate,True,melamine_ribose,data/calculations/calc_b818eb6e36db503a/record.json,b818eb6e36db503ad570d33354e91f4d735be4772ddbee6ee53ee919807ebd96,b818eb6e36db503ad570d33354e91f4d735be4772ddbee6ee53ee919807ebd96,True,calc_b818eb6e36db503a
1_b3lyp_pcm,B3LYP / PCM,conformer_candidate,True,melamine_ribose,data/calculations/calc_47c87a5e95e3b02e/record.json,47c87a5e95e3b02eb4d8e4fdb7b6266ce790c5f95ba58399fb7b808e62186aae,47c87a5e95e3b02eb4d8e4fdb7b6266ce790c5f95ba58399fb7b808e62186aae,True,calc_47c87a5e95e3b02e
1_b3lyp_pcm,B3LYP / PCM,conformer_candidate,True,melamine_ribose,data/calculations/calc_4a029c633b392b69/record.json,4a029c633b392b695e93cdaf191cd77ab3ed826e1a906383aaaa80bb2d58a7d0,4a029c633b392b695e93cdaf191cd77ab3ed826e1a906383aaaa80bb2d58a7d0,True,calc_4a029c633b392b69
1_b3lyp_pcm,B3LYP / PCM,conformer_candidate,True,melamine_ribose_phosphate,data/calculations/calc_26b88aaeca25a46b/record.json,26b88aaeca25a46b86d1e2defd86cd36d96d9a052f93654f458ef62b904e0ce5,26b88aaeca25a46b86d1e2defd86cd36d96d9a052f93654f458ef62b904e0ce5,True,calc_26b88aaeca25a46b
1_b3lyp_pcm,B3LYP / PCM,conformer_candidate,True,melamine_ribose_phosphate,data/calculations/calc_26a7190cf8b2597f/record.json,26a7190cf8b2597f84888dd39b752a711eacc6fa6fd23a42994e57d8e50241de,26a7190cf8b2597f84888dd39b752a711eacc6fa6fd23a42994e57d8e50241de,True,calc_26a7190cf8b2597f
1_b3lyp_pcm,B3LYP / PCM,conformer_candidate,True,melamine_ribose_phosphate,data/calculations/calc_ebc0e00dd9859568/record.json,ebc0e00dd98595688f778b0ae7977de5330ddb5553b89b0637bbc6c0314182fd,ebc0e00dd98595688f778b0ae7977de5330ddb5553b89b0637bbc6c0314182fd,True,calc_ebc0e00dd9859568
1_b3lyp_pcm,B3LYP / PCM,conformer_candidate,True,melamine_ribose_phosphate,data/calculations/calc_8b99c043436f854f/record.json,8b99c043436f854f3b3a46beb817c077379a4eb9be8c813fb2c436cb5f9a1ec5,8b99c043436f854f3b3a46beb817c077379a4eb9be8c813fb2c436cb5f9a1ec5,True,calc_8b99c043436f854f
1_b3lyp_pcm,B3LYP / PCM,conformer_candidate,True,melamine_ribose_phosphate,data/calculations/calc_461032b033f7667d/record.json,461032b033f7667d8064b8e06ff90820dd867d65ea3ea251dcfb45b2e05508c4,461032b033f7667d8064b8e06ff90820dd867d65ea3ea251dcfb45b2e05508c4,True,calc_461032b033f7667d
1_b3lyp_pcm,B3LYP / PCM,conformer_candidate,True,melamine_ribose_phosphate,data/calculations/calc_e1660d18e2498937/record.json,e1660d18e249893724a3a0f6c74f66c4240702cd9d46136527f2b401978b9871,e1660d18e249893724a3a0f6c74f66c4240702cd9d46136527f2b401978b9871,True,calc_e1660d18e2498937
1_b3lyp_pcm,B3LYP / PCM,conformer_candidate,True,melamine_ribose_phosphate,data/calculations/calc_1919781751783109/record.json,1919781751783109ccd72affbc734022d967f0afac0b04b2a8769bad5fdd70bd,1919781751783109ccd72affbc734022d967f0afac0b04b2a8769bad5fdd70bd,True,calc_1919781751783109
1_b3lyp_pcm,B3LYP / PCM,conformer_candidate,True,phosphate,data/calculations/calc_70d17d7b51860fde/record.json,70d17d7b51860fde32d8b3d05caacf0cbe9cab6a90ab7136c220c038b7a0d8d7,70d17d7b51860fde32d8b3d05caacf0cbe9cab6a90ab7136c220c038b7a0d8d7,True,calc_70d17d7b51860fde
1_b3lyp_pcm,B3LYP / PCM,conformer_candidate,True,purine,data/calculations/calc_5d6f1ccd891cafde/record.json,5d6f1ccd891cafdeaa52a9432f40f82af3976841d557322e6fe1ab12d7aa526d,5d6f1ccd891cafdeaa52a9432f40f82af3976841d557322e6fe1ab12d7aa526d,True,calc_5d6f1ccd891cafde
1_b3lyp_pcm,B3LYP / PCM,conformer_candidate,True,purine_ribose,data/calculations/calc_1d541afe25ca995a/record.json,1d541afe25ca995aba65137df47fd7e977193d21cb15269d57c919cc0c2add61,1d541afe25ca995aba65137df47fd7e977193d21cb15269d57c919cc0c2add61,True,calc_1d541afe25ca995a
1_b3lyp_pcm,B3LYP / PCM,conformer_candidate,True,purine_ribose,data/calculations/calc_7962b097f9b3988b/record.json,7962b097f9b3988bdf8df815492f00c241c539f29af2c9f694747f9c533467a2,7962b097f9b3988bdf8df815492f00c241c539f29af2c9f694747f9c533467a2,True,calc_7962b097f9b3988b
1_b3lyp_pcm,B3LYP / PCM,conformer_candidate,True,purine_ribose,data/calculations/calc_d9a27c6976a1803d/record.json,d9a27c6976a1803d857bd3b382a0b319ac251ca007a1351f6ad4854a1e562622,d9a27c6976a1803d857bd3b382a0b319ac251ca007a1351f6ad4854a1e562622,True,calc_d9a27c6976a1803d
1_b3lyp_pcm,B3LYP / PCM,conformer_candidate,True,purine_ribose,data/calculations/calc_89719a80c1568a7a/record.json,89719a80c1568a7aa464f8394c7e269ef03e21b7a3c5a3b70447000346073d67,89719a80c1568a7aa464f8394c7e269ef03e21b7a3c5a3b70447000346073d67,True,calc_89719a80c1568a7a
1_b3lyp_pcm,B3LYP / PCM,conformer_candidate,True,purine_ribose,data/calculations/calc_d04b043c5f09aae5/record.json,d04b043c5f09aae5c6749e87aa66436f311aecf563ceb557882378c39b2dd245,d04b043c5f09aae5c6749e87aa66436f311aecf563ceb557882378c39b2dd245,True,calc_d04b043c5f09aae5
1_b3lyp_pcm,B3LYP / PCM,conformer_candidate,True,purine_ribose_phosphate,data/calculations/calc_d27725ceb33b570d/record.json,d27725ceb33b570d206918868029652f05ca76244d0b0341db4e57cf5cfaf87b,d27725ceb33b570d206918868029652f05ca76244d0b0341db4e57cf5cfaf87b,True,calc_d27725ceb33b570d
1_b3lyp_pcm,B3LYP / PCM,conformer_candidate,True,purine_ribose_phosphate,data/calculations/calc_dcf3827d6f561cb5/record.json,dcf3827d6f561cb56184181d1378aaeac7345fa79dd5e958b12b99b4c3525a05,dcf3827d6f561cb56184181d1378aaeac7345fa79dd5e958b12b99b4c3525a05,True,calc_dcf3827d6f561cb5
1_b3lyp_pcm,B3LYP / PCM,conformer_candidate,True,purine_ribose_phosphate,data/calculations/calc_7c714d94b6d3f498/record.json,7c714d94b6d3f49866edbd3fd5824c1c3c7667a7cf316ab1afe28d16a37ebf6d,7c714d94b6d3f49866edbd3fd5824c1c3c7667a7cf316ab1afe28d16a37ebf6d,True,calc_7c714d94b6d3f498
1_b3lyp_pcm,B3LYP / PCM,conformer_candidate,True,purine_ribose_phosphate,data/calculations/calc_2c948d08febcbd06/record.json,2c948d08febcbd063ecd136c5a596185163f40143536d45ee07d9e8e537bc17a,2c948d08febcbd063ecd136c5a596185163f40143536d45ee07d9e8e537bc17a,True,calc_2c948d08febcbd06
1_b3lyp_pcm,B3LYP / PCM,conformer_candidate,True,purine_ribose_phosphate,data/calculations/calc_b413c7581f9964a2/record.json,b413c7581f9964a2fee5b509fbe162e6a9699b027084c3c1e973abd455d398f1,b413c7581f9964a2fee5b509fbe162e6a9699b027084c3c1e973abd455d398f1,True,calc_b413c7581f9964a2
1_b3lyp_pcm,B3LYP / PCM,conformer_candidate,True,purine_ribose_phosphate,data/calculations/calc_5025a3e61a678561/record.json,5025a3e61a678561d84de4217f4da0c52002579031f0b3d7c6309d0c72b26f5d,5025a3e61a678561d84de4217f4da0c52002579031f0b3d7c6309d0c72b26f5d,True,calc_5025a3e61a678561
1_b3lyp_pcm,B3LYP / PCM,conformer_candidate,True,purine_ribose_phosphate,data/calculations/calc_03feb996290e8c03/record.json,03feb996290e8c038f312c6c8d09feccfc1dc622a9c5859fd5b0f07206ff00ca,03feb996290e8c038f312c6c8d09feccfc1dc622a9c5859fd5b0f07206ff00ca,True,calc_03feb996290e8c03
1_b3lyp_pcm,B3LYP / PCM,conformer_candidate,True,ribo_phosphate,data/calculations/calc_112bc66d606d6fdc/record.json,112bc66d606d6fdc8828e4400350a274079064fd83e34d451874d9bfe5fbbd1b,112bc66d606d6fdc8828e4400350a274079064fd83e34d451874d9bfe5fbbd1b,True,calc_112bc66d606d6fdc
1_b3lyp_pcm,B3LYP / PCM,conformer_candidate,True,ribo_phosphate,data/calculations/calc_10fd3b6140716fb9/record.json,10fd3b6140716fb9b530c678eec9696498c1d7868d6fbd8d94c7b79cbad1c3a1,10fd3b6140716fb9b530c678eec9696498c1d7868d6fbd8d94c7b79cbad1c3a1,True,calc_10fd3b6140716fb9
1_b3lyp_pcm,B3LYP / PCM,conformer_candidate,True,ribo_phosphate,data/calculations/calc_0602b719393bdd60/record.json,0602b719393bdd60ed1976eb8a1cc8f6e1c4d95f262b882df3270db82f8b27fa,0602b719393bdd60ed1976eb8a1cc8f6e1c4d95f262b882df3270db82f8b27fa,True,calc_0602b719393bdd60
1_b3lyp_pcm,B3LYP / PCM,conformer_candidate,True,ribo_phosphate,data/calculations/calc_f12b99e1e8f82abf/record.json,f12b99e1e8f82abf79516a4b55ca8716402e1f1d382bef6380e6f2d66b4320d8,f12b99e1e8f82abf79516a4b55ca8716402e1f1d382bef6380e6f2d66b4320d8,True,calc_f12b99e1e8f82abf
1_b3lyp_pcm,B3LYP / PCM,conformer_candidate,True,ribo_phosphate,data/calculations/calc_b6fd2723cc6199ee/record.json,b6fd2723cc6199eebf641798a1557aa3bed5f86f56c4ec5a1d11e2cb3235bb78,b6fd2723cc6199eebf641798a1557aa3bed5f86f56c4ec5a1d11e2cb3235bb78,True,calc_b6fd2723cc6199ee
1_b3lyp_pcm,B3LYP / PCM,conformer_candidate,True,ribo_phosphate,data/calculations/calc_18ca89a079eafa81/record.json,18ca89a079eafa81755e708543522400b47ce40cf87418e4f1c78ea45b11df5f,18ca89a079eafa81755e708543522400b47ce40cf87418e4f1c78ea45b11df5f,True,calc_18ca89a079eafa81
1_b3lyp_pcm,B3LYP / PCM,conformer_candidate,True,ribose,data/calculations/calc_d66df7833533c9a4/record.json,d66df7833533c9a4af0ecbe6f4287f44b34545abb3fc527c97d668835a4c2aac,d66df7833533c9a4af0ecbe6f4287f44b34545abb3fc527c97d668835a4c2aac,True,calc_d66df7833533c9a4
1_b3lyp_pcm,B3LYP / PCM,conformer_candidate,True,ribose,data/calculations/calc_609245ac8ac7d69b/record.json,609245ac8ac7d69b6bd417d5bf1e750f4b1219df65e8ed137df27617279bfbbf,609245ac8ac7d69b6bd417d5bf1e750f4b1219df65e8ed137df27617279bfbbf,True,calc_609245ac8ac7d69b
1_b3lyp_pcm,B3LYP / PCM,conformer_candidate,True,ribose,data/calculations/calc_d2fbb85799b12c43/record.json,d2fbb85799b12c4378dc7079d04caa5143318ee7eeb4fa971388d05ef2e1f82c,d2fbb85799b12c4378dc7079d04caa5143318ee7eeb4fa971388d05ef2e1f82c,True,calc_d2fbb85799b12c43
1_b3lyp_pcm,B3LYP / PCM,conformer_candidate,True,ribose,data/calculations/calc_3e42afc65c2111c2/record.json,3e42afc65c2111c2ff3686bccdac6f4a3e6b1fd019ccf3a146225aef4cc083d5,3e42afc65c2111c2ff3686bccdac6f4a3e6b1fd019ccf3a146225aef4cc083d5,True,calc_3e42afc65c2111c2
1_b3lyp_pcm,B3LYP / PCM,conformer_candidate,True,ribose,data/calculations/calc_d8ba52cf8b29a4aa/record.json,d8ba52cf8b29a4aabb2dfb1f3410ec7355132a070104f70f748aeb362f9f0379,d8ba52cf8b29a4aabb2dfb1f3410ec7355132a070104f70f748aeb362f9f0379,True,calc_d8ba52cf8b29a4aa
1_b3lyp_pcm,B3LYP / PCM,conformer_candidate,True,tap_c5link,data/calculations/calc_4e2e0861eea37088/record.json,4e2e0861eea37088771bf9c0a1fecbee12b7d13ba6e36e52732a8a4f95ec94a7,4e2e0861eea37088771bf9c0a1fecbee12b7d13ba6e36e52732a8a4f95ec94a7,True,calc_4e2e0861eea37088
1_b3lyp_pcm,B3LYP / PCM,conformer_candidate,True,tap_c5link_ribose,data/calculations/calc_ccffa35bdaa00ec6/record.json,ccffa35bdaa00ec62ef9931aa395cf7ca62d12862ea38ce3dfe132cf85ca4f0b,ccffa35bdaa00ec62ef9931aa395cf7ca62d12862ea38ce3dfe132cf85ca4f0b,True,calc_ccffa35bdaa00ec6
1_b3lyp_pcm,B3LYP / PCM,conformer_candidate,True,tap_c5link_ribose,data/calculations/calc_d6ceab1c6e68e8f9/record.json,d6ceab1c6e68e8f9f9b057e9c51e1d01bd86ecd53d7935a2cacbc83574bb049b,d6ceab1c6e68e8f9f9b057e9c51e1d01bd86ecd53d7935a2cacbc83574bb049b,True,calc_d6ceab1c6e68e8f9
1_b3lyp_pcm,B3LYP / PCM,conformer_candidate,True,tap_c5link_ribose,data/calculations/calc_ee1ba97b82c10afe/record.json,ee1ba97b82c10afe849d78231af5cd5b0198b62da9129bb1cfa3d631ba8aedff,ee1ba97b82c10afe849d78231af5cd5b0198b62da9129bb1cfa3d631ba8aedff,True,calc_ee1ba97b82c10afe
1_b3lyp_pcm,B3LYP / PCM,conformer_candidate,True,tap_c5link_ribose,data/calculations/calc_60130b56d282be66/record.json,60130b56d282be66a984c2e68b6ae6b3eed877e2a45cc923821aa52886d6bbce,60130b56d282be66a984c2e68b6ae6b3eed877e2a45cc923821aa52886d6bbce,True,calc_60130b56d282be66
1_b3lyp_pcm,B3LYP / PCM,conformer_candidate,True,tap_c5link_ribose,data/calculations/calc_b8428c2471f83adf/record.json,b8428c2471f83adfca6e4f8a3daccda8017a9d894ff9baf9fda79f5508245bef,b8428c2471f83adfca6e4f8a3daccda8017a9d894ff9baf9fda79f5508245bef,True,calc_b8428c2471f83adf
1_b3lyp_pcm,B3LYP / PCM,conformer_candidate,True,tap_c5link_ribose_phosphate,data/calculations/calc_c6fedfe26c870168/record.json,c6fedfe26c87016832873d9f8143659d3401c3f0a164d355d35c1830ec9bd8bc,c6fedfe26c87016832873d9f8143659d3401c3f0a164d355d35c1830ec9bd8bc,True,calc_c6fedfe26c870168
1_b3lyp_pcm,B3LYP / PCM,conformer_candidate,True,tap_c5link_ribose_phosphate,data/calculations/calc_b2b0d02a6d2c305f/record.json,b2b0d02a6d2c305f7217bcf2fff0e2e40af923b1a8beb9906f1e5278c1a34b43,b2b0d02a6d2c305f7217bcf2fff0e2e40af923b1a8beb9906f1e5278c1a34b43,True,calc_b2b0d02a6d2c305f
1_b3lyp_pcm,B3LYP / PCM,conformer_candidate,True,tap_c5link_ribose_phosphate,data/calculations/calc_cdf1dbc4f48a67af/record.json,cdf1dbc4f48a67af3ee793916f9c3ddd474d7b80d4f11b790bc85c4da97e40d6,cdf1dbc4f48a67af3ee793916f9c3ddd474d7b80d4f11b790bc85c4da97e40d6,True,calc_cdf1dbc4f48a67af
1_b3lyp_pcm,B3LYP / PCM,conformer_candidate,True,tap_c5link_ribose_phosphate,data/calculations/calc_c961edaf6d598eb2/record.json,c961edaf6d598eb2210c718a60c79a85a53d5a08d07f81cb7a1a21343ac777ab,c961edaf6d598eb2210c718a60c79a85a53d5a08d07f81cb7a1a21343ac777ab,True,calc_c961edaf6d598eb2
1_b3lyp_pcm,B3LYP / PCM,conformer_candidate,True,tap_c5link_ribose_phosphate,data/calculations/calc_5001a71b0242aa1f/record.json,5001a71b0242aa1f855c72f843aa1be84544805fb25aae13d620cd308b00e9a8,5001a71b0242aa1f855c72f843aa1be84544805fb25aae13d620cd308b00e9a8,True,calc_5001a71b0242aa1f
1_b3lyp_pcm,B3LYP / PCM,conformer_candidate,True,tap_c5link_ribose_phosphate,data/calculations/calc_d234dcfadbe77038/record.json,d234dcfadbe770382336b352f3ac1696e593a09428832c56cbbd88090a287f87,d234dcfadbe770382336b352f3ac1696e593a09428832c56cbbd88090a287f87,True,calc_d234dcfadbe77038
1_b3lyp_pcm,B3LYP / PCM,conformer_candidate,True,tap_c5link_ribose_phosphate,data/calculations/calc_a213de3c3663f8eb/record.json,a213de3c3663f8eb1d0e14cfb26cc852421d4deb90fd4c49cf9f12444e015432,a213de3c3663f8eb1d0e14cfb26cc852421d4deb90fd4c49cf9f12444e015432,True,calc_a213de3c3663f8eb
1_b3lyp_pcm,B3LYP / PCM,conformer_candidate,True,thymine,data/calculations/calc_ee198384f6ddcdec/record.json,ee198384f6ddcdecf0c66d6b331d9db1136bbd63a4b17b2ec2a498638c6243a8,ee198384f6ddcdecf0c66d6b331d9db1136bbd63a4b17b2ec2a498638c6243a8,True,calc_ee198384f6ddcdec
1_b3lyp_pcm,B3LYP / PCM,conformer_candidate,True,thymine_ribose,data/calculations/calc_f5f4967adadc2db8/record.json,f5f4967adadc2db83f42f00429e9e405e57965883a25393afefeee56d0cfd4ed,f5f4967adadc2db83f42f00429e9e405e57965883a25393afefeee56d0cfd4ed,True,calc_f5f4967adadc2db8
1_b3lyp_pcm,B3LYP / PCM,conformer_candidate,True,thymine_ribose,data/calculations/calc_7f0e4ef6f3f32803/record.json,7f0e4ef6f3f328039dd01a8485dc9ecc33da7aec7fb47a2c93d2e240eb213986,7f0e4ef6f3f328039dd01a8485dc9ecc33da7aec7fb47a2c93d2e240eb213986,True,calc_7f0e4ef6f3f32803
1_b3lyp_pcm,B3LYP / PCM,conformer_candidate,True,thymine_ribose,data/calculations/calc_c2c6ab8c0cd44dd8/record.json,c2c6ab8c0cd44dd87941ee287c666131d687f03e9068d7a7148c60e8ff9e5a87,c2c6ab8c0cd44dd87941ee287c666131d687f03e9068d7a7148c60e8ff9e5a87,True,calc_c2c6ab8c0cd44dd8
1_b3lyp_pcm,B3LYP / PCM,conformer_candidate,True,thymine_ribose,data/calculations/calc_fd442879a64e1632/record.json,fd442879a64e16327955be64a2f1429e6a68025eafab9c1f05381f23b5c509ec,fd442879a64e16327955be64a2f1429e6a68025eafab9c1f05381f23b5c509ec,True,calc_fd442879a64e1632
1_b3lyp_pcm,B3LYP / PCM,conformer_candidate,True,thymine_ribose,data/calculations/calc_5f8c85709d717bdd/record.json,5f8c85709d717bdd40780cd940f751db6930bf584302bee9dd3c60451e544110,5f8c85709d717bdd40780cd940f751db6930bf584302bee9dd3c60451e544110,True,calc_5f8c85709d717bdd
1_b3lyp_pcm,B3LYP / PCM,conformer_candidate,True,thymine_ribose,data/calculations/calc_20fc3c3d23a5dbe2/record.json,20fc3c3d23a5dbe2cffbc310fb596eae228500ff6bd2d13f34121f15904b031b,20fc3c3d23a5dbe2cffbc310fb596eae228500ff6bd2d13f34121f15904b031b,True,calc_20fc3c3d23a5dbe2
1_b3lyp_pcm,B3LYP / PCM,conformer_candidate,True,thymine_ribose_phosphate,data/calculations/calc_9dfea3050c510391/record.json,9dfea3050c510391ba580acefde38ea88fe94f3bc5cb7c06ad23d0f1aea6a9a7,9dfea3050c510391ba580acefde38ea88fe94f3bc5cb7c06ad23d0f1aea6a9a7,True,calc_9dfea3050c510391
1_b3lyp_pcm,B3LYP / PCM,conformer_candidate,True,thymine_ribose_phosphate,data/calculations/calc_a499d55cf25108dc/record.json,a499d55cf25108dc185f45832f46161ef06931f67d589f0fbbb087452eb126a9,a499d55cf25108dc185f45832f46161ef06931f67d589f0fbbb087452eb126a9,True,calc_a499d55cf25108dc
1_b3lyp_pcm,B3LYP / PCM,conformer_candidate,True,thymine_ribose_phosphate,data/calculations/calc_f9c40765bb129d1a/record.json,f9c40765bb129d1aae7a139495d6aaa55ed585090d9bbc2ef782409982cd01e8,f9c40765bb129d1aae7a139495d6aaa55ed585090d9bbc2ef782409982cd01e8,True,calc_f9c40765bb129d1a
1_b3lyp_pcm,B3LYP / PCM,conformer_candidate,True,thymine_ribose_phosphate,data/calculations/calc_420b11f0851f386d/record.json,420b11f0851f386d0c944a8276334bc6919a553ca89690f54382500321920d69,420b11f0851f386d0c944a8276334bc6919a553ca89690f54382500321920d69,True,calc_420b11f0851f386d
1_b3lyp_pcm,B3LYP / PCM,conformer_candidate,True,thymine_ribose_phosphate,data/calculations/calc_abc6a46c4791a92c/record.json,abc6a46c4791a92cb55081fdeafbda23839a8413c53c49582530a1ff1811c0a9,abc6a46c4791a92cb55081fdeafbda23839a8413c53c49582530a1ff1811c0a9,True,calc_abc6a46c4791a92c
1_b3lyp_pcm,B3LYP / PCM,conformer_candidate,True,thymine_ribose_phosphate,data/calculations/calc_3b6d4e4b6795d760/record.json,3b6d4e4b6795d760661f67cc80535eb14d1f2ef2fc86b704b17ee668dadb895b,3b6d4e4b6795d760661f67cc80535eb14d1f2ef2fc86b704b17ee668dadb895b,True,calc_3b6d4e4b6795d760
1_b3lyp_pcm,B3LYP / PCM,conformer_candidate,True,thymine_ribose_phosphate,data/calculations/calc_aeeeac4065bcb109/record.json,aeeeac4065bcb1099a3585cf5c179bb794c1ca1d7758940365d0f25e1e5045e4,aeeeac4065bcb1099a3585cf5c179bb794c1ca1d7758940365d0f25e1e5045e4,True,calc_aeeeac4065bcb109
1_b3lyp_pcm,B3LYP / PCM,conformer_candidate,True,uracil,data/calculations/calc_f39698ab11c8d629/record.json,f39698ab11c8d6296aa8571b682999b3646ab7d5813749caa69b1c03f545698f,f39698ab11c8d6296aa8571b682999b3646ab7d5813749caa69b1c03f545698f,True,calc_f39698ab11c8d629
1_b3lyp_pcm,B3LYP / PCM,conformer_candidate,True,uracil_ribose,data/calculations/calc_e2636f33f878b8a2/record.json,e2636f33f878b8a2a7f09d8360590779d4123a50bb352fb1aea897b5cada8a6a,e2636f33f878b8a2a7f09d8360590779d4123a50bb352fb1aea897b5cada8a6a,True,calc_e2636f33f878b8a2
1_b3lyp_pcm,B3LYP / PCM,conformer_candidate,True,uracil_ribose,data/calculations/calc_ae555f8cd58c2f4a/record.json,ae555f8cd58c2f4a237d5a2aa2eaebc632f1c15c6c8be83ad94f5e777e9f786e,ae555f8cd58c2f4a237d5a2aa2eaebc632f1c15c6c8be83ad94f5e777e9f786e,True,calc_ae555f8cd58c2f4a
1_b3lyp_pcm,B3LYP / PCM,conformer_candidate,True,uracil_ribose,data/calculations/calc_1cd6706f093acea4/record.json,1cd6706f093acea4943600f5a9f3e59d8e2b846518fc1005704ab9292b85f389,1cd6706f093acea4943600f5a9f3e59d8e2b846518fc1005704ab9292b85f389,True,calc_1cd6706f093acea4
1_b3lyp_pcm,B3LYP / PCM,conformer_candidate,True,uracil_ribose,data/calculations/calc_12fd1c0e255a1a86/record.json,12fd1c0e255a1a863181806538f15eb26d0e37aafb8f323a613014bd0157bcd2,12fd1c0e255a1a863181806538f15eb26d0e37aafb8f323a613014bd0157bcd2,True,calc_12fd1c0e255a1a86
1_b3lyp_pcm,B3LYP / PCM,conformer_candidate,True,uracil_ribose,data/calculations/calc_33af2952458f3c63/record.json,33af2952458f3c63f95cb3f31c10aebd167ccba650668f1c84288fd07bc44500,33af2952458f3c63f95cb3f31c10aebd167ccba650668f1c84288fd07bc44500,True,calc_33af2952458f3c63
1_b3lyp_pcm,B3LYP / PCM,conformer_candidate,True,uracil_ribose,data/calculations/calc_4823804aba3def82/record.json,4823804aba3def82366fba0a1602ed9d16cfd8f51bb2026c6264b46dde49b0f7,4823804aba3def82366fba0a1602ed9d16cfd8f51bb2026c6264b46dde49b0f7,True,calc_4823804aba3def82
1_b3lyp_pcm,B3LYP / PCM,conformer_candidate,True,uracil_ribose_phosphate,data/calculations/calc_ab502b59d8237787/record.json,ab502b59d823778706822ac05c277ba7184a0b127bd6ec3e61e86175c959332d,ab502b59d823778706822ac05c277ba7184a0b127bd6ec3e61e86175c959332d,True,calc_ab502b59d8237787
1_b3lyp_pcm,B3LYP / PCM,conformer_candidate,True,uracil_ribose_phosphate,data/calculations/calc_fb8a02360a2ba144/record.json,fb8a02360a2ba1441df63c3b436c4a9b793c2b448206babeda10dd47f609d04a,fb8a02360a2ba1441df63c3b436c4a9b793c2b448206babeda10dd47f609d04a,True,calc_fb8a02360a2ba144
1_b3lyp_pcm,B3LYP / PCM,conformer_candidate,True,uracil_ribose_phosphate,data/calculations/calc_dd5f31517ca37a9e/record.json,dd5f31517ca37a9ec7989971a2dd1a82bd6412be534635efcd96fe47303eec00,dd5f31517ca37a9ec7989971a2dd1a82bd6412be534635efcd96fe47303eec00,True,calc_dd5f31517ca37a9e
1_b3lyp_pcm,B3LYP / PCM,conformer_candidate,True,uracil_ribose_phosphate,data/calculations/calc_0c1c835dc0af3a7d/record.json,0c1c835dc0af3a7d508b6744493445c6fc6b52d1adb0d4ef2b56d0cf09c8e140,0c1c835dc0af3a7d508b6744493445c6fc6b52d1adb0d4ef2b56d0cf09c8e140,True,calc_0c1c835dc0af3a7d
1_b3lyp_pcm,B3LYP / PCM,conformer_candidate,True,uracil_ribose_phosphate,data/calculations/calc_65dc9944805d507f/record.json,65dc9944805d507fa770d86e6511f6635637ad93d98c1b36d0cc36abecd69dea,65dc9944805d507fa770d86e6511f6635637ad93d98c1b36d0cc36abecd69dea,True,calc_65dc9944805d507f
1_b3lyp_pcm,B3LYP / PCM,conformer_candidate,True,uracil_ribose_phosphate,data/calculations/calc_e02a09e5e3b01773/record.json,e02a09e5e3b01773de574048f01249dceb040816c9dcc3cd061b60bd51d31754,e02a09e5e3b01773de574048f01249dceb040816c9dcc3cd061b60bd51d31754,True,calc_e02a09e5e3b01773
1_b3lyp_pcm,B3LYP / PCM,conformer_candidate,True,uracil_ribose_phosphate,data/calculations/calc_182828f777a313e5/record.json,182828f777a313e55aea2f8c4289d8cb8b57e2a7431274f45f6209f356d8a59b,182828f777a313e55aea2f8c4289d8cb8b57e2a7431274f45f6209f356d8a59b,True,calc_182828f777a313e5
1_b3lyp_pcm,B3LYP / PCM,conformer_candidate,True,water,data/calculations/calc_c2c9d57073565a33/record.json,c2c9d57073565a3390208f5f39e07b89e152cb1b85e5ac82fda5f8729a4fa4f6,c2c9d57073565a3390208f5f39e07b89e152cb1b85e5ac82fda5f8729a4fa4f6,True,calc_c2c9d57073565a33
1_b3lyp_pcm,B3LYP / PCM,conformer_candidate,True,xanthine,data/calculations/calc_bdbb805e868e5608/record.json,bdbb805e868e5608b440df48b8e08e9e0044286d71cd314ded3dcbe2a9060cd6,bdbb805e868e5608b440df48b8e08e9e0044286d71cd314ded3dcbe2a9060cd6,True,calc_bdbb805e868e5608
1_b3lyp_pcm,B3LYP / PCM,conformer_candidate,True,xanthine_ribose,data/calculations/calc_138e60390940f4b6/record.json,138e60390940f4b6747d7668cd1a990e645fa3f70372ba22221a1d22370e933c,138e60390940f4b6747d7668cd1a990e645fa3f70372ba22221a1d22370e933c,True,calc_138e60390940f4b6
1_b3lyp_pcm,B3LYP / PCM,conformer_candidate,True,xanthine_ribose,data/calculations/calc_072513ed48ae23dd/record.json,072513ed48ae23dddf84024baadd6536db567adb39b573d37b375cee1d599305,072513ed48ae23dddf84024baadd6536db567adb39b573d37b375cee1d599305,True,calc_072513ed48ae23dd
1_b3lyp_pcm,B3LYP / PCM,conformer_candidate,True,xanthine_ribose,data/calculations/calc_33836914b1f80b7f/record.json,33836914b1f80b7f4b0085ca295e9fdd730097ddfee5c1daa6ed1a920997b667,33836914b1f80b7f4b0085ca295e9fdd730097ddfee5c1daa6ed1a920997b667,True,calc_33836914b1f80b7f
1_b3lyp_pcm,B3LYP / PCM,conformer_candidate,True,xanthine_ribose,data/calculations/calc_a095de9d688069e4/record.json,a095de9d688069e4f4309d8f0ac0b17f5eb0230c6f298ea9f739ffbac3bac179,a095de9d688069e4f4309d8f0ac0b17f5eb0230c6f298ea9f739ffbac3bac179,True,calc_a095de9d688069e4
1_b3lyp_pcm,B3LYP / PCM,conformer_candidate,True,xanthine_ribose,data/calculations/calc_7521e24e6129e1a8/record.json,7521e24e6129e1a85bdb2514fed257d634db1777fbd0e69a28523a0021ddaf02,7521e24e6129e1a85bdb2514fed257d634db1777fbd0e69a28523a0021ddaf02,True,calc_7521e24e6129e1a8
1_b3lyp_pcm,B3LYP / PCM,conformer_candidate,True,xanthine_ribose,data/calculations/calc_fc7ea1e5f9248de0/record.json,fc7ea1e5f9248de07fe798c4e32fecdadc53bfb2a35c848bfd1fbcc178f7e2b3,fc7ea1e5f9248de07fe798c4e32fecdadc53bfb2a35c848bfd1fbcc178f7e2b3,True,calc_fc7ea1e5f9248de0
1_b3lyp_pcm,B3LYP / PCM,conformer_candidate,True,xanthine_ribose_phosphate,data/calculations/calc_00fe351981635926/record.json,00fe351981635926fbc021e4ad2ae78d0b92a9af605c90d9b086deed15a8811b,00fe351981635926fbc021e4ad2ae78d0b92a9af605c90d9b086deed15a8811b,True,calc_00fe351981635926
1_b3lyp_pcm,B3LYP / PCM,conformer_candidate,True,xanthine_ribose_phosphate,data/calculations/calc_b7b2c419d15de4e2/record.json,b7b2c419d15de4e27af5cd0b7c5213355c06c7ffb795ce7e0d692753e7891c82,b7b2c419d15de4e27af5cd0b7c5213355c06c7ffb795ce7e0d692753e7891c82,True,calc_b7b2c419d15de4e2
1_b3lyp_pcm,B3LYP / PCM,conformer_candidate,True,xanthine_ribose_phosphate,data/calculations/calc_a8abcfd149ab95f0/record.json,a8abcfd149ab95f0c6783a4a5530768068d39e97d755b4b16b913a3de10543b7,a8abcfd149ab95f0c6783a4a5530768068d39e97d755b4b16b913a3de10543b7,True,calc_a8abcfd149ab95f0
1_b3lyp_pcm,B3LYP / PCM,conformer_candidate,True,xanthine_ribose_phosphate,data/calculations/calc_8e95f1e00b2a7294/record.json,8e95f1e00b2a7294329830887f55b0af1433ca0eadfe9d3c1279c5d803f738f4,8e95f1e00b2a7294329830887f55b0af1433ca0eadfe9d3c1279c5d803f738f4,True,calc_8e95f1e00b2a7294
1_b3lyp_pcm,B3LYP / PCM,conformer_candidate,True,xanthine_ribose_phosphate,data/calculations/calc_3e28efc611b0ffcd/record.json,3e28efc611b0ffcdb83d99dde0e1fab86cbcc2e09f3251b99f5a1711dbbba230,3e28efc611b0ffcdb83d99dde0e1fab86cbcc2e09f3251b99f5a1711dbbba230,True,calc_3e28efc611b0ffcd
1_b3lyp_pcm,B3LYP / PCM,conformer_candidate,True,xanthine_ribose_phosphate,data/calculations/calc_a79297b7e999a273/record.json,a79297b7e999a2738542d7f9e4f83de1a4dcf28f3ccf7eb91d2dbc52686068a6,a79297b7e999a2738542d7f9e4f83de1a4dcf28f3ccf7eb91d2dbc52686068a6,True,calc_a79297b7e999a273
1_b3lyp_pcm,B3LYP / PCM,conformer_candidate,True,xanthine_ribose_phosphate,data/calculations/calc_f79711e8c20fd629/record.json,f79711e8c20fd62912054b9c7cfe5a59495802dd9ce851524dcd9036bec3c02c,f79711e8c20fd62912054b9c7cfe5a59495802dd9ce851524dcd9036bec3c02c,True,calc_f79711e8c20fd629
2_b3lyp_smd,B3LYP / SMD,diagnostic_only_legacy_product,False,adenine_ribose,data/calculations/calc_c7d087597e139747/record.json,c7d087597e13974784295064202c019b87288f2f067df50f69393d40bc0cc137,c7d087597e13974784295064202c019b87288f2f067df50f69393d40bc0cc137,True,calc_c7d087597e139747
2_b3lyp_smd,B3LYP / SMD,diagnostic_only_legacy_product,False,adenine_ribose_phosphate,data/calculations/calc_9db5e2d5ecb9c3a8/record.json,9db5e2d5ecb9c3a89f8fd4395b3e4a543fc8b3e4eeca78308d0c81da53473937,9db5e2d5ecb9c3a89f8fd4395b3e4a543fc8b3e4eeca78308d0c81da53473937,True,calc_9db5e2d5ecb9c3a8
2_b3lyp_smd,B3LYP / SMD,diagnostic_only_legacy_product,False,barbituric_acid_clink_ribose_phosphate,data/calculations/calc_462b23efdd473dfd/record.json,462b23efdd473dfd60ea4a725b046b7d95f0285583388d96b4eeddada4b0f494,462b23efdd473dfd60ea4a725b046b7d95f0285583388d96b4eeddada4b0f494,True,calc_462b23efdd473dfd
2_b3lyp_smd,B3LYP / SMD,diagnostic_only_legacy_product,False,cytosine_ribose,data/calculations/calc_9fa1ea43e6160877/record.json,9fa1ea43e616087733b1e9f80c682c904053e7ef3444d970fe975a6935a22a8a,9fa1ea43e616087733b1e9f80c682c904053e7ef3444d970fe975a6935a22a8a,True,calc_9fa1ea43e6160877
2_b3lyp_smd,B3LYP / SMD,diagnostic_only_legacy_product,False,cytosine_ribose_phosphate,data/calculations/calc_6d1bb725183be428/record.json,6d1bb725183be428e4f7a3559b7b4e1214fd4fab81181497d34eb318d02a1f2c,6d1bb725183be428e4f7a3559b7b4e1214fd4fab81181497d34eb318d02a1f2c,True,calc_6d1bb725183be428
2_b3lyp_smd,B3LYP / SMD,diagnostic_only_legacy_product,False,guanine_ribose,data/calculations/calc_b7ae25f6b23f4352/record.json,b7ae25f6b23f4352d23403781536f3bc58245d1fd5f1d81f67758dbb36c81985,b7ae25f6b23f4352d23403781536f3bc58245d1fd5f1d81f67758dbb36c81985,True,calc_b7ae25f6b23f4352
2_b3lyp_smd,B3LYP / SMD,diagnostic_only_legacy_product,False,guanine_ribose_phosphate,data/calculations/calc_59c363ed4bc285ea/record.json,59c363ed4bc285ea75a23953999b53111dda6dd233632022057de9a2551ef279,59c363ed4bc285ea75a23953999b53111dda6dd233632022057de9a2551ef279,True,calc_59c363ed4bc285ea
2_b3lyp_smd,B3LYP / SMD,diagnostic_only_legacy_product,False,imidazole_ribose_phosphate,data/calculations/calc_6dd25721f53cee2e/record.json,6dd25721f53cee2ebfc2f469e6dbbc90474320abf1a31e18d341382ee5c5dedc,6dd25721f53cee2ebfc2f469e6dbbc90474320abf1a31e18d341382ee5c5dedc,True,calc_6dd25721f53cee2e
2_b3lyp_smd,B3LYP / SMD,diagnostic_only_legacy_product,False,melamine_ribose_phosphate,data/calculations/calc_d3678a4e978d1dfd/record.json,d3678a4e978d1dfdfdafac6256776500ce5232c53fc5ec72a57a7e56d7d8924b,d3678a4e978d1dfdfdafac6256776500ce5232c53fc5ec72a57a7e56d7d8924b,True,calc_d3678a4e978d1dfd
2_b3lyp_smd,B3LYP / SMD,diagnostic_only_legacy_product,False,tap_c5link_ribose_phosphate,data/calculations/calc_955b807ebfbecf12/record.json,955b807ebfbecf12f4b7f1ac97dc790cb7a83c9e18e467066456ef20bad7ca1b,955b807ebfbecf12f4b7f1ac97dc790cb7a83c9e18e467066456ef20bad7ca1b,True,calc_955b807ebfbecf12
2_b3lyp_smd,B3LYP / SMD,diagnostic_only_legacy_product,False,thymine_ribose,data/calculations/calc_ac00febe62a28d25/record.json,ac00febe62a28d25924c0c0bf0126dcf81912a815316e41b1535618e571ab2f0,ac00febe62a28d25924c0c0bf0126dcf81912a815316e41b1535618e571ab2f0,True,calc_ac00febe62a28d25
2_b3lyp_smd,B3LYP / SMD,diagnostic_only_legacy_product,False,thymine_ribose_phosphate,data/calculations/calc_d60a0ed0d549e22c/record.json,d60a0ed0d549e22cc83200140399b9d3d6a607ae16d82b43623cf1768884a2ff,d60a0ed0d549e22cc83200140399b9d3d6a607ae16d82b43623cf1768884a2ff,True,calc_d60a0ed0d549e22c
2_b3lyp_smd,B3LYP / SMD,diagnostic_only_legacy_product,False,uracil_ribose,data/calculations/calc_45f8dcda8b5e8f3a/record.json,45f8dcda8b5e8f3a45deff5b962e5d247d39ec2d4837011bdc9ba89b8439fbda,45f8dcda8b5e8f3a45deff5b962e5d247d39ec2d4837011bdc9ba89b8439fbda,True,calc_45f8dcda8b5e8f3a
2_b3lyp_smd,B3LYP / SMD,diagnostic_only_legacy_product,False,uracil_ribose_phosphate,data/calculations/calc_cc51737f8715f0e6/record.json,cc51737f8715f0e622bc522f60b59c4eaa69c0a77adab2ec5956c3d95f445011,cc51737f8715f0e622bc522f60b59c4eaa69c0a77adab2ec5956c3d95f445011,True,calc_cc51737f8715f0e6
2_b3lyp_smd,B3LYP / SMD,diagnostic_only_legacy_product,False,xanthine_ribose_phosphate,data/calculations/calc_553141f295b4c8a1/record.json,553141f295b4c8a11e3668140b79e4398745679d99af68751cbd069784b294bd,553141f295b4c8a11e3668140b79e4398745679d99af68751cbd069784b294bd,True,calc_553141f295b4c8a1
2_b3lyp_smd,B3LYP / SMD,method_matched_reference,True,adenine,data/calculations/calc_9649b970f6180fd9/record.json,9649b970f6180fd9546440dbaf0d7e9433400ddce3dd3fc2518f05131ac832bc,9649b970f6180fd9546440dbaf0d7e9433400ddce3dd3fc2518f05131ac832bc,True,calc_9649b970f6180fd9
2_b3lyp_smd,B3LYP / SMD,method_matched_reference,True,barbituric_acid,data/calculations/calc_1aa4f60ffba16a6a/record.json,1aa4f60ffba16a6ac707d783863eef7f1ae6e8579946b0de417deb24309765ed,1aa4f60ffba16a6ac707d783863eef7f1ae6e8579946b0de417deb24309765ed,True,calc_1aa4f60ffba16a6a
2_b3lyp_smd,B3LYP / SMD,method_matched_reference,True,cytosine,data/calculations/calc_c3eaf19d830458a1/record.json,c3eaf19d830458a1e1ccfc10b29258fa7c63cda00a4bbbfde51aff5f3475ca9c,c3eaf19d830458a1e1ccfc10b29258fa7c63cda00a4bbbfde51aff5f3475ca9c,True,calc_c3eaf19d830458a1
2_b3lyp_smd,B3LYP / SMD,method_matched_reference,True,guanine,data/calculations/calc_8109f6c7007fd17d/record.json,8109f6c7007fd17d07039706fa9d473f12e5b01ed51d3d44798fcde4a0d64bed,8109f6c7007fd17d07039706fa9d473f12e5b01ed51d3d44798fcde4a0d64bed,True,calc_8109f6c7007fd17d
2_b3lyp_smd,B3LYP / SMD,method_matched_reference,True,imidazole,data/calculations/calc_f25e3854ff8505f5/record.json,f25e3854ff8505f57df07ee8fb8fd503c5fe74918cf012a9b19bd08c054255ba,f25e3854ff8505f57df07ee8fb8fd503c5fe74918cf012a9b19bd08c054255ba,True,calc_f25e3854ff8505f5
2_b3lyp_smd,B3LYP / SMD,method_matched_reference,True,melamine,data/calculations/calc_754078939221572d/record.json,754078939221572de08ce4d74567aa70939f51c7db03a4a7e0fcd92fb86fabba,754078939221572de08ce4d74567aa70939f51c7db03a4a7e0fcd92fb86fabba,True,calc_754078939221572d
2_b3lyp_smd,B3LYP / SMD,method_matched_reference,True,phosphate,data/calculations/calc_a647c5dbb36970fe/record.json,a647c5dbb36970feab8e6009a887d387d7c13429ca3c56aa4eff1207f07d1dc1,a647c5dbb36970feab8e6009a887d387d7c13429ca3c56aa4eff1207f07d1dc1,True,calc_a647c5dbb36970fe
2_b3lyp_smd,B3LYP / SMD,method_matched_reference,True,ribose,data/calculations/calc_d806614af126d622/record.json,d806614af126d6225f092f1b59564d519982040ae7d022f196a0a6de66d6961b,d806614af126d6225f092f1b59564d519982040ae7d022f196a0a6de66d6961b,True,calc_d806614af126d622
2_b3lyp_smd,B3LYP / SMD,method_matched_reference,True,tap_c5link,data/calculations/calc_cbdeb70572303b68/record.json,cbdeb70572303b682307cade8b9142fa82513d9aba2c1a1b9c47e3096e3de4e0,cbdeb70572303b682307cade8b9142fa82513d9aba2c1a1b9c47e3096e3de4e0,True,calc_cbdeb70572303b68
2_b3lyp_smd,B3LYP / SMD,method_matched_reference,True,thymine,data/calculations/calc_e889e882f0b960f8/record.json,e889e882f0b960f884fe2764660b3cf22e1f128ad0a60de6498792fbcc2a7788,e889e882f0b960f884fe2764660b3cf22e1f128ad0a60de6498792fbcc2a7788,True,calc_e889e882f0b960f8
2_b3lyp_smd,B3LYP / SMD,method_matched_reference,True,uracil,data/calculations/calc_51a7a22d7dc9dab4/record.json,51a7a22d7dc9dab4ea4b04b1cc156fc65b300237a53d140ad086e04a780de0cb,51a7a22d7dc9dab4ea4b04b1cc156fc65b300237a53d140ad086e04a780de0cb,True,calc_51a7a22d7dc9dab4
2_b3lyp_smd,B3LYP / SMD,method_matched_reference,True,water,data/calculations/calc_365dba8199d0b0ba/record.json,365dba8199d0b0ba0bc69309f46c3ea9938be6b40ebfc0a2545be0b725b68749,365dba8199d0b0ba0bc69309f46c3ea9938be6b40ebfc0a2545be0b725b68749,True,calc_365dba8199d0b0ba
2_b3lyp_smd,B3LYP / SMD,method_matched_reference,True,xanthine,data/calculations/calc_836ae49f6e3efb58/record.json,836ae49f6e3efb58764d5f7a67c5e51b6c6a9f0d4d74b16a1cc0db037d33dab5,836ae49f6e3efb58764d5f7a67c5e51b6c6a9f0d4d74b16a1cc0db037d33dab5,True,calc_836ae49f6e3efb58
2_b3lyp_smd,B3LYP / SMD,required_transferred_nucleotide,True,adenine_ribose_phosphate,data/calculations/calc_3f6f1383e4bebc9b/record.json,3f6f1383e4bebc9b70b3c3b8703b7ea06fee90f00cf8f64a97ce6781f63a2dda,3f6f1383e4bebc9b70b3c3b8703b7ea06fee90f00cf8f64a97ce6781f63a2dda,True,calc_3f6f1383e4bebc9b
2_b3lyp_smd,B3LYP / SMD,required_transferred_nucleotide,True,barbituric_acid_clink_ribose_phosphate,data/calculations/calc_bef6afd4641d618b/record.json,bef6afd4641d618bafd2748dab40983f634a20d2a6b988ea724d06ef50d62839,bef6afd4641d618bafd2748dab40983f634a20d2a6b988ea724d06ef50d62839,True,calc_bef6afd4641d618b
2_b3lyp_smd,B3LYP / SMD,required_transferred_nucleotide,True,cytosine_ribose_phosphate,data/calculations/calc_b4571a7fcbb4cd5c/record.json,b4571a7fcbb4cd5cdd85370eecc11fc3fb2594c3b41b8dc939adbd9f6eeb483b,b4571a7fcbb4cd5cdd85370eecc11fc3fb2594c3b41b8dc939adbd9f6eeb483b,True,calc_b4571a7fcbb4cd5c
2_b3lyp_smd,B3LYP / SMD,required_transferred_nucleotide,True,guanine_ribose_phosphate,data/calculations/calc_1c2488b3474f84f1/record.json,1c2488b3474f84f1fb2a77f57221296a5d1466fc52d3a37b422eee918c0f2f3c,1c2488b3474f84f1fb2a77f57221296a5d1466fc52d3a37b422eee918c0f2f3c,True,calc_1c2488b3474f84f1
2_b3lyp_smd,B3LYP / SMD,required_transferred_nucleotide,True,imidazole_ribose_phosphate,data/calculations/calc_de1243c4851a01a6/record.json,de1243c4851a01a6612c91bec47ea24697a42b3fa18aee48285fa77d1cec838e,de1243c4851a01a6612c91bec47ea24697a42b3fa18aee48285fa77d1cec838e,True,calc_de1243c4851a01a6
2_b3lyp_smd,B3LYP / SMD,required_transferred_nucleotide,True,melamine_ribose_phosphate,data/calculations/calc_cd8ab4a93de415ca/record.json,cd8ab4a93de415ca7587858016ea434a3f6baf919c9c8b422e5c4fca012c8e94,cd8ab4a93de415ca7587858016ea434a3f6baf919c9c8b422e5c4fca012c8e94,True,calc_cd8ab4a93de415ca
2_b3lyp_smd,B3LYP / SMD,required_transferred_nucleotide,True,tap_c5link_ribose_phosphate,data/calculations/calc_d9f69c85a52fb242/record.json,d9f69c85a52fb242eac104eee2643d7c6a917ce0fa8b1eea15e44b60eb6ead73,d9f69c85a52fb242eac104eee2643d7c6a917ce0fa8b1eea15e44b60eb6ead73,True,calc_d9f69c85a52fb242
2_b3lyp_smd,B3LYP / SMD,required_transferred_nucleotide,True,thymine_ribose_phosphate,data/calculations/calc_58f0b426ad841540/record.json,58f0b426ad841540ea8cdfb42621fafe783a4d383adb7f1786c10981c007ff3e,58f0b426ad841540ea8cdfb42621fafe783a4d383adb7f1786c10981c007ff3e,True,calc_58f0b426ad841540
2_b3lyp_smd,B3LYP / SMD,required_transferred_nucleotide,True,uracil_ribose_phosphate,data/calculations/calc_ae9385daab161c6f/record.json,ae9385daab161c6fa1c251caf59e1c2311bb60dac351192bb99406b5ba152b5d,ae9385daab161c6fa1c251caf59e1c2311bb60dac351192bb99406b5ba152b5d,True,calc_ae9385daab161c6f
2_b3lyp_smd,B3LYP / SMD,required_transferred_nucleotide,True,xanthine_ribose_phosphate,data/calculations/calc_898ca1c71f1e1d6d/record.json,898ca1c71f1e1d6dcef01e1c412be39673130f8c54963b1f4d0a9c952c6b011f,898ca1c71f1e1d6dcef01e1c412be39673130f8c54963b1f4d0a9c952c6b011f,True,calc_898ca1c71f1e1d6d
2_b3lyp_smd,B3LYP / SMD,transferred_nucleoside,True,adenine_ribose,data/calculations/calc_c6137ff04773e906/record.json,c6137ff04773e9066c3808e12dccc14978aff6208342725b662a1ad845ac60ae,c6137ff04773e9066c3808e12dccc14978aff6208342725b662a1ad845ac60ae,True,calc_c6137ff04773e906
2_b3lyp_smd,B3LYP / SMD,transferred_nucleoside,True,cytosine_ribose,data/calculations/calc_1c065a2657004bf6/record.json,1c065a2657004bf6fc28f9e12e890459fc6122d2dd129b71c7b33a2049891273,1c065a2657004bf6fc28f9e12e890459fc6122d2dd129b71c7b33a2049891273,True,calc_1c065a2657004bf6
2_b3lyp_smd,B3LYP / SMD,transferred_nucleoside,True,guanine_ribose,data/calculations/calc_fd81a1b48fd5ec81/record.json,fd81a1b48fd5ec819397c88a45e4a32ff7777fa8120fb9027bd19c0375fcbe20,fd81a1b48fd5ec819397c88a45e4a32ff7777fa8120fb9027bd19c0375fcbe20,True,calc_fd81a1b48fd5ec81
2_b3lyp_smd,B3LYP / SMD,transferred_nucleoside,True,thymine_ribose,data/calculations/calc_f8fbb2f87101a351/record.json,f8fbb2f87101a35181bb44ea104db56111af184276c0b6caaf2b3cee385d6159,f8fbb2f87101a35181bb44ea104db56111af184276c0b6caaf2b3cee385d6159,True,calc_f8fbb2f87101a351
2_b3lyp_smd,B3LYP / SMD,transferred_nucleoside,True,uracil_ribose,data/calculations/calc_68badf35c7cc9a8a/record.json,68badf35c7cc9a8a2fd269d5a7e3b1a5ce4e3d2b49759aa787765be7010c8f18,68badf35c7cc9a8a2fd269d5a7e3b1a5ce4e3d2b49759aa787765be7010c8f18,True,calc_68badf35c7cc9a8a
3_wb97xd_pcm,wB97X-D / PCM,diagnostic_only_legacy_product,False,adenine_ribose,data/calculations/calc_68f76f635567b570/record.json,68f76f635567b570d3bafab2746cd30edc24cf99425d5b4a289b02a02eb8affe,68f76f635567b570d3bafab2746cd30edc24cf99425d5b4a289b02a02eb8affe,True,calc_68f76f635567b570
3_wb97xd_pcm,wB97X-D / PCM,diagnostic_only_legacy_product,False,adenine_ribose_phosphate,data/calculations/calc_89d5b7ad758f6bc5/record.json,89d5b7ad758f6bc5d4bdbc7df1970ca75bc94366716d7d3b7fcea432e22d59d3,89d5b7ad758f6bc5d4bdbc7df1970ca75bc94366716d7d3b7fcea432e22d59d3,True,calc_89d5b7ad758f6bc5
3_wb97xd_pcm,wB97X-D / PCM,diagnostic_only_legacy_product,False,barbituric_acid_clink_ribose_phosphate,data/calculations/calc_a8e58f4adf82e438/record.json,a8e58f4adf82e4385e96b5d3ea917de573eff4b5bb3e6a5aba5219828a0b1a6d,a8e58f4adf82e4385e96b5d3ea917de573eff4b5bb3e6a5aba5219828a0b1a6d,True,calc_a8e58f4adf82e438
3_wb97xd_pcm,wB97X-D / PCM,diagnostic_only_legacy_product,False,cytosine_ribose,data/calculations/calc_3a48ae006fae1bc6/record.json,3a48ae006fae1bc67827eef4fc6957d595289bed0e4cfbb04990548e98431d01,3a48ae006fae1bc67827eef4fc6957d595289bed0e4cfbb04990548e98431d01,True,calc_3a48ae006fae1bc6
3_wb97xd_pcm,wB97X-D / PCM,diagnostic_only_legacy_product,False,cytosine_ribose_phosphate,data/calculations/calc_9b9694792829334f/record.json,9b9694792829334f537628225a9a0b149cfcc1fb4829efe182930ba515dc0a6c,9b9694792829334f537628225a9a0b149cfcc1fb4829efe182930ba515dc0a6c,True,calc_9b9694792829334f
3_wb97xd_pcm,wB97X-D / PCM,diagnostic_only_legacy_product,False,guanine_ribose,data/calculations/calc_7a99d9d504f0f29b/record.json,7a99d9d504f0f29b9d98aa1d63cf3eb46ca5ec1dbfce41bd7dbed5b2a149b37a,7a99d9d504f0f29b9d98aa1d63cf3eb46ca5ec1dbfce41bd7dbed5b2a149b37a,True,calc_7a99d9d504f0f29b
3_wb97xd_pcm,wB97X-D / PCM,diagnostic_only_legacy_product,False,guanine_ribose_phosphate,data/calculations/calc_aa1e3a3c4d6e08d2/record.json,aa1e3a3c4d6e08d2833374499e0113ea65c8b58a167f342ac1c9454e010172d5,aa1e3a3c4d6e08d2833374499e0113ea65c8b58a167f342ac1c9454e010172d5,True,calc_aa1e3a3c4d6e08d2
3_wb97xd_pcm,wB97X-D / PCM,diagnostic_only_legacy_product,False,imidazole_ribose_phosphate,data/calculations/calc_77e99c7202c577c8/record.json,77e99c7202c577c825f018107e83365017e2c64505161e32351f72f769f8cec8,77e99c7202c577c825f018107e83365017e2c64505161e32351f72f769f8cec8,True,calc_77e99c7202c577c8
3_wb97xd_pcm,wB97X-D / PCM,diagnostic_only_legacy_product,False,melamine_ribose_phosphate,data/calculations/calc_ceab44138cff1b4f/record.json,ceab44138cff1b4f1336d8e5a06208946efad13529a0022557117a645b9d56b2,ceab44138cff1b4f1336d8e5a06208946efad13529a0022557117a645b9d56b2,True,calc_ceab44138cff1b4f
3_wb97xd_pcm,wB97X-D / PCM,diagnostic_only_legacy_product,False,tap_c5link_ribose_phosphate,data/calculations/calc_e9f16a6afa2658b4/record.json,e9f16a6afa2658b42777df0c54346d36b178bf45a6fbaefea0926f5fe277ebfd,e9f16a6afa2658b42777df0c54346d36b178bf45a6fbaefea0926f5fe277ebfd,True,calc_e9f16a6afa2658b4
3_wb97xd_pcm,wB97X-D / PCM,diagnostic_only_legacy_product,False,thymine_ribose,data/calculations/calc_046b153e0eea3f99/record.json,046b153e0eea3f994c9366a26dcf5eb271558b9563eda27d504116d68eacc38d,046b153e0eea3f994c9366a26dcf5eb271558b9563eda27d504116d68eacc38d,True,calc_046b153e0eea3f99
3_wb97xd_pcm,wB97X-D / PCM,diagnostic_only_legacy_product,False,thymine_ribose_phosphate,data/calculations/calc_e219389dfd48a0ea/record.json,e219389dfd48a0ea0e253551cd9a78464ea1f775f71ed2ac241c99b01e0e586e,e219389dfd48a0ea0e253551cd9a78464ea1f775f71ed2ac241c99b01e0e586e,True,calc_e219389dfd48a0ea
3_wb97xd_pcm,wB97X-D / PCM,diagnostic_only_legacy_product,False,uracil_ribose,data/calculations/calc_17f23c48dae66527/record.json,17f23c48dae6652790d5b1522d7f17018c05bab9ff2ca9f29b6216398784bde5,17f23c48dae6652790d5b1522d7f17018c05bab9ff2ca9f29b6216398784bde5,True,calc_17f23c48dae66527
3_wb97xd_pcm,wB97X-D / PCM,diagnostic_only_legacy_product,False,uracil_ribose_phosphate,data/calculations/calc_9518692843c4482d/record.json,9518692843c4482d6e0fc13312f39ffbef3f2d0195f997fb502e9e6d49506984,9518692843c4482d6e0fc13312f39ffbef3f2d0195f997fb502e9e6d49506984,True,calc_9518692843c4482d
3_wb97xd_pcm,wB97X-D / PCM,diagnostic_only_legacy_product,False,xanthine_ribose_phosphate,data/calculations/calc_7474c1645ee48f37/record.json,7474c1645ee48f3733f34cc6110fd955a76cff34de87dc4cd6995e4b3f04779b,7474c1645ee48f3733f34cc6110fd955a76cff34de87dc4cd6995e4b3f04779b,True,calc_7474c1645ee48f37
3_wb97xd_pcm,wB97X-D / PCM,method_matched_reference,True,adenine,data/calculations/calc_dec3790c850e3be9/record.json,dec3790c850e3be98b01e8cc6a368708a882d9394f5c1576c821d873c4b13a4b,dec3790c850e3be98b01e8cc6a368708a882d9394f5c1576c821d873c4b13a4b,True,calc_dec3790c850e3be9
3_wb97xd_pcm,wB97X-D / PCM,method_matched_reference,True,barbituric_acid,data/calculations/calc_cad4d80b8fb69c59/record.json,cad4d80b8fb69c59c41e93c41e3bbc239ab6f5d0de74792bd1275ff331515b38,cad4d80b8fb69c59c41e93c41e3bbc239ab6f5d0de74792bd1275ff331515b38,True,calc_cad4d80b8fb69c59
3_wb97xd_pcm,wB97X-D / PCM,method_matched_reference,True,cytosine,data/calculations/calc_e9416c80bb20ba36/record.json,e9416c80bb20ba363926f2f6db7e644be10b2dec47f5f5f8f24205f78b49bbd2,e9416c80bb20ba363926f2f6db7e644be10b2dec47f5f5f8f24205f78b49bbd2,True,calc_e9416c80bb20ba36
3_wb97xd_pcm,wB97X-D / PCM,method_matched_reference,True,guanine,data/calculations/calc_54a013183407b3a3/record.json,54a013183407b3a3935593afaebee00bc13cf17419798fe28bc2af4835170ef7,54a013183407b3a3935593afaebee00bc13cf17419798fe28bc2af4835170ef7,True,calc_54a013183407b3a3
3_wb97xd_pcm,wB97X-D / PCM,method_matched_reference,True,imidazole,data/calculations/calc_6e9313e7d80730f3/record.json,6e9313e7d80730f3b16648fc5e87c872ef468fc860d7492ce46951646cf2dd7f,6e9313e7d80730f3b16648fc5e87c872ef468fc860d7492ce46951646cf2dd7f,True,calc_6e9313e7d80730f3
3_wb97xd_pcm,wB97X-D / PCM,method_matched_reference,True,melamine,data/calculations/calc_4ad91875079a2fad/record.json,4ad91875079a2fad2372189fb456896f35af17a8a1bd08ce09811fbbf057d4b5,4ad91875079a2fad2372189fb456896f35af17a8a1bd08ce09811fbbf057d4b5,True,calc_4ad91875079a2fad
3_wb97xd_pcm,wB97X-D / PCM,method_matched_reference,True,phosphate,data/calculations/calc_9245a11b85b2f147/record.json,9245a11b85b2f14777d548412abcd60b5b5022da6b00ee61668d3ace2a1e47e2,9245a11b85b2f14777d548412abcd60b5b5022da6b00ee61668d3ace2a1e47e2,True,calc_9245a11b85b2f147
3_wb97xd_pcm,wB97X-D / PCM,method_matched_reference,True,ribose,data/calculations/calc_725de4a7fb1a69d0/record.json,725de4a7fb1a69d06219ea16e969d20c3d689ad04895d310a281daf1513311ed,725de4a7fb1a69d06219ea16e969d20c3d689ad04895d310a281daf1513311ed,True,calc_725de4a7fb1a69d0
3_wb97xd_pcm,wB97X-D / PCM,method_matched_reference,True,tap_c5link,data/calculations/calc_a8a11457d80de557/record.json,a8a11457d80de5574dd5262a84457aa35a824aaf2f1c4f9c9d4fc415c1c490d2,a8a11457d80de5574dd5262a84457aa35a824aaf2f1c4f9c9d4fc415c1c490d2,True,calc_a8a11457d80de557
3_wb97xd_pcm,wB97X-D / PCM,method_matched_reference,True,thymine,data/calculations/calc_ffad74f5dfb539ac/record.json,ffad74f5dfb539aca2f400bae454850f5b4e33f43aafd796e665aa98ac62da08,ffad74f5dfb539aca2f400bae454850f5b4e33f43aafd796e665aa98ac62da08,True,calc_ffad74f5dfb539ac
3_wb97xd_pcm,wB97X-D / PCM,method_matched_reference,True,uracil,data/calculations/calc_fca50a9c3ee1ba61/record.json,fca50a9c3ee1ba61931fe3946dbb1483e3b580a5c7dfc7f0f85cf6f4a9567c47,fca50a9c3ee1ba61931fe3946dbb1483e3b580a5c7dfc7f0f85cf6f4a9567c47,True,calc_fca50a9c3ee1ba61
3_wb97xd_pcm,wB97X-D / PCM,method_matched_reference,True,water,data/calculations/calc_fa0571a74d6ffd71/record.json,fa0571a74d6ffd71decbd604affda53e898e82d4b337b1ef3576f24f066c9068,fa0571a74d6ffd71decbd604affda53e898e82d4b337b1ef3576f24f066c9068,True,calc_fa0571a74d6ffd71
3_wb97xd_pcm,wB97X-D / PCM,method_matched_reference,True,xanthine,data/calculations/calc_91cbaa5a06790e92/record.json,91cbaa5a06790e92ce0e58aa62c19701a3aa8fb22c7755f2389d4a0dff57c640,91cbaa5a06790e92ce0e58aa62c19701a3aa8fb22c7755f2389d4a0dff57c640,True,calc_91cbaa5a06790e92
3_wb97xd_pcm,wB97X-D / PCM,required_transferred_nucleotide,True,adenine_ribose_phosphate,data/calculations/calc_72d490ce35cc1dce/record.json,72d490ce35cc1dce374b3c371cf8f459b21e07664562282b3052f248d68f0991,72d490ce35cc1dce374b3c371cf8f459b21e07664562282b3052f248d68f0991,True,calc_72d490ce35cc1dce
3_wb97xd_pcm,wB97X-D / PCM,required_transferred_nucleotide,True,barbituric_acid_clink_ribose_phosphate,data/calculations/calc_a384fef795f11182/record.json,a384fef795f11182403955e369d0161ed12f80ffa2e8dbd7240c3c191b17017a,a384fef795f11182403955e369d0161ed12f80ffa2e8dbd7240c3c191b17017a,True,calc_a384fef795f11182
3_wb97xd_pcm,wB97X-D / PCM,required_transferred_nucleotide,True,cytosine_ribose_phosphate,data/calculations/calc_21d1ee35118554b9/record.json,21d1ee35118554b9a4e811a2660b6809a7df0dec9fd492907aea002395d33671,21d1ee35118554b9a4e811a2660b6809a7df0dec9fd492907aea002395d33671,True,calc_21d1ee35118554b9
3_wb97xd_pcm,wB97X-D / PCM,required_transferred_nucleotide,True,guanine_ribose_phosphate,data/calculations/calc_4608e43cdd64d9f0/record.json,4608e43cdd64d9f07b9d3664a7d76e1fe40a25916f68a342e33e4c95f37dbd72,4608e43cdd64d9f07b9d3664a7d76e1fe40a25916f68a342e33e4c95f37dbd72,True,calc_4608e43cdd64d9f0
3_wb97xd_pcm,wB97X-D / PCM,required_transferred_nucleotide,True,imidazole_ribose_phosphate,data/calculations/calc_fbf471451571cf0f/record.json,fbf471451571cf0fb065d8a38eb54267025fc1eb4efb43d0106cfd2bad758acb,fbf471451571cf0fb065d8a38eb54267025fc1eb4efb43d0106cfd2bad758acb,True,calc_fbf471451571cf0f
3_wb97xd_pcm,wB97X-D / PCM,required_transferred_nucleotide,True,melamine_ribose_phosphate,data/calculations/calc_8efe3a51a5020e3f/record.json,8efe3a51a5020e3ff9b99c1837fad0d91803e128cdd8c7fe4860e1819e120fa4,8efe3a51a5020e3ff9b99c1837fad0d91803e128cdd8c7fe4860e1819e120fa4,True,calc_8efe3a51a5020e3f
3_wb97xd_pcm,wB97X-D / PCM,required_transferred_nucleotide,True,tap_c5link_ribose_phosphate,data/calculations/calc_0e03544b3f79a3ba/record.json,0e03544b3f79a3ba05a23c0b664fddfc4c7306efed32344aa5322bd80e9324ef,0e03544b3f79a3ba05a23c0b664fddfc4c7306efed32344aa5322bd80e9324ef,True,calc_0e03544b3f79a3ba
3_wb97xd_pcm,wB97X-D / PCM,required_transferred_nucleotide,True,thymine_ribose_phosphate,data/calculations/calc_ff2daa361198dfa7/record.json,ff2daa361198dfa78c375997e7ef92e9d4f8f8657192ada20f6d5cfade27d154,ff2daa361198dfa78c375997e7ef92e9d4f8f8657192ada20f6d5cfade27d154,True,calc_ff2daa361198dfa7
3_wb97xd_pcm,wB97X-D / PCM,required_transferred_nucleotide,True,uracil_ribose_phosphate,data/calculations/calc_19b94a81657c0b6e/record.json,19b94a81657c0b6e05e6298d8a2cba26af59b55d8da933e1f3b5c741c1398b73,19b94a81657c0b6e05e6298d8a2cba26af59b55d8da933e1f3b5c741c1398b73,True,calc_19b94a81657c0b6e
3_wb97xd_pcm,wB97X-D / PCM,required_transferred_nucleotide,True,xanthine_ribose_phosphate,data/calculations/calc_5cf0c9816a5806dc/record.json,5cf0c9816a5806dcf15ee6cfabe1eaa1c7541ecd51bfd43dce27f043bb31f551,5cf0c9816a5806dcf15ee6cfabe1eaa1c7541ecd51bfd43dce27f043bb31f551,True,calc_5cf0c9816a5806dc
3_wb97xd_pcm,wB97X-D / PCM,transferred_nucleoside,True,adenine_ribose,data/calculations/calc_122108fdc7a149c8/record.json,122108fdc7a149c8a03dfecbc5757be5a09ff7b734dda1926d793695e91fc29a,122108fdc7a149c8a03dfecbc5757be5a09ff7b734dda1926d793695e91fc29a,True,calc_122108fdc7a149c8
3_wb97xd_pcm,wB97X-D / PCM,transferred_nucleoside,True,cytosine_ribose,data/calculations/calc_63adf8eb5d64e352/record.json,63adf8eb5d64e352c1c87e578d059f541661b22885d28e1a67ba823b5591f35a,63adf8eb5d64e352c1c87e578d059f541661b22885d28e1a67ba823b5591f35a,True,calc_63adf8eb5d64e352
3_wb97xd_pcm,wB97X-D / PCM,transferred_nucleoside,True,guanine_ribose,data/calculations/calc_0a6d29f4d7b4ec0e/record.json,0a6d29f4d7b4ec0e59f7acbab1db381dd21fb54928edddd46da6988586354196,0a6d29f4d7b4ec0e59f7acbab1db381dd21fb54928edddd46da6988586354196,True,calc_0a6d29f4d7b4ec0e
3_wb97xd_pcm,wB97X-D / PCM,transferred_nucleoside,True,thymine_ribose,data/calculations/calc_ea171598c8f74aae/record.json,ea171598c8f74aae006bd1d3856b9319785fe7a3acd391372cab0cb447f84d99,ea171598c8f74aae006bd1d3856b9319785fe7a3acd391372cab0cb447f84d99,True,calc_ea171598c8f74aae
3_wb97xd_pcm,wB97X-D / PCM,transferred_nucleoside,True,uracil_ribose,data/calculations/calc_6d597551171e62f1/record.json,6d597551171e62f1f7f051ab5992ae6a6a599a5ae12face04293b8cebcfe8e48,6d597551171e62f1f7f051ab5992ae6a6a599a5ae12face04293b8cebcfe8e48,True,calc_6d597551171e62f1
4_wb97xd_smd,wB97X-D / SMD,diagnostic_only_legacy_product,False,adenine_ribose,data/calculations/calc_49089228618d7685/record.json,49089228618d76850e7a603867c545dc1720afef3c1401d037c0b2f9b4bd275f,49089228618d76850e7a603867c545dc1720afef3c1401d037c0b2f9b4bd275f,True,calc_49089228618d7685
4_wb97xd_smd,wB97X-D / SMD,diagnostic_only_legacy_product,False,adenine_ribose_phosphate,data/calculations/calc_bdba36e59c4d6113/record.json,bdba36e59c4d611394733259566a8a3e8175936d4cb00ff87d4305426a55fcad,bdba36e59c4d611394733259566a8a3e8175936d4cb00ff87d4305426a55fcad,True,calc_bdba36e59c4d6113
4_wb97xd_smd,wB97X-D / SMD,diagnostic_only_legacy_product,False,barbituric_acid_clink_ribose_phosphate,data/calculations/calc_d5e211cca1fc1961/record.json,d5e211cca1fc19615e89c75733acd1a8e869dfd9e28c6a6b37611b8ad369b454,d5e211cca1fc19615e89c75733acd1a8e869dfd9e28c6a6b37611b8ad369b454,True,calc_d5e211cca1fc1961
4_wb97xd_smd,wB97X-D / SMD,diagnostic_only_legacy_product,False,cytosine_ribose,data/calculations/calc_632ac16308aa7835/record.json,632ac16308aa7835183b93eb77c2a968b4896f82ed4ce7bf68ca0f76c0f64bb6,632ac16308aa7835183b93eb77c2a968b4896f82ed4ce7bf68ca0f76c0f64bb6,True,calc_632ac16308aa7835
4_wb97xd_smd,wB97X-D / SMD,diagnostic_only_legacy_product,False,cytosine_ribose_phosphate,data/calculations/calc_a2c73d7b05c86175/record.json,a2c73d7b05c86175f7772225449f32443fd065f2f0d001c0fc90bb84080dab5a,a2c73d7b05c86175f7772225449f32443fd065f2f0d001c0fc90bb84080dab5a,True,calc_a2c73d7b05c86175
4_wb97xd_smd,wB97X-D / SMD,diagnostic_only_legacy_product,False,guanine_ribose,data/calculations/calc_5beadd79f0a9afce/record.json,5beadd79f0a9afce447bd4517f561d61d108cc7cf681ab3ae9b107c8c8cf81cf,5beadd79f0a9afce447bd4517f561d61d108cc7cf681ab3ae9b107c8c8cf81cf,True,calc_5beadd79f0a9afce
4_wb97xd_smd,wB97X-D / SMD,diagnostic_only_legacy_product,False,guanine_ribose_phosphate,data/calculations/calc_aedaa4b1b97764b6/record.json,aedaa4b1b97764b6a158288dbf10a0011a749ee6e48df3fe69c09028c0c53981,aedaa4b1b97764b6a158288dbf10a0011a749ee6e48df3fe69c09028c0c53981,True,calc_aedaa4b1b97764b6
4_wb97xd_smd,wB97X-D / SMD,diagnostic_only_legacy_product,False,imidazole_ribose_phosphate,data/calculations/calc_9f3d4bba17d5da13/record.json,9f3d4bba17d5da13eff1b10998be7f8a84d4da6015331f57fd9f406e4f493c65,9f3d4bba17d5da13eff1b10998be7f8a84d4da6015331f57fd9f406e4f493c65,True,calc_9f3d4bba17d5da13
4_wb97xd_smd,wB97X-D / SMD,diagnostic_only_legacy_product,False,melamine_ribose_phosphate,data/calculations/calc_b246a77642599b0d/record.json,b246a77642599b0de910f0506b53099f9e155fa7ac39c297fca6ad25020c0779,b246a77642599b0de910f0506b53099f9e155fa7ac39c297fca6ad25020c0779,True,calc_b246a77642599b0d
4_wb97xd_smd,wB97X-D / SMD,diagnostic_only_legacy_product,False,tap_c5link_ribose_phosphate,data/calculations/calc_06acefa3904aa477/record.json,06acefa3904aa477dd8b8951141684e0bf2099ce4a3721aa8c2c0d441d272278,06acefa3904aa477dd8b8951141684e0bf2099ce4a3721aa8c2c0d441d272278,True,calc_06acefa3904aa477
4_wb97xd_smd,wB97X-D / SMD,diagnostic_only_legacy_product,False,thymine_ribose,data/calculations/calc_64bda940952af5ef/record.json,64bda940952af5eff98571b5b585e5202e7bd2c206f269d6f22ec751b6a66dd6,64bda940952af5eff98571b5b585e5202e7bd2c206f269d6f22ec751b6a66dd6,True,calc_64bda940952af5ef
4_wb97xd_smd,wB97X-D / SMD,diagnostic_only_legacy_product,False,thymine_ribose_phosphate,data/calculations/calc_8d8e4f819cf4d5b8/record.json,8d8e4f819cf4d5b86073cf1d1d2be8380ffc050d6523252715f2cc5ff571a8e1,8d8e4f819cf4d5b86073cf1d1d2be8380ffc050d6523252715f2cc5ff571a8e1,True,calc_8d8e4f819cf4d5b8
4_wb97xd_smd,wB97X-D / SMD,diagnostic_only_legacy_product,False,uracil_ribose,data/calculations/calc_33f0d89cd9d3b947/record.json,33f0d89cd9d3b947e13ccbbec67bb4b966179a04a38d1179b8bfeb95a2ca8586,33f0d89cd9d3b947e13ccbbec67bb4b966179a04a38d1179b8bfeb95a2ca8586,True,calc_33f0d89cd9d3b947
4_wb97xd_smd,wB97X-D / SMD,diagnostic_only_legacy_product,False,uracil_ribose_phosphate,data/calculations/calc_71e4fd9c80d17df9/record.json,71e4fd9c80d17df96ccd903ee71de196653c8f0885f526ad41c99d87f56b63ed,71e4fd9c80d17df96ccd903ee71de196653c8f0885f526ad41c99d87f56b63ed,True,calc_71e4fd9c80d17df9
4_wb97xd_smd,wB97X-D / SMD,diagnostic_only_legacy_product,False,xanthine_ribose_phosphate,data/calculations/calc_8562808cff7d009e/record.json,8562808cff7d009e1c62da3324bb75535a72adbd3d2b6ee4e066517fabc8601e,8562808cff7d009e1c62da3324bb75535a72adbd3d2b6ee4e066517fabc8601e,True,calc_8562808cff7d009e
4_wb97xd_smd,wB97X-D / SMD,method_matched_reference,True,adenine,data/calculations/calc_d8fadd1e5364264f/record.json,d8fadd1e5364264f72aa45baf9e58bc7eeaab046c7056adf7e68d079caf8176a,d8fadd1e5364264f72aa45baf9e58bc7eeaab046c7056adf7e68d079caf8176a,True,calc_d8fadd1e5364264f
4_wb97xd_smd,wB97X-D / SMD,method_matched_reference,True,barbituric_acid,data/calculations/calc_5687d6eeed8d267c/record.json,5687d6eeed8d267cfb5812ca6e89f89dcdd3c0c946a92daa105a77e89f4055b0,5687d6eeed8d267cfb5812ca6e89f89dcdd3c0c946a92daa105a77e89f4055b0,True,calc_5687d6eeed8d267c
4_wb97xd_smd,wB97X-D / SMD,method_matched_reference,True,cytosine,data/calculations/calc_4b4dd9bef7f20064/record.json,4b4dd9bef7f200645cc4b425b8344473c786fd005a89c2a8a616f3a11a0f8a92,4b4dd9bef7f200645cc4b425b8344473c786fd005a89c2a8a616f3a11a0f8a92,True,calc_4b4dd9bef7f20064
4_wb97xd_smd,wB97X-D / SMD,method_matched_reference,True,guanine,data/calculations/calc_8626fbd01c1c40ed/record.json,8626fbd01c1c40ed7968b95b32489d20ca07e95e1e4630be9d6430159892a31e,8626fbd01c1c40ed7968b95b32489d20ca07e95e1e4630be9d6430159892a31e,True,calc_8626fbd01c1c40ed
4_wb97xd_smd,wB97X-D / SMD,method_matched_reference,True,imidazole,data/calculations/calc_3a261bbad3062bff/record.json,3a261bbad3062bfff2da975ce1a2f15c553929fb1717bab9637500ef92a3cd8c,3a261bbad3062bfff2da975ce1a2f15c553929fb1717bab9637500ef92a3cd8c,True,calc_3a261bbad3062bff
4_wb97xd_smd,wB97X-D / SMD,method_matched_reference,True,melamine,data/calculations/calc_1632baec8f23be35/record.json,1632baec8f23be351628dce2964ee43d0836b715518c6e974e5e805139ec6c59,1632baec8f23be351628dce2964ee43d0836b715518c6e974e5e805139ec6c59,True,calc_1632baec8f23be35
4_wb97xd_smd,wB97X-D / SMD,method_matched_reference,True,phosphate,data/calculations/calc_dba554ab032f7da2/record.json,dba554ab032f7da2b6996e83f4bd9c9171bc0f53faf0bbbc737f4d0cd24c30ef,dba554ab032f7da2b6996e83f4bd9c9171bc0f53faf0bbbc737f4d0cd24c30ef,True,calc_dba554ab032f7da2
4_wb97xd_smd,wB97X-D / SMD,method_matched_reference,True,ribose,data/calculations/calc_73513eb6dbf3d59a/record.json,73513eb6dbf3d59af67c6168573471e8dd1eb13339bb577fb86d30f74e7eead9,73513eb6dbf3d59af67c6168573471e8dd1eb13339bb577fb86d30f74e7eead9,True,calc_73513eb6dbf3d59a
4_wb97xd_smd,wB97X-D / SMD,method_matched_reference,True,tap_c5link,data/calculations/calc_37224311d98c4c49/record.json,37224311d98c4c490b2c0807c94b79c03ed9a37ce6dd4652f3fe44a540f93ef5,37224311d98c4c490b2c0807c94b79c03ed9a37ce6dd4652f3fe44a540f93ef5,True,calc_37224311d98c4c49
4_wb97xd_smd,wB97X-D / SMD,method_matched_reference,True,thymine,data/calculations/calc_1c7a5355de31f415/record.json,1c7a5355de31f41597184fe798fbc06b0126411ddb2539aacff8075743b84774,1c7a5355de31f41597184fe798fbc06b0126411ddb2539aacff8075743b84774,True,calc_1c7a5355de31f415
4_wb97xd_smd,wB97X-D / SMD,method_matched_reference,True,uracil,data/calculations/calc_0f12ea6b595a93ec/record.json,0f12ea6b595a93ec35e6ea35194b29696682e8e08122d57da1bec6d10f4dd7f9,0f12ea6b595a93ec35e6ea35194b29696682e8e08122d57da1bec6d10f4dd7f9,True,calc_0f12ea6b595a93ec
4_wb97xd_smd,wB97X-D / SMD,method_matched_reference,True,water,data/calculations/calc_6f45fb9022587d2a/record.json,6f45fb9022587d2a9a2f874d10a885958c06ef59d8efd9f64862eec6ae0cd178,6f45fb9022587d2a9a2f874d10a885958c06ef59d8efd9f64862eec6ae0cd178,True,calc_6f45fb9022587d2a
4_wb97xd_smd,wB97X-D / SMD,method_matched_reference,True,xanthine,data/calculations/calc_6e5426e1ce41021c/record.json,6e5426e1ce41021c2a8179a5e3d88fd27c21ff568bf73f8c8ab3ddb3711fefbd,6e5426e1ce41021c2a8179a5e3d88fd27c21ff568bf73f8c8ab3ddb3711fefbd,True,calc_6e5426e1ce41021c
4_wb97xd_smd,wB97X-D / SMD,required_transferred_nucleotide,True,adenine_ribose_phosphate,data/calculations/calc_09eaa4c6091a5f08/record.json,09eaa4c6091a5f080fd0f7b61b8b4534e8f3452e14ee9f3b64181713487cd9b3,09eaa4c6091a5f080fd0f7b61b8b4534e8f3452e14ee9f3b64181713487cd9b3,True,calc_09eaa4c6091a5f08
4_wb97xd_smd,wB97X-D / SMD,required_transferred_nucleotide,True,barbituric_acid_clink_ribose_phosphate,data/calculations/calc_04f63a231dca7906/record.json,04f63a231dca79061170397823490f9cf9ae58c43ea7b25baa7051c7b273d53a,04f63a231dca79061170397823490f9cf9ae58c43ea7b25baa7051c7b273d53a,True,calc_04f63a231dca7906
4_wb97xd_smd,wB97X-D / SMD,required_transferred_nucleotide,True,cytosine_ribose_phosphate,data/calculations/calc_bc421ebce09a5829/record.json,bc421ebce09a582955474b32bb6f6115b340b60773bedc2ac817df152a0381f9,bc421ebce09a582955474b32bb6f6115b340b60773bedc2ac817df152a0381f9,True,calc_bc421ebce09a5829
4_wb97xd_smd,wB97X-D / SMD,required_transferred_nucleotide,True,guanine_ribose_phosphate,data/calculations/calc_78f81024d1ff47cb/record.json,78f81024d1ff47cbc780d9e4d3a2e99790b6de60fbf328d84c0bc8e7500b53e7,78f81024d1ff47cbc780d9e4d3a2e99790b6de60fbf328d84c0bc8e7500b53e7,True,calc_78f81024d1ff47cb
4_wb97xd_smd,wB97X-D / SMD,required_transferred_nucleotide,True,imidazole_ribose_phosphate,data/calculations/calc_0e4c7aa3a97c6d8c/record.json,0e4c7aa3a97c6d8cda03f1159f1ca2991f68dbc6a4b94b6d22bd43efe4c2c16c,0e4c7aa3a97c6d8cda03f1159f1ca2991f68dbc6a4b94b6d22bd43efe4c2c16c,True,calc_0e4c7aa3a97c6d8c
4_wb97xd_smd,wB97X-D / SMD,required_transferred_nucleotide,True,melamine_ribose_phosphate,data/calculations/calc_7a8ceeb16edf502a/record.json,7a8ceeb16edf502a2fb6fbeffb2eb97166014f0f14a45df409eb5fc5d7dcb7f3,7a8ceeb16edf502a2fb6fbeffb2eb97166014f0f14a45df409eb5fc5d7dcb7f3,True,calc_7a8ceeb16edf502a
4_wb97xd_smd,wB97X-D / SMD,required_transferred_nucleotide,True,tap_c5link_ribose_phosphate,data/calculations/calc_7cd543fe94878ff7/record.json,7cd543fe94878ff78c5e8d753cdbd3db379b05673c809c56ce37d7ed3f0931a3,7cd543fe94878ff78c5e8d753cdbd3db379b05673c809c56ce37d7ed3f0931a3,True,calc_7cd543fe94878ff7
4_wb97xd_smd,wB97X-D / SMD,required_transferred_nucleotide,True,thymine_ribose_phosphate,data/calculations/calc_52d11e5c99c1522e/record.json,52d11e5c99c1522ebe370c23efee5471ff44466dd12f86ea8dada3927e437b41,52d11e5c99c1522ebe370c23efee5471ff44466dd12f86ea8dada3927e437b41,True,calc_52d11e5c99c1522e
4_wb97xd_smd,wB97X-D / SMD,required_transferred_nucleotide,True,uracil_ribose_phosphate,data/calculations/calc_3100ea350ac9136c/record.json,3100ea350ac9136cfc779af0f7f4024767fc72679bedfe68c110264b12509082,3100ea350ac9136cfc779af0f7f4024767fc72679bedfe68c110264b12509082,True,calc_3100ea350ac9136c
4_wb97xd_smd,wB97X-D / SMD,required_transferred_nucleotide,True,xanthine_ribose_phosphate,data/calculations/calc_65ed7cea79d02289/record.json,65ed7cea79d02289f0ff50659b074afb73a457e6d689ba01a61e60f1bf18397d,65ed7cea79d02289f0ff50659b074afb73a457e6d689ba01a61e60f1bf18397d,True,calc_65ed7cea79d02289
4_wb97xd_smd,wB97X-D / SMD,transferred_nucleoside,True,adenine_ribose,data/calculations/calc_d6e0ee5600c77646/record.json,d6e0ee5600c77646085f1e0bfe7b4be826b8a3b0d599068d36b11612c2f1e74d,d6e0ee5600c77646085f1e0bfe7b4be826b8a3b0d599068d36b11612c2f1e74d,True,calc_d6e0ee5600c77646
4_wb97xd_smd,wB97X-D / SMD,transferred_nucleoside,True,cytosine_ribose,data/calculations/calc_3c5a4da3a0e261eb/record.json,3c5a4da3a0e261eba692757cf59beb4e8aeb1a7b44533990fd81a6823544397d,3c5a4da3a0e261eba692757cf59beb4e8aeb1a7b44533990fd81a6823544397d,True,calc_3c5a4da3a0e261eb
4_wb97xd_smd,wB97X-D / SMD,transferred_nucleoside,True,guanine_ribose,data/calculations/calc_cfb3c19a9a0d5966/record.json,cfb3c19a9a0d596629eb1eace21e2809ebc78a956860bcec1b6332bf1239e023,cfb3c19a9a0d596629eb1eace21e2809ebc78a956860bcec1b6332bf1239e023,True,calc_cfb3c19a9a0d5966
4_wb97xd_smd,wB97X-D / SMD,transferred_nucleoside,True,thymine_ribose,data/calculations/calc_fd81a34f6634214c/record.json,fd81a34f6634214cee59457c33b0b0e63ea95f2d8093e87609ba769d8a579a11,fd81a34f6634214cee59457c33b0b0e63ea95f2d8093e87609ba769d8a579a11,True,calc_fd81a34f6634214c
4_wb97xd_smd,wB97X-D / SMD,transferred_nucleoside,True,uracil_ribose,data/calculations/calc_cc34f0ef71265eca/record.json,cc34f0ef71265ecae52d43f3d1fe14f674c83cf8a0d2afa1451d3708466e74fb,cc34f0ef71265ecae52d43f3d1fe14f674c83cf8a0d2afa1451d3708466e74fb,True,calc_cc34f0ef71265eca
