analysis_id,method_id,method_label,family_panel,reaction_scope,selection_policy,analysis_role,sampling_design,geometry_origin,species_id,molecule_class,manifest_file_name,local_path,computed_gibbs_hartree,candidate_rank_within_species,candidate_count,delta_g_from_min_kcal_mol,selected_for_analysis,calculation_id
full21_b3lyp_pcm,1_b3lyp_pcm,B3LYP / PCM,all_21,all balanced reaction quantities,lowest valid G within the full B3LYP/PCM candidate pool,conformer_candidate,full_b3lyp_pcm_candidate_pool,b3lyp_pcm_candidate_pool,1_methyluracil,base,1_methyluracil_pcm_water.log,data/calculations/calc_557d5df31f5d3868/record.json,-454.225805887,1,1,0.0,True,calc_557d5df31f5d3868
full21_b3lyp_pcm,1_b3lyp_pcm,B3LYP / PCM,all_21,all balanced reaction quantities,lowest valid G within the full B3LYP/PCM candidate pool,conformer_candidate,full_b3lyp_pcm_candidate_pool,b3lyp_pcm_candidate_pool,1_methyluracil_ribose,nucleoside,1_methyluracil_ribose_conf2_pcm_water.log,data/calculations/calc_14dd388accc7bb16/record.json,-950.497857721,1,6,0.0,True,calc_14dd388accc7bb16
full21_b3lyp_pcm,1_b3lyp_pcm,B3LYP / PCM,all_21,all balanced reaction quantities,lowest valid G within the full B3LYP/PCM candidate pool,conformer_candidate,full_b3lyp_pcm_candidate_pool,b3lyp_pcm_candidate_pool,1_methyluracil_ribose,nucleoside,1_methyluracil_ribose_conf1_pcm_water.log,data/calculations/calc_8fff6d635cf75f67/record.json,-950.497664986,2,6,0.120943038509572,False,calc_8fff6d635cf75f67
full21_b3lyp_pcm,1_b3lyp_pcm,B3LYP / PCM,all_21,all balanced reaction quantities,lowest valid G within the full B3LYP/PCM candidate pool,conformer_candidate,full_b3lyp_pcm_candidate_pool,b3lyp_pcm_candidate_pool,1_methyluracil_ribose,nucleoside,1_methyluracil_ribose_conf5_pcm_water.log,data/calculations/calc_ef13cf20cb2d6086/record.json,-950.497617381,3,6,0.1508156269280199,False,calc_ef13cf20cb2d6086
full21_b3lyp_pcm,1_b3lyp_pcm,B3LYP / PCM,all_21,all balanced reaction quantities,lowest valid G within the full B3LYP/PCM candidate pool,conformer_candidate,full_b3lyp_pcm_candidate_pool,b3lyp_pcm_candidate_pool,1_methyluracil_ribose,nucleoside,1_methyluracil_ribose_conf4_pcm_water.log,data/calculations/calc_1d0d11d7d1abd4e1/record.json,-950.496884134,4,6,0.6109350662381778,False,calc_1d0d11d7d1abd4e1
full21_b3lyp_pcm,1_b3lyp_pcm,B3LYP / PCM,all_21,all balanced reaction quantities,lowest valid G within the full B3LYP/PCM candidate pool,conformer_candidate,full_b3lyp_pcm_candidate_pool,b3lyp_pcm_candidate_pool,1_methyluracil_ribose,nucleoside,1_methyluracil_ribose_conf15_pcm_water.log,data/calculations/calc_bdef5ac53c00d7a1/record.json,-950.495041282,5,6,1.7673421555940882,False,calc_bdef5ac53c00d7a1
full21_b3lyp_pcm,1_b3lyp_pcm,B3LYP / PCM,all_21,all balanced reaction quantities,lowest valid G within the full B3LYP/PCM candidate pool,conformer_candidate,full_b3lyp_pcm_candidate_pool,b3lyp_pcm_candidate_pool,1_methyluracil_ribose,nucleoside,1_methyluracil_ribose_dft_seed_pcm_water.log,data/calculations/calc_76b5542ff380a349/record.json,-950.490817784,6,6,4.417627164272836,False,calc_76b5542ff380a349
full21_b3lyp_pcm,1_b3lyp_pcm,B3LYP / PCM,all_21,all balanced reaction quantities,lowest valid G within the full B3LYP/PCM candidate pool,conformer_candidate,full_b3lyp_pcm_candidate_pool,b3lyp_pcm_candidate_pool,1_methyluracil_ribose_phosphate,nucleotide,1_methyluracil_ribose_phosphate_conf2_pcm_water.log,data/calculations/calc_cded447bd0a49de6/record.json,-1518.36478563,1,3,0.0,True,calc_cded447bd0a49de6
full21_b3lyp_pcm,1_b3lyp_pcm,B3LYP / PCM,all_21,all balanced reaction quantities,lowest valid G within the full B3LYP/PCM candidate pool,conformer_candidate,full_b3lyp_pcm_candidate_pool,b3lyp_pcm_candidate_pool,1_methyluracil_ribose_phosphate,nucleotide,1_methyluracil_ribose_phosphate_conf1_pcm_water.log,data/calculations/calc_1b4708cf6ba6ff0e/record.json,-1518.3646842,2,3,0.0636482860082558,False,calc_1b4708cf6ba6ff0e
full21_b3lyp_pcm,1_b3lyp_pcm,B3LYP / PCM,all_21,all balanced reaction quantities,lowest valid G within the full B3LYP/PCM candidate pool,conformer_candidate,full_b3lyp_pcm_candidate_pool,b3lyp_pcm_candidate_pool,1_methyluracil_ribose_phosphate,nucleotide,1_methyluracil_ribose_phosphate_dft_seed_pcm_water.log,data/calculations/calc_f703619f5912b596/record.json,-1518.36159975,3,3,1.999169883257254,False,calc_f703619f5912b596
full21_b3lyp_pcm,1_b3lyp_pcm,B3LYP / PCM,all_21,all balanced reaction quantities,lowest valid G within the full B3LYP/PCM candidate pool,conformer_candidate,full_b3lyp_pcm_candidate_pool,b3lyp_pcm_candidate_pool,2_6_diaminopurine,base,2_6_diaminopurine_pcm_water.log,data/calculations/calc_b64e41e8c31af266/record.json,-522.7926492959999,1,1,0.0,True,calc_b64e41e8c31af266
full21_b3lyp_pcm,1_b3lyp_pcm,B3LYP / PCM,all_21,all balanced reaction quantities,lowest valid G within the full B3LYP/PCM candidate pool,conformer_candidate,full_b3lyp_pcm_candidate_pool,b3lyp_pcm_candidate_pool,2_6_diaminopurine_ribose,nucleoside,2_6_diaminopurine_ribose_conf5_pcm_water.log,data/calculations/calc_eef5f88f9cf1ba9c/record.json,-1019.0786213,1,4,0.0,True,calc_eef5f88f9cf1ba9c
full21_b3lyp_pcm,1_b3lyp_pcm,B3LYP / PCM,all_21,all balanced reaction quantities,lowest valid G within the full B3LYP/PCM candidate pool,conformer_candidate,full_b3lyp_pcm_candidate_pool,b3lyp_pcm_candidate_pool,2_6_diaminopurine_ribose,nucleoside,2_6_diaminopurine_ribose_conf15_pcm_water.log,data/calculations/calc_4111d058a9a23ce3/record.json,-1019.07792539,2,4,0.4366901180892045,False,calc_4111d058a9a23ce3
full21_b3lyp_pcm,1_b3lyp_pcm,B3LYP / PCM,all_21,all balanced reaction quantities,lowest valid G within the full B3LYP/PCM candidate pool,conformer_candidate,full_b3lyp_pcm_candidate_pool,b3lyp_pcm_candidate_pool,2_6_diaminopurine_ribose,nucleoside,2_6_diaminopurine_ribose_conf14_pcm_water.log,data/calculations/calc_e6e1aeea90cf3a13/record.json,-1019.0765539,3,4,1.297313086741344,False,calc_e6e1aeea90cf3a13
full21_b3lyp_pcm,1_b3lyp_pcm,B3LYP / PCM,all_21,all balanced reaction quantities,lowest valid G within the full B3LYP/PCM candidate pool,conformer_candidate,full_b3lyp_pcm_candidate_pool,b3lyp_pcm_candidate_pool,2_6_diaminopurine_ribose,nucleoside,2_6_diaminopurine_ribose_dft_seed_pcm_water.log,data/calculations/calc_d131565cc15c8f44/record.json,-1019.0737909,4,4,3.031121763551957,False,calc_d131565cc15c8f44
full21_b3lyp_pcm,1_b3lyp_pcm,B3LYP / PCM,all_21,all balanced reaction quantities,lowest valid G within the full B3LYP/PCM candidate pool,conformer_candidate,full_b3lyp_pcm_candidate_pool,b3lyp_pcm_candidate_pool,2_6_diaminopurine_ribose_phosphate,nucleotide,2_6_diaminopurine_ribose_phosphate_conf7_pcm_water.log,data/calculations/calc_ed287a3331341d0a/record.json,-1586.93402226,1,7,0.0,True,calc_ed287a3331341d0a
full21_b3lyp_pcm,1_b3lyp_pcm,B3LYP / PCM,all_21,all balanced reaction quantities,lowest valid G within the full B3LYP/PCM candidate pool,conformer_candidate,full_b3lyp_pcm_candidate_pool,b3lyp_pcm_candidate_pool,2_6_diaminopurine_ribose_phosphate,nucleotide,2_6_diaminopurine_ribose_phosphate_conf68_pcm_water.log,data/calculations/calc_a3a7174101acabd5/record.json,-1586.93176839,2,7,1.4143247784518505,False,calc_a3a7174101acabd5
full21_b3lyp_pcm,1_b3lyp_pcm,B3LYP / PCM,all_21,all balanced reaction quantities,lowest valid G within the full B3LYP/PCM candidate pool,conformer_candidate,full_b3lyp_pcm_candidate_pool,b3lyp_pcm_candidate_pool,2_6_diaminopurine_ribose_phosphate,nucleotide,2_6_diaminopurine_ribose_phosphate_conf17_pcm_water.log,data/calculations/calc_4331c3dcbcea9fae/record.json,-1586.93119238,3,7,1.775776510484088,False,calc_4331c3dcbcea9fae
full21_b3lyp_pcm,1_b3lyp_pcm,B3LYP / PCM,all_21,all balanced reaction quantities,lowest valid G within the full B3LYP/PCM candidate pool,conformer_candidate,full_b3lyp_pcm_candidate_pool,b3lyp_pcm_candidate_pool,2_6_diaminopurine_ribose_phosphate,nucleotide,2_6_diaminopurine_ribose_phosphate_conf28_pcm_water.log,data/calculations/calc_c10a8008bc8aefc2/record.json,-1586.93118325,4,7,1.7815056720327382,False,calc_c10a8008bc8aefc2
full21_b3lyp_pcm,1_b3lyp_pcm,B3LYP / PCM,all_21,all balanced reaction quantities,lowest valid G within the full B3LYP/PCM candidate pool,conformer_candidate,full_b3lyp_pcm_candidate_pool,b3lyp_pcm_candidate_pool,2_6_diaminopurine_ribose_phosphate,nucleotide,2_6_diaminopurine_ribose_phosphate_conf41_pcm_water.log,data/calculations/calc_6f84473072d9c8e9/record.json,-1586.93102259,5,7,1.8823213442107696,False,calc_6f84473072d9c8e9
full21_b3lyp_pcm,1_b3lyp_pcm,B3LYP / PCM,all_21,all balanced reaction quantities,lowest valid G within the full B3LYP/PCM candidate pool,conformer_candidate,full_b3lyp_pcm_candidate_pool,b3lyp_pcm_candidate_pool,2_6_diaminopurine_ribose_phosphate,nucleotide,2_6_diaminopurine_ribose_phosphate_dft_seed_pcm_water.log,data/calculations/calc_03300c0b6096fdd6/record.json,-1586.93070645,6,7,2.0807021891954856,False,calc_03300c0b6096fdd6
full21_b3lyp_pcm,1_b3lyp_pcm,B3LYP / PCM,all_21,all balanced reaction quantities,lowest valid G within the full B3LYP/PCM candidate pool,conformer_candidate,full_b3lyp_pcm_candidate_pool,b3lyp_pcm_candidate_pool,2_6_diaminopurine_ribose_phosphate,nucleotide,2_6_diaminopurine_ribose_phosphate_conf1_pcm_water.log,data/calculations/calc_21a856a6d79c22c2/record.json,-1586.93057341,7,7,2.1641860496480576,False,calc_21a856a6d79c22c2
full21_b3lyp_pcm,1_b3lyp_pcm,B3LYP / PCM,all_21,all balanced reaction quantities,lowest valid G within the full B3LYP/PCM candidate pool,conformer_candidate,full_b3lyp_pcm_candidate_pool,b3lyp_pcm_candidate_pool,5_amino_4_imidazolecarboxamide,base,5_amino_4_imidazolecarboxamide_conf2_pcm_water.log,data/calculations/calc_72bf1dd411b42985/record.json,-450.393711213,1,2,0.0,True,calc_72bf1dd411b42985
full21_b3lyp_pcm,1_b3lyp_pcm,B3LYP / PCM,all_21,all balanced reaction quantities,lowest valid G within the full B3LYP/PCM candidate pool,conformer_candidate,full_b3lyp_pcm_candidate_pool,b3lyp_pcm_candidate_pool,5_amino_4_imidazolecarboxamide,base,5_amino_4_imidazolecarboxamide_dft_seed_pcm_water.log,data/calculations/calc_b99194fdcc4a3b99/record.json,-450.39272107500005,2,2,0.6213209756068482,False,calc_b99194fdcc4a3b99
full21_b3lyp_pcm,1_b3lyp_pcm,B3LYP / PCM,all_21,all balanced reaction quantities,lowest valid G within the full B3LYP/PCM candidate pool,conformer_candidate,full_b3lyp_pcm_candidate_pool,b3lyp_pcm_candidate_pool,5_amino_4_imidazolecarboxamide_ribose,nucleoside,5_amino_4_imidazolecarboxamide_ribose_conf11_pcm_water.log,data/calculations/calc_78af7694df9bfb2e/record.json,-946.675721204,1,6,0.0,True,calc_78af7694df9bfb2e
full21_b3lyp_pcm,1_b3lyp_pcm,B3LYP / PCM,all_21,all balanced reaction quantities,lowest valid G within the full B3LYP/PCM candidate pool,conformer_candidate,full_b3lyp_pcm_candidate_pool,b3lyp_pcm_candidate_pool,5_amino_4_imidazolecarboxamide_ribose,nucleoside,5_amino_4_imidazolecarboxamide_ribose_conf6_pcm_water.log,data/calculations/calc_c42d0d054e263bba/record.json,-946.674672917,2,6,0.6578100239678887,False,calc_c42d0d054e263bba
full21_b3lyp_pcm,1_b3lyp_pcm,B3LYP / PCM,all_21,all balanced reaction quantities,lowest valid G within the full B3LYP/PCM candidate pool,conformer_candidate,full_b3lyp_pcm_candidate_pool,b3lyp_pcm_candidate_pool,5_amino_4_imidazolecarboxamide_ribose,nucleoside,5_amino_4_imidazolecarboxamide_ribose_conf1_pcm_water.log,data/calculations/calc_f55c1ea5f51be12e/record.json,-946.672658415,3,6,1.921929114528039,False,calc_f55c1ea5f51be12e
full21_b3lyp_pcm,1_b3lyp_pcm,B3LYP / PCM,all_21,all balanced reaction quantities,lowest valid G within the full B3LYP/PCM candidate pool,conformer_candidate,full_b3lyp_pcm_candidate_pool,b3lyp_pcm_candidate_pool,5_amino_4_imidazolecarboxamide_ribose,nucleoside,5_amino_4_imidazolecarboxamide_ribose_conf4_pcm_water.log,data/calculations/calc_715864eb4f63358d/record.json,-946.67182888,4,6,2.4424701860823235,False,calc_715864eb4f63358d
full21_b3lyp_pcm,1_b3lyp_pcm,B3LYP / PCM,all_21,all balanced reaction quantities,lowest valid G within the full B3LYP/PCM candidate pool,conformer_candidate,full_b3lyp_pcm_candidate_pool,b3lyp_pcm_candidate_pool,5_amino_4_imidazolecarboxamide_ribose,nucleoside,5_amino_4_imidazolecarboxamide_ribose_dft_seed_pcm_water.log,data/calculations/calc_05feecbff34208d6/record.json,-946.671758444,5,6,2.4866694433894243,False,calc_05feecbff34208d6
full21_b3lyp_pcm,1_b3lyp_pcm,B3LYP / PCM,all_21,all balanced reaction quantities,lowest valid G within the full B3LYP/PCM candidate pool,conformer_candidate,full_b3lyp_pcm_candidate_pool,b3lyp_pcm_candidate_pool,5_amino_4_imidazolecarboxamide_ribose,nucleoside,5_amino_4_imidazolecarboxamide_ribose_conf15_pcm_water.log,data/calculations/calc_c353cb46090f2737/record.json,-946.6704082,6,6,3.3339603457092366,False,calc_c353cb46090f2737
full21_b3lyp_pcm,1_b3lyp_pcm,B3LYP / PCM,all_21,all balanced reaction quantities,lowest valid G within the full B3LYP/PCM candidate pool,conformer_candidate,full_b3lyp_pcm_candidate_pool,b3lyp_pcm_candidate_pool,5_amino_4_imidazolecarboxamide_ribose_phosphate,nucleotide,5_amino_4_imidazolecarboxamide_ribose_phosphate_conf26_pcm_water.log,data/calculations/calc_e4c1a7e3bbfa378a/record.json,-1514.53950183,1,7,0.0,True,calc_e4c1a7e3bbfa378a
full21_b3lyp_pcm,1_b3lyp_pcm,B3LYP / PCM,all_21,all balanced reaction quantities,lowest valid G within the full B3LYP/PCM candidate pool,conformer_candidate,full_b3lyp_pcm_candidate_pool,b3lyp_pcm_candidate_pool,5_amino_4_imidazolecarboxamide_ribose_phosphate,nucleotide,5_amino_4_imidazolecarboxamide_ribose_phosphate_conf13_pcm_water.log,data/calculations/calc_96a5f9226f958845/record.json,-1514.53812739,2,7,0.8624741215709831,False,calc_96a5f9226f958845
full21_b3lyp_pcm,1_b3lyp_pcm,B3LYP / PCM,all_21,all balanced reaction quantities,lowest valid G within the full B3LYP/PCM candidate pool,conformer_candidate,full_b3lyp_pcm_candidate_pool,b3lyp_pcm_candidate_pool,5_amino_4_imidazolecarboxamide_ribose_phosphate,nucleotide,5_amino_4_imidazolecarboxamide_ribose_phosphate_conf50_pcm_water.log,data/calculations/calc_52957a55359e7d7e/record.json,-1514.53711161,3,7,1.499885695127776,False,calc_52957a55359e7d7e
full21_b3lyp_pcm,1_b3lyp_pcm,B3LYP / PCM,all_21,all balanced reaction quantities,lowest valid G within the full B3LYP/PCM candidate pool,conformer_candidate,full_b3lyp_pcm_candidate_pool,b3lyp_pcm_candidate_pool,5_amino_4_imidazolecarboxamide_ribose_phosphate,nucleotide,5_amino_4_imidazolecarboxamide_ribose_phosphate_conf83_pcm_water.log,data/calculations/calc_23bc295a9a84aeb9/record.json,-1514.5370474800002,4,7,1.5401278775914202,False,calc_23bc295a9a84aeb9
full21_b3lyp_pcm,1_b3lyp_pcm,B3LYP / PCM,all_21,all balanced reaction quantities,lowest valid G within the full B3LYP/PCM candidate pool,conformer_candidate,full_b3lyp_pcm_candidate_pool,b3lyp_pcm_candidate_pool,5_amino_4_imidazolecarboxamide_ribose_phosphate,nucleotide,5_amino_4_imidazolecarboxamide_ribose_phosphate_conf2_pcm_water.log,data/calculations/calc_2ab52de2d0314391/record.json,-1514.53644005,5,7,1.9212959575300192,False,calc_2ab52de2d0314391
full21_b3lyp_pcm,1_b3lyp_pcm,B3LYP / PCM,all_21,all balanced reaction quantities,lowest valid G within the full B3LYP/PCM candidate pool,conformer_candidate,full_b3lyp_pcm_candidate_pool,b3lyp_pcm_candidate_pool,5_amino_4_imidazolecarboxamide_ribose_phosphate,nucleotide,5_amino_4_imidazolecarboxamide_ribose_phosphate_dft_seed_pcm_water.log,data/calculations/calc_4a92c714ea7f5fc6/record.json,-1514.53642748,6,7,1.9291837516697037,False,calc_4a92c714ea7f5fc6
full21_b3lyp_pcm,1_b3lyp_pcm,B3LYP / PCM,all_21,all balanced reaction quantities,lowest valid G within the full B3LYP/PCM candidate pool,conformer_candidate,full_b3lyp_pcm_candidate_pool,b3lyp_pcm_candidate_pool,5_amino_4_imidazolecarboxamide_ribose_phosphate,nucleotide,5_amino_4_imidazolecarboxamide_ribose_phosphate_conf1_pcm_water.log,data/calculations/calc_5ee54d8eac1aceed/record.json,-1514.53239627,7,7,4.458806218603682,False,calc_5ee54d8eac1aceed
full21_b3lyp_pcm,1_b3lyp_pcm,B3LYP / PCM,all_21,all balanced reaction quantities,lowest valid G within the full B3LYP/PCM candidate pool,conformer_candidate,full_b3lyp_pcm_candidate_pool,b3lyp_pcm_candidate_pool,6_methyluracil,base,6_methyluracil_pcm_water.log,data/calculations/calc_aa4f8869f52bb371/record.json,-454.2426641269999,1,1,0.0,True,calc_aa4f8869f52bb371
full21_b3lyp_pcm,1_b3lyp_pcm,B3LYP / PCM,all_21,all balanced reaction quantities,lowest valid G within the full B3LYP/PCM candidate pool,conformer_candidate,full_b3lyp_pcm_candidate_pool,b3lyp_pcm_candidate_pool,6_methyluracil_ribose,nucleoside,6_methyluracil_ribose_conf1_pcm_water.log,data/calculations/calc_81d6cb24819ff295/record.json,-950.509671363,1,5,0.0,True,calc_81d6cb24819ff295
full21_b3lyp_pcm,1_b3lyp_pcm,B3LYP / PCM,all_21,all balanced reaction quantities,lowest valid G within the full B3LYP/PCM candidate pool,conformer_candidate,full_b3lyp_pcm_candidate_pool,b3lyp_pcm_candidate_pool,6_methyluracil_ribose,nucleoside,6_methyluracil_ribose_conf3_pcm_water.log,data/calculations/calc_1b1a89f0c87538f8/record.json,-950.509579951,2,5,0.057361896018367,False,calc_1b1a89f0c87538f8
full21_b3lyp_pcm,1_b3lyp_pcm,B3LYP / PCM,all_21,all balanced reaction quantities,lowest valid G within the full B3LYP/PCM candidate pool,conformer_candidate,full_b3lyp_pcm_candidate_pool,b3lyp_pcm_candidate_pool,6_methyluracil_ribose,nucleoside,6_methyluracil_ribose_conf23_pcm_water.log,data/calculations/calc_d92135c27f0fd512/record.json,-950.507027731,3,5,1.6589041259730657,False,calc_d92135c27f0fd512
full21_b3lyp_pcm,1_b3lyp_pcm,B3LYP / PCM,all_21,all balanced reaction quantities,lowest valid G within the full B3LYP/PCM candidate pool,conformer_candidate,full_b3lyp_pcm_candidate_pool,b3lyp_pcm_candidate_pool,6_methyluracil_ribose,nucleoside,6_methyluracil_ribose_dft_seed_pcm_water.log,data/calculations/calc_699eb456c0bcee04/record.json,-950.505586936,4,5,2.563016638660648,False,calc_699eb456c0bcee04
full21_b3lyp_pcm,1_b3lyp_pcm,B3LYP / PCM,all_21,all balanced reaction quantities,lowest valid G within the full B3LYP/PCM candidate pool,conformer_candidate,full_b3lyp_pcm_candidate_pool,b3lyp_pcm_candidate_pool,6_methyluracil_ribose,nucleoside,6_methyluracil_ribose_conf32_pcm_water.log,data/calculations/calc_50e8f8d4f07f014c/record.json,-950.504876311,5,5,3.008940558673405,False,calc_50e8f8d4f07f014c
full21_b3lyp_pcm,1_b3lyp_pcm,B3LYP / PCM,all_21,all balanced reaction quantities,lowest valid G within the full B3LYP/PCM candidate pool,conformer_candidate,full_b3lyp_pcm_candidate_pool,b3lyp_pcm_candidate_pool,6_methyluracil_ribose_phosphate,nucleotide,6_methyluracil_ribose_phosphate_conf1_pcm_water.log,data/calculations/calc_62672a6146a08e14/record.json,-1518.37414697,1,3,0.0,True,calc_62672a6146a08e14
full21_b3lyp_pcm,1_b3lyp_pcm,B3LYP / PCM,all_21,all balanced reaction quantities,lowest valid G within the full B3LYP/PCM candidate pool,conformer_candidate,full_b3lyp_pcm_candidate_pool,b3lyp_pcm_candidate_pool,6_methyluracil_ribose_phosphate,nucleotide,6_methyluracil_ribose_phosphate_conf7_pcm_water.log,data/calculations/calc_babe225d7f2e03db/record.json,-1518.37410823,2,3,0.024309717048009,False,calc_babe225d7f2e03db
full21_b3lyp_pcm,1_b3lyp_pcm,B3LYP / PCM,all_21,all balanced reaction quantities,lowest valid G within the full B3LYP/PCM candidate pool,conformer_candidate,full_b3lyp_pcm_candidate_pool,b3lyp_pcm_candidate_pool,6_methyluracil_ribose_phosphate,nucleotide,6_methyluracil_ribose_phosphate_dft_seed_pcm_water.log,data/calculations/calc_b857d87b6fb2f2c2/record.json,-1518.36907134,3,3,3.1850059118168064,False,calc_b857d87b6fb2f2c2
full21_b3lyp_pcm,1_b3lyp_pcm,B3LYP / PCM,all_21,all balanced reaction quantities,lowest valid G within the full B3LYP/PCM candidate pool,conformer_candidate,full_b3lyp_pcm_candidate_pool,b3lyp_pcm_candidate_pool,adenine,base,adenine_pcm_water.log,data/calculations/calc_579b225d5746d6f9/record.json,-467.411776062,1,1,0.0,True,calc_579b225d5746d6f9
full21_b3lyp_pcm,1_b3lyp_pcm,B3LYP / PCM,all_21,all balanced reaction quantities,lowest valid G within the full B3LYP/PCM candidate pool,conformer_candidate,full_b3lyp_pcm_candidate_pool,b3lyp_pcm_candidate_pool,adenine_ribose,nucleoside,adenine_ribose_conf1_pcm_water.log,data/calculations/calc_c35c5f7936f0c4ab/record.json,-963.698278779,1,5,0.0,True,calc_c35c5f7936f0c4ab
full21_b3lyp_pcm,1_b3lyp_pcm,B3LYP / PCM,all_21,all balanced reaction quantities,lowest valid G within the full B3LYP/PCM candidate pool,conformer_candidate,full_b3lyp_pcm_candidate_pool,b3lyp_pcm_candidate_pool,adenine_ribose,nucleoside,adenine_ribose_conf4_pcm_water.log,data/calculations/calc_edec2067803d7dbc/record.json,-963.695483615,2,5,1.7539918915367827,False,calc_edec2067803d7dbc
full21_b3lyp_pcm,1_b3lyp_pcm,B3LYP / PCM,all_21,all balanced reaction quantities,lowest valid G within the full B3LYP/PCM candidate pool,conformer_candidate,full_b3lyp_pcm_candidate_pool,b3lyp_pcm_candidate_pool,adenine_ribose,nucleoside,adenine_ribose_dft_seed_pcm_water.log,data/calculations/calc_b64d0bf85e13c1e7/record.json,-963.693118581,3,5,3.238073133111967,False,calc_b64d0bf85e13c1e7
full21_b3lyp_pcm,1_b3lyp_pcm,B3LYP / PCM,all_21,all balanced reaction quantities,lowest valid G within the full B3LYP/PCM candidate pool,conformer_candidate,full_b3lyp_pcm_candidate_pool,b3lyp_pcm_candidate_pool,adenine_ribose,nucleoside,adenine_ribose_conf8_pcm_water.log,data/calculations/calc_f03eaac50aa0ee46/record.json,-963.693050375,4,5,3.280873044180584,False,calc_f03eaac50aa0ee46
full21_b3lyp_pcm,1_b3lyp_pcm,B3LYP / PCM,all_21,all balanced reaction quantities,lowest valid G within the full B3LYP/PCM candidate pool,conformer_candidate,full_b3lyp_pcm_candidate_pool,b3lyp_pcm_candidate_pool,adenine_ribose,nucleoside,adenine_ribose_conf5_pcm_water.log,data/calculations/calc_952ceee5ea63c11f/record.json,-963.692408018,5,5,3.6839581474493968,False,calc_952ceee5ea63c11f
full21_b3lyp_pcm,1_b3lyp_pcm,B3LYP / PCM,all_21,all balanced reaction quantities,lowest valid G within the full B3LYP/PCM candidate pool,conformer_candidate,full_b3lyp_pcm_candidate_pool,b3lyp_pcm_candidate_pool,adenine_ribose_phosphate,nucleotide,adenine_ribose_phosphate_conf13_pcm_water.log,data/calculations/calc_565406d4de58dfbc/record.json,-1531.56611465,1,6,0.0,True,calc_565406d4de58dfbc
full21_b3lyp_pcm,1_b3lyp_pcm,B3LYP / PCM,all_21,all balanced reaction quantities,lowest valid G within the full B3LYP/PCM candidate pool,conformer_candidate,full_b3lyp_pcm_candidate_pool,b3lyp_pcm_candidate_pool,adenine_ribose_phosphate,nucleotide,adenine_ribose_phosphate_conf1_pcm_water.log,data/calculations/calc_9321e946d318e261/record.json,-1531.5619550600002,2,6,2.6101821332005684,False,calc_9321e946d318e261
full21_b3lyp_pcm,1_b3lyp_pcm,B3LYP / PCM,all_21,all balanced reaction quantities,lowest valid G within the full B3LYP/PCM candidate pool,conformer_candidate,full_b3lyp_pcm_candidate_pool,b3lyp_pcm_candidate_pool,adenine_ribose_phosphate,nucleotide,adenine_ribose_phosphate_conf22_pcm_water.log,data/calculations/calc_24debaf35022ea98/record.json,-1531.56174169,3,6,2.7440738298134955,False,calc_24debaf35022ea98
full21_b3lyp_pcm,1_b3lyp_pcm,B3LYP / PCM,all_21,all balanced reaction quantities,lowest valid G within the full B3LYP/PCM candidate pool,conformer_candidate,full_b3lyp_pcm_candidate_pool,b3lyp_pcm_candidate_pool,adenine_ribose_phosphate,nucleotide,adenine_ribose_phosphate_conf75_pcm_water.log,data/calculations/calc_261fd8f740147344/record.json,-1531.56081007,4,6,3.328674206086573,False,calc_261fd8f740147344
full21_b3lyp_pcm,1_b3lyp_pcm,B3LYP / PCM,all_21,all balanced reaction quantities,lowest valid G within the full B3LYP/PCM candidate pool,conformer_candidate,full_b3lyp_pcm_candidate_pool,b3lyp_pcm_candidate_pool,adenine_ribose_phosphate,nucleotide,adenine_ribose_phosphate_conf113_pcm_water.log,data/calculations/calc_f21bed15be44607b/record.json,-1531.55890885,5,6,4.521707768244806,False,calc_f21bed15be44607b
full21_b3lyp_pcm,1_b3lyp_pcm,B3LYP / PCM,all_21,all balanced reaction quantities,lowest valid G within the full B3LYP/PCM candidate pool,conformer_candidate,full_b3lyp_pcm_candidate_pool,b3lyp_pcm_candidate_pool,adenine_ribose_phosphate,nucleotide,adenine_ribose_phosphate_dft_seed_pcm_water.log,data/calculations/calc_18ea3413065df474/record.json,-1531.55658244,6,6,5.981552083814574,False,calc_18ea3413065df474
full21_b3lyp_pcm,1_b3lyp_pcm,B3LYP / PCM,all_21,all balanced reaction quantities,lowest valid G within the full B3LYP/PCM candidate pool,conformer_candidate,full_b3lyp_pcm_candidate_pool,b3lyp_pcm_candidate_pool,barbituric_acid,base,barbituric_acid_pcm_water.log,data/calculations/calc_83ba274204495cdc/record.json,-490.202518283,1,1,0.0,True,calc_83ba274204495cdc
full21_b3lyp_pcm,1_b3lyp_pcm,B3LYP / PCM,all_21,all balanced reaction quantities,lowest valid G within the full B3LYP/PCM candidate pool,conformer_candidate,full_b3lyp_pcm_candidate_pool,b3lyp_pcm_candidate_pool,barbituric_acid_clink_ribose,nucleoside,barbituric_acid_Clink_ribose_conf13_pcm_water.log,data/calculations/calc_46cd4512cd3591cc/record.json,-986.480748927,1,6,0.0,True,calc_46cd4512cd3591cc
full21_b3lyp_pcm,1_b3lyp_pcm,B3LYP / PCM,all_21,all balanced reaction quantities,lowest valid G within the full B3LYP/PCM candidate pool,conformer_candidate,full_b3lyp_pcm_candidate_pool,b3lyp_pcm_candidate_pool,barbituric_acid_clink_ribose,nucleoside,barbituric_acid_Clink_ribose_conf1_pcm_water.log,data/calculations/calc_43c0069d4d54a62f/record.json,-986.480690605,2,6,0.0365976076004395,False,calc_43c0069d4d54a62f
full21_b3lyp_pcm,1_b3lyp_pcm,B3LYP / PCM,all_21,all balanced reaction quantities,lowest valid G within the full B3LYP/PCM candidate pool,conformer_candidate,full_b3lyp_pcm_candidate_pool,b3lyp_pcm_candidate_pool,barbituric_acid_clink_ribose,nucleoside,barbituric_acid_Clink_ribose_conf2_pcm_water.log,data/calculations/calc_2b7ae9bb53db5d85/record.json,-986.480401092,3,6,0.2182697579549889,False,calc_2b7ae9bb53db5d85
full21_b3lyp_pcm,1_b3lyp_pcm,B3LYP / PCM,all_21,all balanced reaction quantities,lowest valid G within the full B3LYP/PCM candidate pool,conformer_candidate,full_b3lyp_pcm_candidate_pool,b3lyp_pcm_candidate_pool,barbituric_acid_clink_ribose,nucleoside,barbituric_acid_Clink_ribose_conf4_pcm_water.log,data/calculations/calc_3d9f45370675f460/record.json,-986.479886007,4,6,0.5414904753782395,False,calc_3d9f45370675f460
full21_b3lyp_pcm,1_b3lyp_pcm,B3LYP / PCM,all_21,all balanced reaction quantities,lowest valid G within the full B3LYP/PCM candidate pool,conformer_candidate,full_b3lyp_pcm_candidate_pool,b3lyp_pcm_candidate_pool,barbituric_acid_clink_ribose,nucleoside,barbituric_acid_Clink_ribose_conf7_pcm_water.log,data/calculations/calc_55fb7f63499d156e/record.json,-986.478891075,5,6,1.1658197313717529,False,calc_55fb7f63499d156e
full21_b3lyp_pcm,1_b3lyp_pcm,B3LYP / PCM,all_21,all balanced reaction quantities,lowest valid G within the full B3LYP/PCM candidate pool,conformer_candidate,full_b3lyp_pcm_candidate_pool,b3lyp_pcm_candidate_pool,barbituric_acid_clink_ribose,nucleoside,barbituric_acid_Clink_ribose_dft_seed_pcm_water.log,data/calculations/calc_0259d469238e98e8/record.json,-986.476043799,6,6,2.9525123967226916,False,calc_0259d469238e98e8
full21_b3lyp_pcm,1_b3lyp_pcm,B3LYP / PCM,all_21,all balanced reaction quantities,lowest valid G within the full B3LYP/PCM candidate pool,conformer_candidate,full_b3lyp_pcm_candidate_pool,b3lyp_pcm_candidate_pool,barbituric_acid_clink_ribose_phosphate,nucleotide,barbituric_acid_Clink_ribose_phosphate_conf1_pcm_water.log,data/calculations/calc_30c04d4de5da70b4/record.json,-1554.34709075,1,5,0.0,True,calc_30c04d4de5da70b4
full21_b3lyp_pcm,1_b3lyp_pcm,B3LYP / PCM,all_21,all balanced reaction quantities,lowest valid G within the full B3LYP/PCM candidate pool,conformer_candidate,full_b3lyp_pcm_candidate_pool,b3lyp_pcm_candidate_pool,barbituric_acid_clink_ribose_phosphate,nucleotide,barbituric_acid_Clink_ribose_phosphate_conf51_pcm_water.log,data/calculations/calc_fa4caa8829bcc007/record.json,-1554.3459944600002,2,5,0.687932361226724,False,calc_fa4caa8829bcc007
full21_b3lyp_pcm,1_b3lyp_pcm,B3LYP / PCM,all_21,all balanced reaction quantities,lowest valid G within the full B3LYP/PCM candidate pool,conformer_candidate,full_b3lyp_pcm_candidate_pool,b3lyp_pcm_candidate_pool,barbituric_acid_clink_ribose_phosphate,nucleotide,barbituric_acid_Clink_ribose_phosphate_dft_seed_pcm_water.log,data/calculations/calc_8855818933fb6b34/record.json,-1554.34559946,3,5,0.9357986036405816,False,calc_8855818933fb6b34
full21_b3lyp_pcm,1_b3lyp_pcm,B3LYP / PCM,all_21,all balanced reaction quantities,lowest valid G within the full B3LYP/PCM candidate pool,conformer_candidate,full_b3lyp_pcm_candidate_pool,b3lyp_pcm_candidate_pool,barbituric_acid_clink_ribose_phosphate,nucleotide,barbituric_acid_Clink_ribose_phosphate_conf17_pcm_water.log,data/calculations/calc_02f9f94592bb03fd/record.json,-1554.3454957,4,5,1.0009089865278096,False,calc_02f9f94592bb03fd
full21_b3lyp_pcm,1_b3lyp_pcm,B3LYP / PCM,all_21,all balanced reaction quantities,lowest valid G within the full B3LYP/PCM candidate pool,conformer_candidate,full_b3lyp_pcm_candidate_pool,b3lyp_pcm_candidate_pool,barbituric_acid_clink_ribose_phosphate,nucleotide,barbituric_acid_Clink_ribose_phosphate_conf39_pcm_water.log,data/calculations/calc_0f03edb9079554fe/record.json,-1554.34469622,5,5,1.5025902608949475,False,calc_0f03edb9079554fe
full21_b3lyp_pcm,1_b3lyp_pcm,B3LYP / PCM,all_21,all balanced reaction quantities,lowest valid G within the full B3LYP/PCM candidate pool,conformer_candidate,full_b3lyp_pcm_candidate_pool,b3lyp_pcm_candidate_pool,barbituric_acid_nlink_ribose,nucleoside,barbituric_acid_Nlink_ribose_conf9_pcm_water.log,data/calculations/calc_08003ea684cb1bf3/record.json,-986.474375475,1,6,0.0,True,calc_08003ea684cb1bf3
full21_b3lyp_pcm,1_b3lyp_pcm,B3LYP / PCM,all_21,all balanced reaction quantities,lowest valid G within the full B3LYP/PCM candidate pool,conformer_candidate,full_b3lyp_pcm_candidate_pool,b3lyp_pcm_candidate_pool,barbituric_acid_nlink_ribose,nucleoside,barbituric_acid_Nlink_ribose_conf6_pcm_water.log,data/calculations/calc_a11e13b4f9762b56/record.json,-986.474077377,2,6,0.1870593191468873,False,calc_a11e13b4f9762b56
full21_b3lyp_pcm,1_b3lyp_pcm,B3LYP / PCM,all_21,all balanced reaction quantities,lowest valid G within the full B3LYP/PCM candidate pool,conformer_candidate,full_b3lyp_pcm_candidate_pool,b3lyp_pcm_candidate_pool,barbituric_acid_nlink_ribose,nucleoside,barbituric_acid_Nlink_ribose_conf1_pcm_water.log,data/calculations/calc_f3b372db5e5c32c0/record.json,-986.473951594,3,6,0.2659893433506182,False,calc_f3b372db5e5c32c0
full21_b3lyp_pcm,1_b3lyp_pcm,B3LYP / PCM,all_21,all balanced reaction quantities,lowest valid G within the full B3LYP/PCM candidate pool,conformer_candidate,full_b3lyp_pcm_candidate_pool,b3lyp_pcm_candidate_pool,barbituric_acid_nlink_ribose,nucleoside,barbituric_acid_Nlink_ribose_conf2_pcm_water.log,data/calculations/calc_591f499b8d1ae2c9/record.json,-986.473908374,4,6,0.2931103028610145,False,calc_591f499b8d1ae2c9
full21_b3lyp_pcm,1_b3lyp_pcm,B3LYP / PCM,all_21,all balanced reaction quantities,lowest valid G within the full B3LYP/PCM candidate pool,conformer_candidate,full_b3lyp_pcm_candidate_pool,b3lyp_pcm_candidate_pool,barbituric_acid_nlink_ribose,nucleoside,barbituric_acid_Nlink_ribose_conf11_pcm_water.log,data/calculations/calc_ca7a1ad393c49c94/record.json,-986.472313374,5,6,1.2939879139615709,False,calc_ca7a1ad393c49c94
full21_b3lyp_pcm,1_b3lyp_pcm,B3LYP / PCM,all_21,all balanced reaction quantities,lowest valid G within the full B3LYP/PCM candidate pool,conformer_candidate,full_b3lyp_pcm_candidate_pool,b3lyp_pcm_candidate_pool,barbituric_acid_nlink_ribose,nucleoside,barbituric_acid_Nlink_ribose_dft_seed_pcm_water.log,data/calculations/calc_4f5a7381e2b6ded5/record.json,-986.471952198,6,6,1.5206292758093738,False,calc_4f5a7381e2b6ded5
full21_b3lyp_pcm,1_b3lyp_pcm,B3LYP / PCM,all_21,all balanced reaction quantities,lowest valid G within the full B3LYP/PCM candidate pool,conformer_candidate,full_b3lyp_pcm_candidate_pool,b3lyp_pcm_candidate_pool,barbituric_acid_nlink_ribose_phosphate,nucleotide,barbituric_acid_Nlink_ribose_phosphate_conf2_pcm_water.log,data/calculations/calc_7de52b9db685b71c/record.json,-1554.34163666,1,3,0.0,True,calc_7de52b9db685b71c
full21_b3lyp_pcm,1_b3lyp_pcm,B3LYP / PCM,all_21,all balanced reaction quantities,lowest valid G within the full B3LYP/PCM candidate pool,conformer_candidate,full_b3lyp_pcm_candidate_pool,b3lyp_pcm_candidate_pool,barbituric_acid_nlink_ribose_phosphate,nucleotide,barbituric_acid_Nlink_ribose_phosphate_conf1_pcm_water.log,data/calculations/calc_3ace63afce64566c/record.json,-1554.33899168,2,3,1.659750008715999,False,calc_3ace63afce64566c
full21_b3lyp_pcm,1_b3lyp_pcm,B3LYP / PCM,all_21,all balanced reaction quantities,lowest valid G within the full B3LYP/PCM candidate pool,conformer_candidate,full_b3lyp_pcm_candidate_pool,b3lyp_pcm_candidate_pool,barbituric_acid_nlink_ribose_phosphate,nucleotide,barbituric_acid_Nlink_ribose_phosphate_dft_seed_pcm_water.log,data/calculations/calc_2a5469107ea1af99/record.json,-1554.33859843,3,3,1.9065181093211656,False,calc_2a5469107ea1af99
full21_b3lyp_pcm,1_b3lyp_pcm,B3LYP / PCM,all_21,all balanced reaction quantities,lowest valid G within the full B3LYP/PCM candidate pool,conformer_candidate,full_b3lyp_pcm_candidate_pool,b3lyp_pcm_candidate_pool,cyanuric_acid_nlink,base,cyanuric_acid_Nlink_pcm_water.log,data/calculations/calc_51c2f3ea6aae4f49/record.json,-506.289233965,1,1,0.0,True,calc_51c2f3ea6aae4f49
full21_b3lyp_pcm,1_b3lyp_pcm,B3LYP / PCM,all_21,all balanced reaction quantities,lowest valid G within the full B3LYP/PCM candidate pool,conformer_candidate,full_b3lyp_pcm_candidate_pool,b3lyp_pcm_candidate_pool,cyanuric_acid_nlink_ribose,nucleoside,cyanuric_acid_Nlink_ribose_conf3_pcm_water.log,data/calculations/calc_3c702ab51f529882/record.json,-1002.56160611,1,4,0.0,True,calc_3c702ab51f529882
full21_b3lyp_pcm,1_b3lyp_pcm,B3LYP / PCM,all_21,all balanced reaction quantities,lowest valid G within the full B3LYP/PCM candidate pool,conformer_candidate,full_b3lyp_pcm_candidate_pool,b3lyp_pcm_candidate_pool,cyanuric_acid_nlink_ribose,nucleoside,cyanuric_acid_Nlink_ribose_conf4_pcm_water.log,data/calculations/calc_e968dd39aaf627eb/record.json,-1002.55973634,2,4,1.1732983893807531,False,calc_e968dd39aaf627eb
full21_b3lyp_pcm,1_b3lyp_pcm,B3LYP / PCM,all_21,all balanced reaction quantities,lowest valid G within the full B3LYP/PCM candidate pool,conformer_candidate,full_b3lyp_pcm_candidate_pool,b3lyp_pcm_candidate_pool,cyanuric_acid_nlink_ribose,nucleoside,cyanuric_acid_Nlink_ribose_conf5_pcm_water.log,data/calculations/calc_497a0b04503b1b8b/record.json,-1002.55953312,3,4,1.3008208647017747,False,calc_497a0b04503b1b8b
full21_b3lyp_pcm,1_b3lyp_pcm,B3LYP / PCM,all_21,all balanced reaction quantities,lowest valid G within the full B3LYP/PCM candidate pool,conformer_candidate,full_b3lyp_pcm_candidate_pool,b3lyp_pcm_candidate_pool,cyanuric_acid_nlink_ribose,nucleoside,cyanuric_acid_Nlink_ribose_dft_seed_pcm_water.log,data/calculations/calc_af642e8b0aa1e185/record.json,-1002.55877254,4,4,1.778092020425407,False,calc_af642e8b0aa1e185
full21_b3lyp_pcm,1_b3lyp_pcm,B3LYP / PCM,all_21,all balanced reaction quantities,lowest valid G within the full B3LYP/PCM candidate pool,conformer_candidate,full_b3lyp_pcm_candidate_pool,b3lyp_pcm_candidate_pool,cyanuric_acid_nlink_ribose_phosphate,nucleotide,cyanuric_acid_Nlink_ribose_phosphate_conf1_pcm_water.log,data/calculations/calc_26ec58bd7524b4f3/record.json,-1570.4291062,1,3,0.0,True,calc_26ec58bd7524b4f3
full21_b3lyp_pcm,1_b3lyp_pcm,B3LYP / PCM,all_21,all balanced reaction quantities,lowest valid G within the full B3LYP/PCM candidate pool,conformer_candidate,full_b3lyp_pcm_candidate_pool,b3lyp_pcm_candidate_pool,cyanuric_acid_nlink_ribose_phosphate,nucleotide,cyanuric_acid_Nlink_ribose_phosphate_conf4_pcm_water.log,data/calculations/calc_907a99946fc5539a/record.json,-1570.42731451,2,3,1.1243024495156402,False,calc_907a99946fc5539a
full21_b3lyp_pcm,1_b3lyp_pcm,B3LYP / PCM,all_21,all balanced reaction quantities,lowest valid G within the full B3LYP/PCM candidate pool,conformer_candidate,full_b3lyp_pcm_candidate_pool,b3lyp_pcm_candidate_pool,cyanuric_acid_nlink_ribose_phosphate,nucleotide,cyanuric_acid_Nlink_ribose_phosphate_dft_seed_pcm_water.log,data/calculations/calc_96d8ce6176ad9624/record.json,-1570.42489568,3,3,2.642141190741636,False,calc_96d8ce6176ad9624
full21_b3lyp_pcm,1_b3lyp_pcm,B3LYP / PCM,all_21,all balanced reaction quantities,lowest valid G within the full B3LYP/PCM candidate pool,conformer_candidate,full_b3lyp_pcm_candidate_pool,b3lyp_pcm_candidate_pool,cytosine,base,cytosine_pcm_water.log,data/calculations/calc_134efc3e90289083/record.json,-395.027078634,1,1,0.0,True,calc_134efc3e90289083
full21_b3lyp_pcm,1_b3lyp_pcm,B3LYP / PCM,all_21,all balanced reaction quantities,lowest valid G within the full B3LYP/PCM candidate pool,conformer_candidate,full_b3lyp_pcm_candidate_pool,b3lyp_pcm_candidate_pool,cytosine_ribose,nucleoside,cytosine_ribose_conf1_pcm_water.log,data/calculations/calc_70a1afe23b704cc1/record.json,-891.3112308679999,1,6,0.0,True,calc_70a1afe23b704cc1
full21_b3lyp_pcm,1_b3lyp_pcm,B3LYP / PCM,all_21,all balanced reaction quantities,lowest valid G within the full B3LYP/PCM candidate pool,conformer_candidate,full_b3lyp_pcm_candidate_pool,b3lyp_pcm_candidate_pool,cytosine_ribose,nucleoside,cytosine_ribose_conf5_pcm_water.log,data/calculations/calc_37bcfc83bab04f8a/record.json,-891.310912702,2,6,0.1996521792888172,False,calc_37bcfc83bab04f8a
full21_b3lyp_pcm,1_b3lyp_pcm,B3LYP / PCM,all_21,all balanced reaction quantities,lowest valid G within the full B3LYP/PCM candidate pool,conformer_candidate,full_b3lyp_pcm_candidate_pool,b3lyp_pcm_candidate_pool,cytosine_ribose,nucleoside,cytosine_ribose_conf4_pcm_water.log,data/calculations/calc_35c16c09bf59768c/record.json,-891.310791011,3,6,0.2760144346994901,False,calc_35c16c09bf59768c
full21_b3lyp_pcm,1_b3lyp_pcm,B3LYP / PCM,all_21,all balanced reaction quantities,lowest valid G within the full B3LYP/PCM candidate pool,conformer_candidate,full_b3lyp_pcm_candidate_pool,b3lyp_pcm_candidate_pool,cytosine_ribose,nucleoside,cytosine_ribose_conf6_pcm_water.log,data/calculations/calc_03cc711480b12784/record.json,-891.30940159,4,6,1.147889275661056,False,calc_03cc711480b12784
full21_b3lyp_pcm,1_b3lyp_pcm,B3LYP / PCM,all_21,all balanced reaction quantities,lowest valid G within the full B3LYP/PCM candidate pool,conformer_candidate,full_b3lyp_pcm_candidate_pool,b3lyp_pcm_candidate_pool,cytosine_ribose,nucleoside,cytosine_ribose_conf10_pcm_water.log,data/calculations/calc_bc8b49c19f1cfefa/record.json,-891.308154974,5,6,1.9301526261816384,False,calc_bc8b49c19f1cfefa
full21_b3lyp_pcm,1_b3lyp_pcm,B3LYP / PCM,all_21,all balanced reaction quantities,lowest valid G within the full B3LYP/PCM candidate pool,conformer_candidate,full_b3lyp_pcm_candidate_pool,b3lyp_pcm_candidate_pool,cytosine_ribose,nucleoside,cytosine_ribose_dft_seed_pcm_water.log,data/calculations/calc_830a46d1ab2d89b1/record.json,-891.3070668270001,6,6,2.612975177795298,False,calc_830a46d1ab2d89b1
full21_b3lyp_pcm,1_b3lyp_pcm,B3LYP / PCM,all_21,all balanced reaction quantities,lowest valid G within the full B3LYP/PCM candidate pool,conformer_candidate,full_b3lyp_pcm_candidate_pool,b3lyp_pcm_candidate_pool,cytosine_ribose_phosphate,nucleotide,cytosine_ribose_phosphate_conf2_pcm_water.log,data/calculations/calc_fff03848f43180e0/record.json,-1459.18085061,1,7,0.0,True,calc_fff03848f43180e0
full21_b3lyp_pcm,1_b3lyp_pcm,B3LYP / PCM,all_21,all balanced reaction quantities,lowest valid G within the full B3LYP/PCM candidate pool,conformer_candidate,full_b3lyp_pcm_candidate_pool,b3lyp_pcm_candidate_pool,cytosine_ribose_phosphate,nucleotide,cytosine_ribose_phosphate_conf18_pcm_water.log,data/calculations/calc_dd1d3c434cc385e2/record.json,-1459.17912971,2,7,1.0798810537783776,False,calc_dd1d3c434cc385e2
full21_b3lyp_pcm,1_b3lyp_pcm,B3LYP / PCM,all_21,all balanced reaction quantities,lowest valid G within the full B3LYP/PCM candidate pool,conformer_candidate,full_b3lyp_pcm_candidate_pool,b3lyp_pcm_candidate_pool,cytosine_ribose_phosphate,nucleotide,cytosine_ribose_phosphate_conf26_pcm_water.log,data/calculations/calc_9f2bdd9c41fe820c/record.json,-1459.17669744,3,7,2.606153522320195,False,calc_9f2bdd9c41fe820c
full21_b3lyp_pcm,1_b3lyp_pcm,B3LYP / PCM,all_21,all balanced reaction quantities,lowest valid G within the full B3LYP/PCM candidate pool,conformer_candidate,full_b3lyp_pcm_candidate_pool,b3lyp_pcm_candidate_pool,cytosine_ribose_phosphate,nucleotide,cytosine_ribose_phosphate_conf44_pcm_water.log,data/calculations/calc_c5eebeb27b999d66/record.json,-1459.17595356,4,7,3.072945269931905,False,calc_c5eebeb27b999d66
full21_b3lyp_pcm,1_b3lyp_pcm,B3LYP / PCM,all_21,all balanced reaction quantities,lowest valid G within the full B3LYP/PCM candidate pool,conformer_candidate,full_b3lyp_pcm_candidate_pool,b3lyp_pcm_candidate_pool,cytosine_ribose_phosphate,nucleotide,cytosine_ribose_phosphate_conf10_pcm_water.log,data/calculations/calc_73ec8ea041c3fef0/record.json,-1459.17459099,5,7,3.927970853915465,False,calc_73ec8ea041c3fef0
full21_b3lyp_pcm,1_b3lyp_pcm,B3LYP / PCM,all_21,all balanced reaction quantities,lowest valid G within the full B3LYP/PCM candidate pool,conformer_candidate,full_b3lyp_pcm_candidate_pool,b3lyp_pcm_candidate_pool,cytosine_ribose_phosphate,nucleotide,cytosine_ribose_phosphate_conf1_pcm_water.log,data/calculations/calc_c361a8ca84c4d8f6/record.json,-1459.17345935,6,7,4.638085675169096,False,calc_c361a8ca84c4d8f6
full21_b3lyp_pcm,1_b3lyp_pcm,B3LYP / PCM,all_21,all balanced reaction quantities,lowest valid G within the full B3LYP/PCM candidate pool,conformer_candidate,full_b3lyp_pcm_candidate_pool,b3lyp_pcm_candidate_pool,cytosine_ribose_phosphate,nucleotide,cytosine_ribose_phosphate_dft_seed_pcm_water.log,data/calculations/calc_6f912d137c0aee92/record.json,-1459.17238217,7,7,5.314026330464499,False,calc_6f912d137c0aee92
full21_b3lyp_pcm,1_b3lyp_pcm,B3LYP / PCM,all_21,all balanced reaction quantities,lowest valid G within the full B3LYP/PCM candidate pool,conformer_candidate,full_b3lyp_pcm_candidate_pool,b3lyp_pcm_candidate_pool,dihydrouracil,base,dihydrouracil_pcm_water.log,data/calculations/calc_99e961bc99a08e31/record.json,-416.122008387,1,1,0.0,True,calc_99e961bc99a08e31
full21_b3lyp_pcm,1_b3lyp_pcm,B3LYP / PCM,all_21,all balanced reaction quantities,lowest valid G within the full B3LYP/PCM candidate pool,conformer_candidate,full_b3lyp_pcm_candidate_pool,b3lyp_pcm_candidate_pool,dihydrouracil_ribose,nucleoside,dihydrouracil_ribose_conf1_pcm_water.log,data/calculations/calc_83f2523565472fb4/record.json,-912.398846725,1,6,0.0,True,calc_83f2523565472fb4
full21_b3lyp_pcm,1_b3lyp_pcm,B3LYP / PCM,all_21,all balanced reaction quantities,lowest valid G within the full B3LYP/PCM candidate pool,conformer_candidate,full_b3lyp_pcm_candidate_pool,b3lyp_pcm_candidate_pool,dihydrouracil_ribose,nucleoside,dihydrouracil_ribose_conf4_pcm_water.log,data/calculations/calc_2307812a37c1a853/record.json,-912.398193616,2,6,0.4098320851214706,False,calc_2307812a37c1a853
full21_b3lyp_pcm,1_b3lyp_pcm,B3LYP / PCM,all_21,all balanced reaction quantities,lowest valid G within the full B3LYP/PCM candidate pool,conformer_candidate,full_b3lyp_pcm_candidate_pool,b3lyp_pcm_candidate_pool,dihydrouracil_ribose,nucleoside,dihydrouracil_ribose_conf6_pcm_water.log,data/calculations/calc_c5d86e8d05757386/record.json,-912.397372965,3,6,0.9247983624660376,False,calc_c5d86e8d05757386
full21_b3lyp_pcm,1_b3lyp_pcm,B3LYP / PCM,all_21,all balanced reaction quantities,lowest valid G within the full B3LYP/PCM candidate pool,conformer_candidate,full_b3lyp_pcm_candidate_pool,b3lyp_pcm_candidate_pool,dihydrouracil_ribose,nucleoside,dihydrouracil_ribose_dft_seed_pcm_water.log,data/calculations/calc_17947d0ee3ed9cdc/record.json,-912.397208835,4,6,1.0277914924629197,False,calc_17947d0ee3ed9cdc
full21_b3lyp_pcm,1_b3lyp_pcm,B3LYP / PCM,all_21,all balanced reaction quantities,lowest valid G within the full B3LYP/PCM candidate pool,conformer_candidate,full_b3lyp_pcm_candidate_pool,b3lyp_pcm_candidate_pool,dihydrouracil_ribose,nucleoside,dihydrouracil_ribose_conf8_pcm_water.log,data/calculations/calc_7415e77ee687e04b/record.json,-912.397132669,5,6,1.075586379126511,False,calc_7415e77ee687e04b
full21_b3lyp_pcm,1_b3lyp_pcm,B3LYP / PCM,all_21,all balanced reaction quantities,lowest valid G within the full B3LYP/PCM candidate pool,conformer_candidate,full_b3lyp_pcm_candidate_pool,b3lyp_pcm_candidate_pool,dihydrouracil_ribose,nucleoside,dihydrouracil_ribose_conf3_pcm_water.log,data/calculations/calc_1a56152b6a2152e9/record.json,-912.396854272,6,6,1.2502831340985223,False,calc_1a56152b6a2152e9
full21_b3lyp_pcm,1_b3lyp_pcm,B3LYP / PCM,all_21,all balanced reaction quantities,lowest valid G within the full B3LYP/PCM candidate pool,conformer_candidate,full_b3lyp_pcm_candidate_pool,b3lyp_pcm_candidate_pool,dihydrouracil_ribose_phosphate,nucleotide,dihydrouracil_ribose_phosphate_conf92_pcm_water.log,data/calculations/calc_3aaca4b39fd0c75b/record.json,-1480.2658579,1,5,0.0,True,calc_3aaca4b39fd0c75b
full21_b3lyp_pcm,1_b3lyp_pcm,B3LYP / PCM,all_21,all balanced reaction quantities,lowest valid G within the full B3LYP/PCM candidate pool,conformer_candidate,full_b3lyp_pcm_candidate_pool,b3lyp_pcm_candidate_pool,dihydrouracil_ribose_phosphate,nucleotide,dihydrouracil_ribose_phosphate_conf1_pcm_water.log,data/calculations/calc_d8291f964903a723/record.json,-1480.26231075,2,5,2.225870230942536,False,calc_d8291f964903a723
full21_b3lyp_pcm,1_b3lyp_pcm,B3LYP / PCM,all_21,all balanced reaction quantities,lowest valid G within the full B3LYP/PCM candidate pool,conformer_candidate,full_b3lyp_pcm_candidate_pool,b3lyp_pcm_candidate_pool,dihydrouracil_ribose_phosphate,nucleotide,dihydrouracil_ribose_phosphate_dft_seed_pcm_water.log,data/calculations/calc_bf334ede74e3ec76/record.json,-1480.26213979,3,5,2.3331492506942326,False,calc_bf334ede74e3ec76
full21_b3lyp_pcm,1_b3lyp_pcm,B3LYP / PCM,all_21,all balanced reaction quantities,lowest valid G within the full B3LYP/PCM candidate pool,conformer_candidate,full_b3lyp_pcm_candidate_pool,b3lyp_pcm_candidate_pool,dihydrouracil_ribose_phosphate,nucleotide,dihydrouracil_ribose_phosphate_conf20_pcm_water.log,data/calculations/calc_41c59badfb206e78/record.json,-1480.26176148,4,5,2.5705423597391888,False,calc_41c59badfb206e78
full21_b3lyp_pcm,1_b3lyp_pcm,B3LYP / PCM,all_21,all balanced reaction quantities,lowest valid G within the full B3LYP/PCM candidate pool,conformer_candidate,full_b3lyp_pcm_candidate_pool,b3lyp_pcm_candidate_pool,dihydrouracil_ribose_phosphate,nucleotide,dihydrouracil_ribose_phosphate_conf102_pcm_water.log,data/calculations/calc_a7a48aa5ca50823a/record.json,-1480.26094445,5,5,3.083236425337629,False,calc_a7a48aa5ca50823a
full21_b3lyp_pcm,1_b3lyp_pcm,B3LYP / PCM,all_21,all balanced reaction quantities,lowest valid G within the full B3LYP/PCM candidate pool,conformer_candidate,full_b3lyp_pcm_candidate_pool,b3lyp_pcm_candidate_pool,guanine,base,guanine_pcm_water.log,data/calculations/calc_a091e116d6de97ca/record.json,-542.688635019,1,1,0.0,True,calc_a091e116d6de97ca
full21_b3lyp_pcm,1_b3lyp_pcm,B3LYP / PCM,all_21,all balanced reaction quantities,lowest valid G within the full B3LYP/PCM candidate pool,conformer_candidate,full_b3lyp_pcm_candidate_pool,b3lyp_pcm_candidate_pool,guanine_ribose,nucleoside,guanine_ribose_conf1_pcm_water.log,data/calculations/calc_1c737c8a2a03ac94/record.json,-1038.97101015,1,5,0.0,True,calc_1c737c8a2a03ac94
full21_b3lyp_pcm,1_b3lyp_pcm,B3LYP / PCM,all_21,all balanced reaction quantities,lowest valid G within the full B3LYP/PCM candidate pool,conformer_candidate,full_b3lyp_pcm_candidate_pool,b3lyp_pcm_candidate_pool,guanine_ribose,nucleoside,guanine_ribose_conf7_pcm_water.log,data/calculations/calc_3b73f2dc785d5acf/record.json,-1038.96874656,2,5,1.4204241703845188,False,calc_3b73f2dc785d5acf
full21_b3lyp_pcm,1_b3lyp_pcm,B3LYP / PCM,all_21,all balanced reaction quantities,lowest valid G within the full B3LYP/PCM candidate pool,conformer_candidate,full_b3lyp_pcm_candidate_pool,b3lyp_pcm_candidate_pool,guanine_ribose,nucleoside,guanine_ribose_conf10_pcm_water.log,data/calculations/calc_7973bf39cf426fad/record.json,-1038.96834716,3,5,1.6710514542489965,False,calc_7973bf39cf426fad
full21_b3lyp_pcm,1_b3lyp_pcm,B3LYP / PCM,all_21,all balanced reaction quantities,lowest valid G within the full B3LYP/PCM candidate pool,conformer_candidate,full_b3lyp_pcm_candidate_pool,b3lyp_pcm_candidate_pool,guanine_ribose,nucleoside,guanine_ribose_conf12_pcm_water.log,data/calculations/calc_7cf045fba1ceadc6/record.json,-1038.96615497,4,5,3.0466714483127975,False,calc_7cf045fba1ceadc6
full21_b3lyp_pcm,1_b3lyp_pcm,B3LYP / PCM,all_21,all balanced reaction quantities,lowest valid G within the full B3LYP/PCM candidate pool,conformer_candidate,full_b3lyp_pcm_candidate_pool,b3lyp_pcm_candidate_pool,guanine_ribose,nucleoside,guanine_ribose_dft_seed_pcm_water.log,data/calculations/calc_6893b0227250c583/record.json,-1038.9656513,5,5,3.36272914507881,False,calc_6893b0227250c583
full21_b3lyp_pcm,1_b3lyp_pcm,B3LYP / PCM,all_21,all balanced reaction quantities,lowest valid G within the full B3LYP/PCM candidate pool,conformer_candidate,full_b3lyp_pcm_candidate_pool,b3lyp_pcm_candidate_pool,guanine_ribose_phosphate,nucleotide,guanine_ribose_phosphate_conf87_pcm_water.log,data/calculations/calc_5cbeee002649ab4c/record.json,-1606.83475695,1,7,0.0,True,calc_5cbeee002649ab4c
full21_b3lyp_pcm,1_b3lyp_pcm,B3LYP / PCM,all_21,all balanced reaction quantities,lowest valid G within the full B3LYP/PCM candidate pool,conformer_candidate,full_b3lyp_pcm_candidate_pool,b3lyp_pcm_candidate_pool,guanine_ribose_phosphate,nucleotide,guanine_ribose_phosphate_conf6_pcm_water.log,data/calculations/calc_c86a1f2350ca7a79/record.json,-1606.83423888,2,7,0.3250938332267788,False,calc_c86a1f2350ca7a79
full21_b3lyp_pcm,1_b3lyp_pcm,B3LYP / PCM,all_21,all balanced reaction quantities,lowest valid G within the full B3LYP/PCM candidate pool,conformer_candidate,full_b3lyp_pcm_candidate_pool,b3lyp_pcm_candidate_pool,guanine_ribose_phosphate,nucleotide,guanine_ribose_phosphate_conf1_pcm_water.log,data/calculations/calc_3aad2676410e3727/record.json,-1606.8334617399998,3,7,0.8127565459516318,False,calc_3aad2676410e3727
full21_b3lyp_pcm,1_b3lyp_pcm,B3LYP / PCM,all_21,all balanced reaction quantities,lowest valid G within the full B3LYP/PCM candidate pool,conformer_candidate,full_b3lyp_pcm_candidate_pool,b3lyp_pcm_candidate_pool,guanine_ribose_phosphate,nucleotide,guanine_ribose_phosphate_conf8_pcm_water.log,data/calculations/calc_6f3fadf98efb8443/record.json,-1606.83280276,4,7,1.2262727390431325,False,calc_6f3fadf98efb8443
full21_b3lyp_pcm,1_b3lyp_pcm,B3LYP / PCM,all_21,all balanced reaction quantities,lowest valid G within the full B3LYP/PCM candidate pool,conformer_candidate,full_b3lyp_pcm_candidate_pool,b3lyp_pcm_candidate_pool,guanine_ribose_phosphate,nucleotide,guanine_ribose_phosphate_dft_seed_pcm_water.log,data/calculations/calc_bebffc90ac2d06ca/record.json,-1606.83243155,5,7,1.45921053099757,False,calc_bebffc90ac2d06ca
full21_b3lyp_pcm,1_b3lyp_pcm,B3LYP / PCM,all_21,all balanced reaction quantities,lowest valid G within the full B3LYP/PCM candidate pool,conformer_candidate,full_b3lyp_pcm_candidate_pool,b3lyp_pcm_candidate_pool,guanine_ribose_phosphate,nucleotide,guanine_ribose_phosphate_conf178_pcm_water.log,data/calculations/calc_e3c204086afc6be0/record.json,-1606.8319739800002,6,7,1.7463400408896934,False,calc_e3c204086afc6be0
full21_b3lyp_pcm,1_b3lyp_pcm,B3LYP / PCM,all_21,all balanced reaction quantities,lowest valid G within the full B3LYP/PCM candidate pool,conformer_candidate,full_b3lyp_pcm_candidate_pool,b3lyp_pcm_candidate_pool,guanine_ribose_phosphate,nucleotide,guanine_ribose_phosphate_conf58_pcm_water.log,data/calculations/calc_0766aefcf300dceb/record.json,-1606.83183797,7,7,1.831687604603225,False,calc_0766aefcf300dceb
full21_b3lyp_pcm,1_b3lyp_pcm,B3LYP / PCM,all_21,all balanced reaction quantities,lowest valid G within the full B3LYP/PCM candidate pool,conformer_candidate,full_b3lyp_pcm_candidate_pool,b3lyp_pcm_candidate_pool,hypoxanthine,base,hypoxanthine_pcm_water.log,data/calculations/calc_c24a0cb0be829e84/record.json,-487.308551042,1,1,0.0,True,calc_c24a0cb0be829e84
full21_b3lyp_pcm,1_b3lyp_pcm,B3LYP / PCM,all_21,all balanced reaction quantities,lowest valid G within the full B3LYP/PCM candidate pool,conformer_candidate,full_b3lyp_pcm_candidate_pool,b3lyp_pcm_candidate_pool,hypoxanthine_ribose,nucleoside,hypoxanthine_ribose_conf2_pcm_water.log,data/calculations/calc_aa14d9bca0bb84b5/record.json,-983.589211063,1,5,0.0,True,calc_aa14d9bca0bb84b5
full21_b3lyp_pcm,1_b3lyp_pcm,B3LYP / PCM,all_21,all balanced reaction quantities,lowest valid G within the full B3LYP/PCM candidate pool,conformer_candidate,full_b3lyp_pcm_candidate_pool,b3lyp_pcm_candidate_pool,hypoxanthine_ribose,nucleoside,hypoxanthine_ribose_conf1_pcm_water.log,data/calculations/calc_4964087490e41f55/record.json,-983.586928956,2,5,1.4320437633519696,False,calc_4964087490e41f55
full21_b3lyp_pcm,1_b3lyp_pcm,B3LYP / PCM,all_21,all balanced reaction quantities,lowest valid G within the full B3LYP/PCM candidate pool,conformer_candidate,full_b3lyp_pcm_candidate_pool,b3lyp_pcm_candidate_pool,hypoxanthine_ribose,nucleoside,hypoxanthine_ribose_conf5_pcm_water.log,data/calculations/calc_70f6acb805d3c805/record.json,-983.586846846,3,5,1.483568566263474,False,calc_70f6acb805d3c805
full21_b3lyp_pcm,1_b3lyp_pcm,B3LYP / PCM,all_21,all balanced reaction quantities,lowest valid G within the full B3LYP/PCM candidate pool,conformer_candidate,full_b3lyp_pcm_candidate_pool,b3lyp_pcm_candidate_pool,hypoxanthine_ribose,nucleoside,hypoxanthine_ribose_conf6_pcm_water.log,data/calculations/calc_0bb453e036a99e18/record.json,-983.585895724,4,5,2.080406632219894,False,calc_0bb453e036a99e18
full21_b3lyp_pcm,1_b3lyp_pcm,B3LYP / PCM,all_21,all balanced reaction quantities,lowest valid G within the full B3LYP/PCM candidate pool,conformer_candidate,full_b3lyp_pcm_candidate_pool,b3lyp_pcm_candidate_pool,hypoxanthine_ribose,nucleoside,hypoxanthine_ribose_dft_seed_pcm_water.log,data/calculations/calc_2c5d03c6c8b02656/record.json,-983.584380652,5,5,3.0311286660831738,False,calc_2c5d03c6c8b02656
full21_b3lyp_pcm,1_b3lyp_pcm,B3LYP / PCM,all_21,all balanced reaction quantities,lowest valid G within the full B3LYP/PCM candidate pool,conformer_candidate,full_b3lyp_pcm_candidate_pool,b3lyp_pcm_candidate_pool,hypoxanthine_ribose_phosphate,nucleotide,hypoxanthine_ribose_phosphate_conf88_pcm_water.log,data/calculations/calc_706acf64f1683d4e/record.json,-1551.45333221,1,7,0.0,True,calc_706acf64f1683d4e
full21_b3lyp_pcm,1_b3lyp_pcm,B3LYP / PCM,all_21,all balanced reaction quantities,lowest valid G within the full B3LYP/PCM candidate pool,conformer_candidate,full_b3lyp_pcm_candidate_pool,b3lyp_pcm_candidate_pool,hypoxanthine_ribose_phosphate,nucleotide,hypoxanthine_ribose_phosphate_dft_seed_pcm_water.log,data/calculations/calc_c857c5a0105ea852/record.json,-1551.4518383000002,2,7,0.9374426781973731,False,calc_c857c5a0105ea852
full21_b3lyp_pcm,1_b3lyp_pcm,B3LYP / PCM,all_21,all balanced reaction quantities,lowest valid G within the full B3LYP/PCM candidate pool,conformer_candidate,full_b3lyp_pcm_candidate_pool,b3lyp_pcm_candidate_pool,hypoxanthine_ribose_phosphate,nucleotide,hypoxanthine_ribose_phosphate_conf1_pcm_water.log,data/calculations/calc_34f733f79dbbb4ef/record.json,-1551.45105454,3,7,1.4292595036542912,False,calc_34f733f79dbbb4ef
full21_b3lyp_pcm,1_b3lyp_pcm,B3LYP / PCM,all_21,all balanced reaction quantities,lowest valid G within the full B3LYP/PCM candidate pool,conformer_candidate,full_b3lyp_pcm_candidate_pool,b3lyp_pcm_candidate_pool,hypoxanthine_ribose_phosphate,nucleotide,hypoxanthine_ribose_phosphate_conf11_pcm_water.log,data/calculations/calc_67f510584130e945/record.json,-1551.45090974,4,7,1.5201228755260423,False,calc_67f510584130e945
full21_b3lyp_pcm,1_b3lyp_pcm,B3LYP / PCM,all_21,all balanced reaction quantities,lowest valid G within the full B3LYP/PCM candidate pool,conformer_candidate,full_b3lyp_pcm_candidate_pool,b3lyp_pcm_candidate_pool,hypoxanthine_ribose_phosphate,nucleotide,hypoxanthine_ribose_phosphate_conf134_pcm_water.log,data/calculations/calc_fb123ef5cc4bc102/record.json,-1551.45050832,5,7,1.7720177286775942,False,calc_fb123ef5cc4bc102
full21_b3lyp_pcm,1_b3lyp_pcm,B3LYP / PCM,all_21,all balanced reaction quantities,lowest valid G within the full B3LYP/PCM candidate pool,conformer_candidate,full_b3lyp_pcm_candidate_pool,b3lyp_pcm_candidate_pool,hypoxanthine_ribose_phosphate,nucleotide,hypoxanthine_ribose_phosphate_conf69_pcm_water.log,data/calculations/calc_f7835dfddd84e750/record.json,-1551.44953298,6,7,2.384052819090298,False,calc_f7835dfddd84e750
full21_b3lyp_pcm,1_b3lyp_pcm,B3LYP / PCM,all_21,all balanced reaction quantities,lowest valid G within the full B3LYP/PCM candidate pool,conformer_candidate,full_b3lyp_pcm_candidate_pool,b3lyp_pcm_candidate_pool,hypoxanthine_ribose_phosphate,nucleotide,hypoxanthine_ribose_phosphate_conf70_pcm_water.log,data/calculations/calc_10299313568422d2/record.json,-1551.44913226,7,7,2.6355084155469086,False,calc_10299313568422d2
full21_b3lyp_pcm,1_b3lyp_pcm,B3LYP / PCM,all_21,all balanced reaction quantities,lowest valid G within the full B3LYP/PCM candidate pool,conformer_candidate,full_b3lyp_pcm_candidate_pool,b3lyp_pcm_candidate_pool,imidazole,base,imidazole_pcm_water.log,data/calculations/calc_86aab83ecc0914ce/record.json,-226.263318163,1,1,0.0,True,calc_86aab83ecc0914ce
full21_b3lyp_pcm,1_b3lyp_pcm,B3LYP / PCM,all_21,all balanced reaction quantities,lowest valid G within the full B3LYP/PCM candidate pool,conformer_candidate,full_b3lyp_pcm_candidate_pool,b3lyp_pcm_candidate_pool,imidazole_2_carboxylic_acid,base,imidazole_2_carboxylic_acid_dft_seed_pcm_water.log,data/calculations/calc_67ddb66290e3abfb/record.json,-414.904908183,1,2,0.0,True,calc_67ddb66290e3abfb
full21_b3lyp_pcm,1_b3lyp_pcm,B3LYP / PCM,all_21,all balanced reaction quantities,lowest valid G within the full B3LYP/PCM candidate pool,conformer_candidate,full_b3lyp_pcm_candidate_pool,b3lyp_pcm_candidate_pool,imidazole_2_carboxylic_acid,base,imidazole_2_carboxylic_acid_conf2_pcm_water.log,data/calculations/calc_6323fbb0eead07d5/record.json,-414.904336692,2,2,0.3586160168521627,False,calc_6323fbb0eead07d5
full21_b3lyp_pcm,1_b3lyp_pcm,B3LYP / PCM,all_21,all balanced reaction quantities,lowest valid G within the full B3LYP/PCM candidate pool,conformer_candidate,full_b3lyp_pcm_candidate_pool,b3lyp_pcm_candidate_pool,imidazole_2_carboxylic_acid_ribose,nucleoside,imidazole_2_carboxylic_acid_ribose_conf2_pcm_water.log,data/calculations/calc_ddbd7d6cd7bcbc4c/record.json,-911.180131526,1,6,0.0,True,calc_ddbd7d6cd7bcbc4c
full21_b3lyp_pcm,1_b3lyp_pcm,B3LYP / PCM,all_21,all balanced reaction quantities,lowest valid G within the full B3LYP/PCM candidate pool,conformer_candidate,full_b3lyp_pcm_candidate_pool,b3lyp_pcm_candidate_pool,imidazole_2_carboxylic_acid_ribose,nucleoside,imidazole_2_carboxylic_acid_ribose_conf1_pcm_water.log,data/calculations/calc_59a42f27feac7e7c/record.json,-911.17925919,2,6,0.5473991046646972,False,calc_59a42f27feac7e7c
full21_b3lyp_pcm,1_b3lyp_pcm,B3LYP / PCM,all_21,all balanced reaction quantities,lowest valid G within the full B3LYP/PCM candidate pool,conformer_candidate,full_b3lyp_pcm_candidate_pool,b3lyp_pcm_candidate_pool,imidazole_2_carboxylic_acid_ribose,nucleoside,imidazole_2_carboxylic_acid_ribose_conf6_pcm_water.log,data/calculations/calc_cfc9a2caa663a672/record.json,-911.178290274,3,6,1.1554030741856764,False,calc_cfc9a2caa663a672
full21_b3lyp_pcm,1_b3lyp_pcm,B3LYP / PCM,all_21,all balanced reaction quantities,lowest valid G within the full B3LYP/PCM candidate pool,conformer_candidate,full_b3lyp_pcm_candidate_pool,b3lyp_pcm_candidate_pool,imidazole_2_carboxylic_acid_ribose,nucleoside,imidazole_2_carboxylic_acid_ribose_conf5_pcm_water.log,data/calculations/calc_a086cbecc4a79b9a/record.json,-911.178255432,4,6,1.177266759275292,False,calc_a086cbecc4a79b9a
full21_b3lyp_pcm,1_b3lyp_pcm,B3LYP / PCM,all_21,all balanced reaction quantities,lowest valid G within the full B3LYP/PCM candidate pool,conformer_candidate,full_b3lyp_pcm_candidate_pool,b3lyp_pcm_candidate_pool,imidazole_2_carboxylic_acid_ribose,nucleoside,imidazole_2_carboxylic_acid_ribose_conf7_pcm_water.log,data/calculations/calc_655ec0f917222576/record.json,-911.176968658,5,6,1.9847296352848471,False,calc_655ec0f917222576
full21_b3lyp_pcm,1_b3lyp_pcm,B3LYP / PCM,all_21,all balanced reaction quantities,lowest valid G within the full B3LYP/PCM candidate pool,conformer_candidate,full_b3lyp_pcm_candidate_pool,b3lyp_pcm_candidate_pool,imidazole_2_carboxylic_acid_ribose,nucleoside,imidazole_2_carboxylic_acid_ribose_dft_seed_pcm_water.log,data/calculations/calc_53d55d25faa7cb2a/record.json,-911.173225799,6,6,4.333409117866588,False,calc_53d55d25faa7cb2a
full21_b3lyp_pcm,1_b3lyp_pcm,B3LYP / PCM,all_21,all balanced reaction quantities,lowest valid G within the full B3LYP/PCM candidate pool,conformer_candidate,full_b3lyp_pcm_candidate_pool,b3lyp_pcm_candidate_pool,imidazole_2_carboxylic_acid_ribose_phosphate,nucleotide,imidazole_2_carboxylic_acid_ribose_phosphate_conf9_pcm_water.log,data/calculations/calc_c379ce33a86930c1/record.json,-1479.0455633,1,7,0.0,True,calc_c379ce33a86930c1
full21_b3lyp_pcm,1_b3lyp_pcm,B3LYP / PCM,all_21,all balanced reaction quantities,lowest valid G within the full B3LYP/PCM candidate pool,conformer_candidate,full_b3lyp_pcm_candidate_pool,b3lyp_pcm_candidate_pool,imidazole_2_carboxylic_acid_ribose_phosphate,nucleotide,imidazole_2_carboxylic_acid_ribose_phosphate_conf26_pcm_water.log,data/calculations/calc_c921217b0ad50215/record.json,-1479.04498316,2,7,0.3640433464325124,False,calc_c921217b0ad50215
full21_b3lyp_pcm,1_b3lyp_pcm,B3LYP / PCM,all_21,all balanced reaction quantities,lowest valid G within the full B3LYP/PCM candidate pool,conformer_candidate,full_b3lyp_pcm_candidate_pool,b3lyp_pcm_candidate_pool,imidazole_2_carboxylic_acid_ribose_phosphate,nucleotide,imidazole_2_carboxylic_acid_ribose_phosphate_conf1_pcm_water.log,data/calculations/calc_5d2fa492b1a489f7/record.json,-1479.0445806,3,7,0.6166535602385839,False,calc_5d2fa492b1a489f7
full21_b3lyp_pcm,1_b3lyp_pcm,B3LYP / PCM,all_21,all balanced reaction quantities,lowest valid G within the full B3LYP/PCM candidate pool,conformer_candidate,full_b3lyp_pcm_candidate_pool,b3lyp_pcm_candidate_pool,imidazole_2_carboxylic_acid_ribose_phosphate,nucleotide,imidazole_2_carboxylic_acid_ribose_phosphate_conf5_pcm_water.log,data/calculations/calc_a2a94330789aa392/record.json,-1479.0435225,4,7,1.2806213348304798,False,calc_a2a94330789aa392
full21_b3lyp_pcm,1_b3lyp_pcm,B3LYP / PCM,all_21,all balanced reaction quantities,lowest valid G within the full B3LYP/PCM candidate pool,conformer_candidate,full_b3lyp_pcm_candidate_pool,b3lyp_pcm_candidate_pool,imidazole_2_carboxylic_acid_ribose_phosphate,nucleotide,imidazole_2_carboxylic_acid_ribose_phosphate_conf2_pcm_water.log,data/calculations/calc_efcba939421d0874/record.json,-1479.04207272,5,7,2.1903720201564636,False,calc_efcba939421d0874
full21_b3lyp_pcm,1_b3lyp_pcm,B3LYP / PCM,all_21,all balanced reaction quantities,lowest valid G within the full B3LYP/PCM candidate pool,conformer_candidate,full_b3lyp_pcm_candidate_pool,b3lyp_pcm_candidate_pool,imidazole_2_carboxylic_acid_ribose_phosphate,nucleotide,imidazole_2_carboxylic_acid_ribose_phosphate_dft_seed_pcm_water.log,data/calculations/calc_2912cb24b0f8f665/record.json,-1479.04127181,6,7,2.692950632855941,False,calc_2912cb24b0f8f665
full21_b3lyp_pcm,1_b3lyp_pcm,B3LYP / PCM,all_21,all balanced reaction quantities,lowest valid G within the full B3LYP/PCM candidate pool,conformer_candidate,full_b3lyp_pcm_candidate_pool,b3lyp_pcm_candidate_pool,imidazole_2_carboxylic_acid_ribose_phosphate,nucleotide,imidazole_2_carboxylic_acid_ribose_phosphate_conf21_pcm_water.log,data/calculations/calc_d202d21dfb39f66b/record.json,-1479.04076879,7,7,3.0086004484969453,False,calc_d202d21dfb39f66b
full21_b3lyp_pcm,1_b3lyp_pcm,B3LYP / PCM,all_21,all balanced reaction quantities,lowest valid G within the full B3LYP/PCM candidate pool,conformer_candidate,full_b3lyp_pcm_candidate_pool,b3lyp_pcm_candidate_pool,imidazole_ribose,nucleoside,imidazole_ribose_dft_seed_pcm_water.log,data/calculations/calc_68dce74d32dbd762/record.json,-722.541821199,1,6,0.0,True,calc_68dce74d32dbd762
full21_b3lyp_pcm,1_b3lyp_pcm,B3LYP / PCM,all_21,all balanced reaction quantities,lowest valid G within the full B3LYP/PCM candidate pool,conformer_candidate,full_b3lyp_pcm_candidate_pool,b3lyp_pcm_candidate_pool,imidazole_ribose,nucleoside,imidazole_ribose_conf6_pcm_water.log,data/calculations/calc_1b8957e20a266a8b/record.json,-722.541538928,2,6,0.1771277267196162,False,calc_1b8957e20a266a8b
full21_b3lyp_pcm,1_b3lyp_pcm,B3LYP / PCM,all_21,all balanced reaction quantities,lowest valid G within the full B3LYP/PCM candidate pool,conformer_candidate,full_b3lyp_pcm_candidate_pool,b3lyp_pcm_candidate_pool,imidazole_ribose,nucleoside,imidazole_ribose_conf9_pcm_water.log,data/calculations/calc_dcab6e91447c1705/record.json,-722.541449155,3,6,0.2334611347430525,False,calc_dcab6e91447c1705
full21_b3lyp_pcm,1_b3lyp_pcm,B3LYP / PCM,all_21,all balanced reaction quantities,lowest valid G within the full B3LYP/PCM candidate pool,conformer_candidate,full_b3lyp_pcm_candidate_pool,b3lyp_pcm_candidate_pool,imidazole_ribose,nucleoside,imidazole_ribose_conf8_pcm_water.log,data/calculations/calc_67c0ccd51ab4dd66/record.json,-722.541448155,4,6,0.2340886442155313,False,calc_67c0ccd51ab4dd66
full21_b3lyp_pcm,1_b3lyp_pcm,B3LYP / PCM,all_21,all balanced reaction quantities,lowest valid G within the full B3LYP/PCM candidate pool,conformer_candidate,full_b3lyp_pcm_candidate_pool,b3lyp_pcm_candidate_pool,imidazole_ribose,nucleoside,imidazole_ribose_conf1_pcm_water.log,data/calculations/calc_895de7d89606a543/record.json,-722.54066086,5,6,0.7281237156038005,False,calc_895de7d89606a543
full21_b3lyp_pcm,1_b3lyp_pcm,B3LYP / PCM,all_21,all balanced reaction quantities,lowest valid G within the full B3LYP/PCM candidate pool,conformer_candidate,full_b3lyp_pcm_candidate_pool,b3lyp_pcm_candidate_pool,imidazole_ribose,nucleoside,imidazole_ribose_conf2_pcm_water.log,data/calculations/calc_d576f5e9e4317b8f/record.json,-722.5394837700001,6,6,1.4667588423922937,False,calc_d576f5e9e4317b8f
full21_b3lyp_pcm,1_b3lyp_pcm,B3LYP / PCM,all_21,all balanced reaction quantities,lowest valid G within the full B3LYP/PCM candidate pool,conformer_candidate,full_b3lyp_pcm_candidate_pool,b3lyp_pcm_candidate_pool,imidazole_ribose_phosphate,nucleotide,imidazole_ribose_phosphate_conf11_pcm_water.log,data/calculations/calc_0fc80346cb0cfb89/record.json,-1290.41066676,1,7,0.0,True,calc_0fc80346cb0cfb89
full21_b3lyp_pcm,1_b3lyp_pcm,B3LYP / PCM,all_21,all balanced reaction quantities,lowest valid G within the full B3LYP/PCM candidate pool,conformer_candidate,full_b3lyp_pcm_candidate_pool,b3lyp_pcm_candidate_pool,imidazole_ribose_phosphate,nucleotide,imidazole_ribose_phosphate_conf6_pcm_water.log,data/calculations/calc_ff7a6be11ae8f1a9/record.json,-1290.40861473,2,7,1.287668266035915,False,calc_ff7a6be11ae8f1a9
full21_b3lyp_pcm,1_b3lyp_pcm,B3LYP / PCM,all_21,all balanced reaction quantities,lowest valid G within the full B3LYP/PCM candidate pool,conformer_candidate,full_b3lyp_pcm_candidate_pool,b3lyp_pcm_candidate_pool,imidazole_ribose_phosphate,nucleotide,imidazole_ribose_phosphate_conf2_pcm_water.log,data/calculations/calc_c161a7e788757379/record.json,-1290.40674447,3,7,2.46127413487484,False,calc_c161a7e788757379
full21_b3lyp_pcm,1_b3lyp_pcm,B3LYP / PCM,all_21,all balanced reaction quantities,lowest valid G within the full B3LYP/PCM candidate pool,conformer_candidate,full_b3lyp_pcm_candidate_pool,b3lyp_pcm_candidate_pool,imidazole_ribose_phosphate,nucleotide,imidazole_ribose_phosphate_conf1_pcm_water.log,data/calculations/calc_2037d7c3b7321ddf/record.json,-1290.4063883499998,4,7,2.684742808987308,False,calc_2037d7c3b7321ddf
full21_b3lyp_pcm,1_b3lyp_pcm,B3LYP / PCM,all_21,all balanced reaction quantities,lowest valid G within the full B3LYP/PCM candidate pool,conformer_candidate,full_b3lyp_pcm_candidate_pool,b3lyp_pcm_candidate_pool,imidazole_ribose_phosphate,nucleotide,imidazole_ribose_phosphate_conf67_pcm_water.log,data/calculations/calc_dd0fff99c37c8199/record.json,-1290.40621006,5,7,2.7966214729090315,False,calc_dd0fff99c37c8199
full21_b3lyp_pcm,1_b3lyp_pcm,B3LYP / PCM,all_21,all balanced reaction quantities,lowest valid G within the full B3LYP/PCM candidate pool,conformer_candidate,full_b3lyp_pcm_candidate_pool,b3lyp_pcm_candidate_pool,imidazole_ribose_phosphate,nucleotide,imidazole_ribose_phosphate_conf69_pcm_water.log,data/calculations/calc_8fa808175767f388/record.json,-1290.4056858,6,7,3.125599589793996,False,calc_8fa808175767f388
full21_b3lyp_pcm,1_b3lyp_pcm,B3LYP / PCM,all_21,all balanced reaction quantities,lowest valid G within the full B3LYP/PCM candidate pool,conformer_candidate,full_b3lyp_pcm_candidate_pool,b3lyp_pcm_candidate_pool,imidazole_ribose_phosphate,nucleotide,imidazole_ribose_phosphate_dft_seed_pcm_water.log,data/calculations/calc_217379cfb9bb4243/record.json,-1290.4053792900002,7,7,3.317937518672171,False,calc_217379cfb9bb4243
full21_b3lyp_pcm,1_b3lyp_pcm,B3LYP / PCM,all_21,all balanced reaction quantities,lowest valid G within the full B3LYP/PCM candidate pool,conformer_candidate,full_b3lyp_pcm_candidate_pool,b3lyp_pcm_candidate_pool,isocytosine,base,isocytosine_pcm_water.log,data/calculations/calc_632812ab1f35c957/record.json,-395.028341828,1,1,0.0,True,calc_632812ab1f35c957
full21_b3lyp_pcm,1_b3lyp_pcm,B3LYP / PCM,all_21,all balanced reaction quantities,lowest valid G within the full B3LYP/PCM candidate pool,conformer_candidate,full_b3lyp_pcm_candidate_pool,b3lyp_pcm_candidate_pool,isocytosine_ribose,nucleoside,isocytosine_ribose_conf10_pcm_water.log,data/calculations/calc_26db644a050cbc88/record.json,-891.296369389,1,6,0.0,True,calc_26db644a050cbc88
full21_b3lyp_pcm,1_b3lyp_pcm,B3LYP / PCM,all_21,all balanced reaction quantities,lowest valid G within the full B3LYP/PCM candidate pool,conformer_candidate,full_b3lyp_pcm_candidate_pool,b3lyp_pcm_candidate_pool,isocytosine_ribose,nucleoside,isocytosine_ribose_conf1_pcm_water.log,data/calculations/calc_39dd26d104c70154/record.json,-891.295099518,2,6,0.7968560833234085,False,calc_39dd26d104c70154
full21_b3lyp_pcm,1_b3lyp_pcm,B3LYP / PCM,all_21,all balanced reaction quantities,lowest valid G within the full B3LYP/PCM candidate pool,conformer_candidate,full_b3lyp_pcm_candidate_pool,b3lyp_pcm_candidate_pool,isocytosine_ribose,nucleoside,isocytosine_ribose_conf20_pcm_water.log,data/calculations/calc_854cd91e3e0b7b7d/record.json,-891.294076783,3,6,1.438631985274489,False,calc_854cd91e3e0b7b7d
full21_b3lyp_pcm,1_b3lyp_pcm,B3LYP / PCM,all_21,all balanced reaction quantities,lowest valid G within the full B3LYP/PCM candidate pool,conformer_candidate,full_b3lyp_pcm_candidate_pool,b3lyp_pcm_candidate_pool,isocytosine_ribose,nucleoside,isocytosine_ribose_conf13_pcm_water.log,data/calculations/calc_b3206e392651470f/record.json,-891.2936313539999,4,6,1.718142902883328,False,calc_b3206e392651470f
full21_b3lyp_pcm,1_b3lyp_pcm,B3LYP / PCM,all_21,all balanced reaction quantities,lowest valid G within the full B3LYP/PCM candidate pool,conformer_candidate,full_b3lyp_pcm_candidate_pool,b3lyp_pcm_candidate_pool,isocytosine_ribose,nucleoside,isocytosine_ribose_conf16_pcm_water.log,data/calculations/calc_b968676ef9b47ab6/record.json,-891.2923739060001,5,6,2.5072034359116375,False,calc_b968676ef9b47ab6
full21_b3lyp_pcm,1_b3lyp_pcm,B3LYP / PCM,all_21,all balanced reaction quantities,lowest valid G within the full B3LYP/PCM candidate pool,conformer_candidate,full_b3lyp_pcm_candidate_pool,b3lyp_pcm_candidate_pool,isocytosine_ribose,nucleoside,isocytosine_ribose_dft_seed_pcm_water.log,data/calculations/calc_ba6fa49138980b02/record.json,-891.292340676,6,6,2.528055575796964,False,calc_ba6fa49138980b02
full21_b3lyp_pcm,1_b3lyp_pcm,B3LYP / PCM,all_21,all balanced reaction quantities,lowest valid G within the full B3LYP/PCM candidate pool,conformer_candidate,full_b3lyp_pcm_candidate_pool,b3lyp_pcm_candidate_pool,isocytosine_ribose_phosphate,nucleotide,isocytosine_ribose_phosphate_conf4_pcm_water.log,data/calculations/calc_b5998c8a957d090b/record.json,-1459.16629363,1,7,0.0,True,calc_b5998c8a957d090b
full21_b3lyp_pcm,1_b3lyp_pcm,B3LYP / PCM,all_21,all balanced reaction quantities,lowest valid G within the full B3LYP/PCM candidate pool,conformer_candidate,full_b3lyp_pcm_candidate_pool,b3lyp_pcm_candidate_pool,isocytosine_ribose_phosphate,nucleotide,isocytosine_ribose_phosphate_dft_seed_pcm_water.log,data/calculations/calc_85d48d473e5d49cf/record.json,-1459.16556408,2,7,0.457799536777634,False,calc_85d48d473e5d49cf
full21_b3lyp_pcm,1_b3lyp_pcm,B3LYP / PCM,all_21,all balanced reaction quantities,lowest valid G within the full B3LYP/PCM candidate pool,conformer_candidate,full_b3lyp_pcm_candidate_pool,b3lyp_pcm_candidate_pool,isocytosine_ribose_phosphate,nucleotide,isocytosine_ribose_phosphate_conf26_pcm_water.log,data/calculations/calc_e1b3694e453efd6d/record.json,-1459.16194282,3,7,2.7301744948518443,False,calc_e1b3694e453efd6d
full21_b3lyp_pcm,1_b3lyp_pcm,B3LYP / PCM,all_21,all balanced reaction quantities,lowest valid G within the full B3LYP/PCM candidate pool,conformer_candidate,full_b3lyp_pcm_candidate_pool,b3lyp_pcm_candidate_pool,isocytosine_ribose_phosphate,nucleotide,isocytosine_ribose_phosphate_conf46_pcm_water.log,data/calculations/calc_63f8b75b8679c7a5/record.json,-1459.16159212,4,7,2.950242067342399,False,calc_63f8b75b8679c7a5
full21_b3lyp_pcm,1_b3lyp_pcm,B3LYP / PCM,all_21,all balanced reaction quantities,lowest valid G within the full B3LYP/PCM candidate pool,conformer_candidate,full_b3lyp_pcm_candidate_pool,b3lyp_pcm_candidate_pool,isocytosine_ribose_phosphate,nucleotide,isocytosine_ribose_phosphate_conf33_pcm_water.log,data/calculations/calc_78fe08a98c3fcc8b/record.json,-1459.16085123,5,7,3.4151575616363914,False,calc_78fe08a98c3fcc8b
full21_b3lyp_pcm,1_b3lyp_pcm,B3LYP / PCM,all_21,all balanced reaction quantities,lowest valid G within the full B3LYP/PCM candidate pool,conformer_candidate,full_b3lyp_pcm_candidate_pool,b3lyp_pcm_candidate_pool,isocytosine_ribose_phosphate,nucleotide,isocytosine_ribose_phosphate_conf20_pcm_water.log,data/calculations/calc_663fec4b0d648b83/record.json,-1459.15953627,6,7,4.2403074196159745,False,calc_663fec4b0d648b83
full21_b3lyp_pcm,1_b3lyp_pcm,B3LYP / PCM,all_21,all balanced reaction quantities,lowest valid G within the full B3LYP/PCM candidate pool,conformer_candidate,full_b3lyp_pcm_candidate_pool,b3lyp_pcm_candidate_pool,isocytosine_ribose_phosphate,nucleotide,isocytosine_ribose_phosphate_conf1_pcm_water.log,data/calculations/calc_b3045d11afbaa902/record.json,-1459.15925852,7,7,4.414598176114171,False,calc_b3045d11afbaa902
full21_b3lyp_pcm,1_b3lyp_pcm,B3LYP / PCM,all_21,all balanced reaction quantities,lowest valid G within the full B3LYP/PCM candidate pool,conformer_candidate,full_b3lyp_pcm_candidate_pool,b3lyp_pcm_candidate_pool,melamine,base,melamine_pcm_water.log,data/calculations/calc_33fca431883e2cd5/record.json,-446.598259299,1,1,0.0,True,calc_33fca431883e2cd5
full21_b3lyp_pcm,1_b3lyp_pcm,B3LYP / PCM,all_21,all balanced reaction quantities,lowest valid G within the full B3LYP/PCM candidate pool,conformer_candidate,full_b3lyp_pcm_candidate_pool,b3lyp_pcm_candidate_pool,melamine_ribose,nucleoside,melamine_ribose_conf5_pcm_water.log,data/calculations/calc_1bbcfea89d162128/record.json,-942.876517851,1,6,0.0,True,calc_1bbcfea89d162128
full21_b3lyp_pcm,1_b3lyp_pcm,B3LYP / PCM,all_21,all balanced reaction quantities,lowest valid G within the full B3LYP/PCM candidate pool,conformer_candidate,full_b3lyp_pcm_candidate_pool,b3lyp_pcm_candidate_pool,melamine_ribose,nucleoside,melamine_ribose_conf1_pcm_water.log,data/calculations/calc_c3e30f1dec61c4dd/record.json,-942.876244018,2,6,0.1718328018432034,False,calc_c3e30f1dec61c4dd
full21_b3lyp_pcm,1_b3lyp_pcm,B3LYP / PCM,all_21,all balanced reaction quantities,lowest valid G within the full B3LYP/PCM candidate pool,conformer_candidate,full_b3lyp_pcm_candidate_pool,b3lyp_pcm_candidate_pool,melamine_ribose,nucleoside,melamine_ribose_dft_seed_pcm_water.log,data/calculations/calc_4a029c633b392b69/record.json,-942.876177483,3,6,0.2135841446833975,False,calc_4a029c633b392b69
full21_b3lyp_pcm,1_b3lyp_pcm,B3LYP / PCM,all_21,all balanced reaction quantities,lowest valid G within the full B3LYP/PCM candidate pool,conformer_candidate,full_b3lyp_pcm_candidate_pool,b3lyp_pcm_candidate_pool,melamine_ribose,nucleoside,melamine_ribose_conf7_pcm_water.log,data/calculations/calc_b818eb6e36db503a/record.json,-942.874482399,4,6,1.2772654140549518,False,calc_b818eb6e36db503a
full21_b3lyp_pcm,1_b3lyp_pcm,B3LYP / PCM,all_21,all balanced reaction quantities,lowest valid G within the full B3LYP/PCM candidate pool,conformer_candidate,full_b3lyp_pcm_candidate_pool,b3lyp_pcm_candidate_pool,melamine_ribose,nucleoside,melamine_ribose_conf8_pcm_water.log,data/calculations/calc_47c87a5e95e3b02e/record.json,-942.874482399,5,6,1.2772654140549518,False,calc_47c87a5e95e3b02e
full21_b3lyp_pcm,1_b3lyp_pcm,B3LYP / PCM,all_21,all balanced reaction quantities,lowest valid G within the full B3LYP/PCM candidate pool,conformer_candidate,full_b3lyp_pcm_candidate_pool,b3lyp_pcm_candidate_pool,melamine_ribose,nucleoside,melamine_ribose_conf2_pcm_water.log,data/calculations/calc_6860d94188298203/record.json,-942.874016398,6,6,1.569685456446302,False,calc_6860d94188298203
full21_b3lyp_pcm,1_b3lyp_pcm,B3LYP / PCM,all_21,all balanced reaction quantities,lowest valid G within the full B3LYP/PCM candidate pool,conformer_candidate,full_b3lyp_pcm_candidate_pool,b3lyp_pcm_candidate_pool,melamine_ribose_phosphate,nucleotide,melamine_ribose_phosphate_conf79_pcm_water.log,data/calculations/calc_461032b033f7667d/record.json,-1510.7466947500002,1,7,0.0,True,calc_461032b033f7667d
full21_b3lyp_pcm,1_b3lyp_pcm,B3LYP / PCM,all_21,all balanced reaction quantities,lowest valid G within the full B3LYP/PCM candidate pool,conformer_candidate,full_b3lyp_pcm_candidate_pool,b3lyp_pcm_candidate_pool,melamine_ribose_phosphate,nucleotide,melamine_ribose_phosphate_conf84_pcm_water.log,data/calculations/calc_e1660d18e2498937/record.json,-1510.74647961,2,7,0.1350023883356977,False,calc_e1660d18e2498937
full21_b3lyp_pcm,1_b3lyp_pcm,B3LYP / PCM,all_21,all balanced reaction quantities,lowest valid G within the full B3LYP/PCM candidate pool,conformer_candidate,full_b3lyp_pcm_candidate_pool,b3lyp_pcm_candidate_pool,melamine_ribose_phosphate,nucleotide,melamine_ribose_phosphate_conf1_pcm_water.log,data/calculations/calc_ebc0e00dd9859568/record.json,-1510.74331267,3,7,2.1222872421428263,False,calc_ebc0e00dd9859568
full21_b3lyp_pcm,1_b3lyp_pcm,B3LYP / PCM,all_21,all balanced reaction quantities,lowest valid G within the full B3LYP/PCM candidate pool,conformer_candidate,full_b3lyp_pcm_candidate_pool,b3lyp_pcm_candidate_pool,melamine_ribose_phosphate,nucleotide,melamine_ribose_phosphate_dft_seed_pcm_water.log,data/calculations/calc_1919781751783109/record.json,-1510.74280061,4,7,2.4436097435063533,False,calc_1919781751783109
full21_b3lyp_pcm,1_b3lyp_pcm,B3LYP / PCM,all_21,all balanced reaction quantities,lowest valid G within the full B3LYP/PCM candidate pool,conformer_candidate,full_b3lyp_pcm_candidate_pool,b3lyp_pcm_candidate_pool,melamine_ribose_phosphate,nucleotide,melamine_ribose_phosphate_conf13_pcm_water.log,data/calculations/calc_26b88aaeca25a46b/record.json,-1510.74181027,5,7,3.0650574759349,False,calc_26b88aaeca25a46b
full21_b3lyp_pcm,1_b3lyp_pcm,B3LYP / PCM,all_21,all balanced reaction quantities,lowest valid G within the full B3LYP/PCM candidate pool,conformer_candidate,full_b3lyp_pcm_candidate_pool,b3lyp_pcm_candidate_pool,melamine_ribose_phosphate,nucleotide,melamine_ribose_phosphate_conf6_pcm_water.log,data/calculations/calc_8b99c043436f854f/record.json,-1510.74035336,6,7,3.979282303864576,False,calc_8b99c043436f854f
full21_b3lyp_pcm,1_b3lyp_pcm,B3LYP / PCM,all_21,all balanced reaction quantities,lowest valid G within the full B3LYP/PCM candidate pool,conformer_candidate,full_b3lyp_pcm_candidate_pool,b3lyp_pcm_candidate_pool,melamine_ribose_phosphate,nucleotide,melamine_ribose_phosphate_conf17_pcm_water.log,data/calculations/calc_26a7190cf8b2597f/record.json,-1510.73933151,7,7,4.620502859882932,False,calc_26a7190cf8b2597f
full21_b3lyp_pcm,1_b3lyp_pcm,B3LYP / PCM,all_21,all balanced reaction quantities,lowest valid G within the full B3LYP/PCM candidate pool,conformer_candidate,full_b3lyp_pcm_candidate_pool,b3lyp_pcm_candidate_pool,phosphate,shared,phosphate_pcm_water.log,data/calculations/calc_70d17d7b51860fde/record.json,-644.333197165,1,1,0.0,True,calc_70d17d7b51860fde
full21_b3lyp_pcm,1_b3lyp_pcm,B3LYP / PCM,all_21,all balanced reaction quantities,lowest valid G within the full B3LYP/PCM candidate pool,conformer_candidate,full_b3lyp_pcm_candidate_pool,b3lyp_pcm_candidate_pool,purine,base,purine_pcm_water.log,data/calculations/calc_5d6f1ccd891cafde/record.json,-412.029156458,1,1,0.0,True,calc_5d6f1ccd891cafde
full21_b3lyp_pcm,1_b3lyp_pcm,B3LYP / PCM,all_21,all balanced reaction quantities,lowest valid G within the full B3LYP/PCM candidate pool,conformer_candidate,full_b3lyp_pcm_candidate_pool,b3lyp_pcm_candidate_pool,purine_ribose,nucleoside,purine_ribose_conf1_pcm_water.log,data/calculations/calc_1d541afe25ca995a/record.json,-908.3082535,1,5,0.0,True,calc_1d541afe25ca995a
full21_b3lyp_pcm,1_b3lyp_pcm,B3LYP / PCM,all_21,all balanced reaction quantities,lowest valid G within the full B3LYP/PCM candidate pool,conformer_candidate,full_b3lyp_pcm_candidate_pool,b3lyp_pcm_candidate_pool,purine_ribose,nucleoside,purine_ribose_conf6_pcm_water.log,data/calculations/calc_7962b097f9b3988b/record.json,-908.307954006,2,5,0.1879353223827381,False,calc_7962b097f9b3988b
full21_b3lyp_pcm,1_b3lyp_pcm,B3LYP / PCM,all_21,all balanced reaction quantities,lowest valid G within the full B3LYP/PCM candidate pool,conformer_candidate,full_b3lyp_pcm_candidate_pool,b3lyp_pcm_candidate_pool,purine_ribose,nucleoside,purine_ribose_conf7_pcm_water.log,data/calculations/calc_d9a27c6976a1803d/record.json,-908.307238745,3,5,0.6367683763706875,False,calc_d9a27c6976a1803d
full21_b3lyp_pcm,1_b3lyp_pcm,B3LYP / PCM,all_21,all balanced reaction quantities,lowest valid G within the full B3LYP/PCM candidate pool,conformer_candidate,full_b3lyp_pcm_candidate_pool,b3lyp_pcm_candidate_pool,purine_ribose,nucleoside,purine_ribose_dft_seed_pcm_water.log,data/calculations/calc_d04b043c5f09aae5/record.json,-908.305695124,4,5,1.605405178159698,False,calc_d04b043c5f09aae5
full21_b3lyp_pcm,1_b3lyp_pcm,B3LYP / PCM,all_21,all balanced reaction quantities,lowest valid G within the full B3LYP/PCM candidate pool,conformer_candidate,full_b3lyp_pcm_candidate_pool,b3lyp_pcm_candidate_pool,purine_ribose,nucleoside,purine_ribose_conf9_pcm_water.log,data/calculations/calc_89719a80c1568a7a/record.json,-908.305537006,5,5,1.704625721287652,False,calc_89719a80c1568a7a
full21_b3lyp_pcm,1_b3lyp_pcm,B3LYP / PCM,all_21,all balanced reaction quantities,lowest valid G within the full B3LYP/PCM candidate pool,conformer_candidate,full_b3lyp_pcm_candidate_pool,b3lyp_pcm_candidate_pool,purine_ribose_phosphate,nucleotide,purine_ribose_phosphate_conf2_pcm_water.log,data/calculations/calc_2c948d08febcbd06/record.json,-1476.17284266,1,7,0.0,True,calc_2c948d08febcbd06
full21_b3lyp_pcm,1_b3lyp_pcm,B3LYP / PCM,all_21,all balanced reaction quantities,lowest valid G within the full B3LYP/PCM candidate pool,conformer_candidate,full_b3lyp_pcm_candidate_pool,b3lyp_pcm_candidate_pool,purine_ribose_phosphate,nucleotide,purine_ribose_phosphate_dft_seed_pcm_water.log,data/calculations/calc_03feb996290e8c03/record.json,-1476.17066273,2,7,1.3679267278013731,False,calc_03feb996290e8c03
full21_b3lyp_pcm,1_b3lyp_pcm,B3LYP / PCM,all_21,all balanced reaction quantities,lowest valid G within the full B3LYP/PCM candidate pool,conformer_candidate,full_b3lyp_pcm_candidate_pool,b3lyp_pcm_candidate_pool,purine_ribose_phosphate,nucleotide,purine_ribose_phosphate_conf1_pcm_water.log,data/calculations/calc_7c714d94b6d3f498/record.json,-1476.17046481,3,7,1.4921234029824626,False,calc_7c714d94b6d3f498
full21_b3lyp_pcm,1_b3lyp_pcm,B3LYP / PCM,all_21,all balanced reaction quantities,lowest valid G within the full B3LYP/PCM candidate pool,conformer_candidate,full_b3lyp_pcm_candidate_pool,b3lyp_pcm_candidate_pool,purine_ribose_phosphate,nucleotide,purine_ribose_phosphate_conf53_pcm_water.log,data/calculations/calc_5025a3e61a678561/record.json,-1476.16974096,4,7,1.9463461356314224,False,calc_5025a3e61a678561
full21_b3lyp_pcm,1_b3lyp_pcm,B3LYP / PCM,all_21,all balanced reaction quantities,lowest valid G within the full B3LYP/PCM candidate pool,conformer_candidate,full_b3lyp_pcm_candidate_pool,b3lyp_pcm_candidate_pool,purine_ribose_phosphate,nucleotide,purine_ribose_phosphate_conf127_pcm_water.log,data/calculations/calc_d27725ceb33b570d/record.json,-1476.16971057,5,7,1.9654161486234705,False,calc_d27725ceb33b570d
full21_b3lyp_pcm,1_b3lyp_pcm,B3LYP / PCM,all_21,all balanced reaction quantities,lowest valid G within the full B3LYP/PCM candidate pool,conformer_candidate,full_b3lyp_pcm_candidate_pool,b3lyp_pcm_candidate_pool,purine_ribose_phosphate,nucleotide,purine_ribose_phosphate_conf137_pcm_water.log,data/calculations/calc_dcf3827d6f561cb5/record.json,-1476.16961032,6,7,2.028323973435653,False,calc_dcf3827d6f561cb5
full21_b3lyp_pcm,1_b3lyp_pcm,B3LYP / PCM,all_21,all balanced reaction quantities,lowest valid G within the full B3LYP/PCM candidate pool,conformer_candidate,full_b3lyp_pcm_candidate_pool,b3lyp_pcm_candidate_pool,purine_ribose_phosphate,nucleotide,purine_ribose_phosphate_conf48_pcm_water.log,data/calculations/calc_b413c7581f9964a2/record.json,-1476.16931007,7,7,2.216733693028952,False,calc_b413c7581f9964a2
full21_b3lyp_pcm,1_b3lyp_pcm,B3LYP / PCM,all_21,all balanced reaction quantities,lowest valid G within the full B3LYP/PCM candidate pool,conformer_candidate,full_b3lyp_pcm_candidate_pool,b3lyp_pcm_candidate_pool,ribo_phosphate,shared,ribo_phosphate_dft_seed_pcm_water.log,data/calculations/calc_18ca89a079eafa81/record.json,-1140.61485383,1,6,0.0,True,calc_18ca89a079eafa81
full21_b3lyp_pcm,1_b3lyp_pcm,B3LYP / PCM,all_21,all balanced reaction quantities,lowest valid G within the full B3LYP/PCM candidate pool,conformer_candidate,full_b3lyp_pcm_candidate_pool,b3lyp_pcm_candidate_pool,ribo_phosphate,shared,ribo_phosphate_conf26_pcm_water.log,data/calculations/calc_0602b719393bdd60/record.json,-1140.61459189,2,6,0.1643698316191692,False,calc_0602b719393bdd60
full21_b3lyp_pcm,1_b3lyp_pcm,B3LYP / PCM,all_21,all balanced reaction quantities,lowest valid G within the full B3LYP/PCM candidate pool,conformer_candidate,full_b3lyp_pcm_candidate_pool,b3lyp_pcm_candidate_pool,ribo_phosphate,shared,ribo_phosphate_conf1_pcm_water.log,data/calculations/calc_10fd3b6140716fb9/record.json,-1140.61291655,3,6,1.21566155390846,False,calc_10fd3b6140716fb9
full21_b3lyp_pcm,1_b3lyp_pcm,B3LYP / PCM,all_21,all balanced reaction quantities,lowest valid G within the full B3LYP/PCM candidate pool,conformer_candidate,full_b3lyp_pcm_candidate_pool,b3lyp_pcm_candidate_pool,ribo_phosphate,shared,ribo_phosphate_conf4_pcm_water.log,data/calculations/calc_b6fd2723cc6199ee/record.json,-1140.61261942,4,6,1.4021134438163605,False,calc_b6fd2723cc6199ee
full21_b3lyp_pcm,1_b3lyp_pcm,B3LYP / PCM,all_21,all balanced reaction quantities,lowest valid G within the full B3LYP/PCM candidate pool,conformer_candidate,full_b3lyp_pcm_candidate_pool,b3lyp_pcm_candidate_pool,ribo_phosphate,shared,ribo_phosphate_conf122_pcm_water.log,data/calculations/calc_112bc66d606d6fdc/record.json,-1140.61189977,5,6,1.853700636866392,False,calc_112bc66d606d6fdc
full21_b3lyp_pcm,1_b3lyp_pcm,B3LYP / PCM,all_21,all balanced reaction quantities,lowest valid G within the full B3LYP/PCM candidate pool,conformer_candidate,full_b3lyp_pcm_candidate_pool,b3lyp_pcm_candidate_pool,ribo_phosphate,shared,ribo_phosphate_conf42_pcm_water.log,data/calculations/calc_f12b99e1e8f82abf/record.json,-1140.61148859,6,6,2.111719982349486,False,calc_f12b99e1e8f82abf
full21_b3lyp_pcm,1_b3lyp_pcm,B3LYP / PCM,all_21,all balanced reaction quantities,lowest valid G within the full B3LYP/PCM candidate pool,conformer_candidate,full_b3lyp_pcm_candidate_pool,b3lyp_pcm_candidate_pool,ribose,shared,ribose_conf24_pcm_water.log,data/calculations/calc_d2fbb85799b12c43/record.json,-572.747731619,1,5,0.0,True,calc_d2fbb85799b12c43
full21_b3lyp_pcm,1_b3lyp_pcm,B3LYP / PCM,all_21,all balanced reaction quantities,lowest valid G within the full B3LYP/PCM candidate pool,conformer_candidate,full_b3lyp_pcm_candidate_pool,b3lyp_pcm_candidate_pool,ribose,shared,ribose_conf14_pcm_water.log,data/calculations/calc_d66df7833533c9a4/record.json,-572.745755533,2,5,1.2400126865718075,False,calc_d66df7833533c9a4
full21_b3lyp_pcm,1_b3lyp_pcm,B3LYP / PCM,all_21,all balanced reaction quantities,lowest valid G within the full B3LYP/PCM candidate pool,conformer_candidate,full_b3lyp_pcm_candidate_pool,b3lyp_pcm_candidate_pool,ribose,shared,ribose_conf1_pcm_water.log,data/calculations/calc_609245ac8ac7d69b/record.json,-572.745442693,3,5,1.4363227504328888,False,calc_609245ac8ac7d69b
full21_b3lyp_pcm,1_b3lyp_pcm,B3LYP / PCM,all_21,all balanced reaction quantities,lowest valid G within the full B3LYP/PCM candidate pool,conformer_candidate,full_b3lyp_pcm_candidate_pool,b3lyp_pcm_candidate_pool,ribose,shared,ribose_conf4_pcm_water.log,data/calculations/calc_3e42afc65c2111c2/record.json,-572.745304896,4,5,1.5227916734174354,False,calc_3e42afc65c2111c2
full21_b3lyp_pcm,1_b3lyp_pcm,B3LYP / PCM,all_21,all balanced reaction quantities,lowest valid G within the full B3LYP/PCM candidate pool,conformer_candidate,full_b3lyp_pcm_candidate_pool,b3lyp_pcm_candidate_pool,ribose,shared,ribose_dft_seed_pcm_water.log,data/calculations/calc_d8ba52cf8b29a4aa/record.json,-572.743582198,5,5,2.6038009893547422,False,calc_d8ba52cf8b29a4aa
full21_b3lyp_pcm,1_b3lyp_pcm,B3LYP / PCM,all_21,all balanced reaction quantities,lowest valid G within the full B3LYP/PCM candidate pool,conformer_candidate,full_b3lyp_pcm_candidate_pool,b3lyp_pcm_candidate_pool,tap_c5link,base,tap_C5link_pcm_water.log,data/calculations/calc_4e2e0861eea37088/record.json,-430.518375734,1,1,0.0,True,calc_4e2e0861eea37088
full21_b3lyp_pcm,1_b3lyp_pcm,B3LYP / PCM,all_21,all balanced reaction quantities,lowest valid G within the full B3LYP/PCM candidate pool,conformer_candidate,full_b3lyp_pcm_candidate_pool,b3lyp_pcm_candidate_pool,tap_c5link_ribose,nucleoside,tap_C5link_ribose_conf7_pcm_water.log,data/calculations/calc_ee1ba97b82c10afe/record.json,-926.799261191,1,5,0.0,True,calc_ee1ba97b82c10afe
full21_b3lyp_pcm,1_b3lyp_pcm,B3LYP / PCM,all_21,all balanced reaction quantities,lowest valid G within the full B3LYP/PCM candidate pool,conformer_candidate,full_b3lyp_pcm_candidate_pool,b3lyp_pcm_candidate_pool,tap_c5link_ribose,nucleoside,tap_C5link_ribose_dft_seed_pcm_water.log,data/calculations/calc_b8428c2471f83adf/record.json,-926.798472405,2,5,0.4949706880357765,False,calc_b8428c2471f83adf
full21_b3lyp_pcm,1_b3lyp_pcm,B3LYP / PCM,all_21,all balanced reaction quantities,lowest valid G within the full B3LYP/PCM candidate pool,conformer_candidate,full_b3lyp_pcm_candidate_pool,b3lyp_pcm_candidate_pool,tap_c5link_ribose,nucleoside,tap_C5link_ribose_conf3_pcm_water.log,data/calculations/calc_d6ceab1c6e68e8f9/record.json,-926.798467103,3,5,0.4982977432527238,False,calc_d6ceab1c6e68e8f9
full21_b3lyp_pcm,1_b3lyp_pcm,B3LYP / PCM,all_21,all balanced reaction quantities,lowest valid G within the full B3LYP/PCM candidate pool,conformer_candidate,full_b3lyp_pcm_candidate_pool,b3lyp_pcm_candidate_pool,tap_c5link_ribose,nucleoside,tap_C5link_ribose_conf1_pcm_water.log,data/calculations/calc_ccffa35bdaa00ec6/record.json,-926.796390338,4,5,1.801487456136416,False,calc_ccffa35bdaa00ec6
full21_b3lyp_pcm,1_b3lyp_pcm,B3LYP / PCM,all_21,all balanced reaction quantities,lowest valid G within the full B3LYP/PCM candidate pool,conformer_candidate,full_b3lyp_pcm_candidate_pool,b3lyp_pcm_candidate_pool,tap_c5link_ribose,nucleoside,tap_C5link_ribose_conf8_pcm_water.log,data/calculations/calc_60130b56d282be66/record.json,-926.794633979,5,5,2.9036193685357667,False,calc_60130b56d282be66
full21_b3lyp_pcm,1_b3lyp_pcm,B3LYP / PCM,all_21,all balanced reaction quantities,lowest valid G within the full B3LYP/PCM candidate pool,conformer_candidate,full_b3lyp_pcm_candidate_pool,b3lyp_pcm_candidate_pool,tap_c5link_ribose_phosphate,nucleotide,tap_C5link_ribose_phosphate_dft_seed_pcm_water.log,data/calculations/calc_a213de3c3663f8eb/record.json,-1494.66493383,1,7,0.0,True,calc_a213de3c3663f8eb
full21_b3lyp_pcm,1_b3lyp_pcm,B3LYP / PCM,all_21,all balanced reaction quantities,lowest valid G within the full B3LYP/PCM candidate pool,conformer_candidate,full_b3lyp_pcm_candidate_pool,b3lyp_pcm_candidate_pool,tap_c5link_ribose_phosphate,nucleotide,tap_C5link_ribose_phosphate_conf19_pcm_water.log,data/calculations/calc_c6fedfe26c870168/record.json,-1494.66473781,2,7,0.1230044070906384,False,calc_c6fedfe26c870168
full21_b3lyp_pcm,1_b3lyp_pcm,B3LYP / PCM,all_21,all balanced reaction quantities,lowest valid G within the full B3LYP/PCM candidate pool,conformer_candidate,full_b3lyp_pcm_candidate_pool,b3lyp_pcm_candidate_pool,tap_c5link_ribose_phosphate,nucleotide,tap_C5link_ribose_phosphate_conf1_pcm_water.log,data/calculations/calc_b2b0d02a6d2c305f/record.json,-1494.66256961,3,7,1.4835704488433274,False,calc_b2b0d02a6d2c305f
full21_b3lyp_pcm,1_b3lyp_pcm,B3LYP / PCM,all_21,all balanced reaction quantities,lowest valid G within the full B3LYP/PCM candidate pool,conformer_candidate,full_b3lyp_pcm_candidate_pool,b3lyp_pcm_candidate_pool,tap_c5link_ribose_phosphate,nucleotide,tap_C5link_ribose_phosphate_conf4_pcm_water.log,data/calculations/calc_d234dcfadbe77038/record.json,-1494.66245179,4,7,1.5575036150862491,False,calc_d234dcfadbe77038
full21_b3lyp_pcm,1_b3lyp_pcm,B3LYP / PCM,all_21,all balanced reaction quantities,lowest valid G within the full B3LYP/PCM candidate pool,conformer_candidate,full_b3lyp_pcm_candidate_pool,b3lyp_pcm_candidate_pool,tap_c5link_ribose_phosphate,nucleotide,tap_C5link_ribose_phosphate_conf22_pcm_water.log,data/calculations/calc_cdf1dbc4f48a67af/record.json,-1494.66183758,5,7,1.9429262090670516,False,calc_cdf1dbc4f48a67af
full21_b3lyp_pcm,1_b3lyp_pcm,B3LYP / PCM,all_21,all balanced reaction quantities,lowest valid G within the full B3LYP/PCM candidate pool,conformer_candidate,full_b3lyp_pcm_candidate_pool,b3lyp_pcm_candidate_pool,tap_c5link_ribose_phosphate,nucleotide,tap_C5link_ribose_phosphate_conf3_pcm_water.log,data/calculations/calc_5001a71b0242aa1f/record.json,-1494.66103269,6,7,2.4480023097423653,False,calc_5001a71b0242aa1f
full21_b3lyp_pcm,1_b3lyp_pcm,B3LYP / PCM,all_21,all balanced reaction quantities,lowest valid G within the full B3LYP/PCM candidate pool,conformer_candidate,full_b3lyp_pcm_candidate_pool,b3lyp_pcm_candidate_pool,tap_c5link_ribose_phosphate,nucleotide,tap_C5link_ribose_phosphate_conf28_pcm_water.log,data/calculations/calc_c961edaf6d598eb2/record.json,-1494.66070832,7,7,2.651547557871778,False,calc_c961edaf6d598eb2
full21_b3lyp_pcm,1_b3lyp_pcm,B3LYP / PCM,all_21,all balanced reaction quantities,lowest valid G within the full B3LYP/PCM candidate pool,conformer_candidate,full_b3lyp_pcm_candidate_pool,b3lyp_pcm_candidate_pool,thymine,base,thymine_pcm_water.log,data/calculations/calc_ee198384f6ddcdec/record.json,-454.237590453,1,1,0.0,True,calc_ee198384f6ddcdec
full21_b3lyp_pcm,1_b3lyp_pcm,B3LYP / PCM,all_21,all balanced reaction quantities,lowest valid G within the full B3LYP/PCM candidate pool,conformer_candidate,full_b3lyp_pcm_candidate_pool,b3lyp_pcm_candidate_pool,thymine_ribose,nucleoside,thymine_ribose_conf2_pcm_water.log,data/calculations/calc_7f0e4ef6f3f32803/record.json,-950.512922182,1,6,0.0,True,calc_7f0e4ef6f3f32803
full21_b3lyp_pcm,1_b3lyp_pcm,B3LYP / PCM,all_21,all balanced reaction quantities,lowest valid G within the full B3LYP/PCM candidate pool,conformer_candidate,full_b3lyp_pcm_candidate_pool,b3lyp_pcm_candidate_pool,thymine_ribose,nucleoside,thymine_ribose_conf4_pcm_water.log,data/calculations/calc_fd442879a64e1632/record.json,-950.512713937,2,6,0.1306757104683816,False,calc_fd442879a64e1632
full21_b3lyp_pcm,1_b3lyp_pcm,B3LYP / PCM,all_21,all balanced reaction quantities,lowest valid G within the full B3LYP/PCM candidate pool,conformer_candidate,full_b3lyp_pcm_candidate_pool,b3lyp_pcm_candidate_pool,thymine_ribose,nucleoside,thymine_ribose_conf1_pcm_water.log,data/calculations/calc_f5f4967adadc2db8/record.json,-950.512335518,3,6,0.3681372181074039,False,calc_f5f4967adadc2db8
full21_b3lyp_pcm,1_b3lyp_pcm,B3LYP / PCM,all_21,all balanced reaction quantities,lowest valid G within the full B3LYP/PCM candidate pool,conformer_candidate,full_b3lyp_pcm_candidate_pool,b3lyp_pcm_candidate_pool,thymine_ribose,nucleoside,thymine_ribose_conf6_pcm_water.log,data/calculations/calc_5f8c85709d717bdd/record.json,-950.511938598,4,6,0.6172082785971311,False,calc_5f8c85709d717bdd
full21_b3lyp_pcm,1_b3lyp_pcm,B3LYP / PCM,all_21,all balanced reaction quantities,lowest valid G within the full B3LYP/PCM candidate pool,conformer_candidate,full_b3lyp_pcm_candidate_pool,b3lyp_pcm_candidate_pool,thymine_ribose,nucleoside,thymine_ribose_conf3_pcm_water.log,data/calculations/calc_c2c6ab8c0cd44dd8/record.json,-950.511178793,5,6,1.0939931144849429,False,calc_c2c6ab8c0cd44dd8
full21_b3lyp_pcm,1_b3lyp_pcm,B3LYP / PCM,all_21,all balanced reaction quantities,lowest valid G within the full B3LYP/PCM candidate pool,conformer_candidate,full_b3lyp_pcm_candidate_pool,b3lyp_pcm_candidate_pool,thymine_ribose,nucleoside,thymine_ribose_dft_seed_pcm_water.log,data/calculations/calc_20fc3c3d23a5dbe2/record.json,-950.510946873,6,6,1.2395251117303112,False,calc_20fc3c3d23a5dbe2
full21_b3lyp_pcm,1_b3lyp_pcm,B3LYP / PCM,all_21,all balanced reaction quantities,lowest valid G within the full B3LYP/PCM candidate pool,conformer_candidate,full_b3lyp_pcm_candidate_pool,b3lyp_pcm_candidate_pool,thymine_ribose_phosphate,nucleotide,thymine_ribose_phosphate_conf46_pcm_water.log,data/calculations/calc_f9c40765bb129d1a/record.json,-1518.37939226,1,7,0.0,True,calc_f9c40765bb129d1a
full21_b3lyp_pcm,1_b3lyp_pcm,B3LYP / PCM,all_21,all balanced reaction quantities,lowest valid G within the full B3LYP/PCM candidate pool,conformer_candidate,full_b3lyp_pcm_candidate_pool,b3lyp_pcm_candidate_pool,thymine_ribose_phosphate,nucleotide,thymine_ribose_phosphate_conf78_pcm_water.log,data/calculations/calc_abc6a46c4791a92c/record.json,-1518.37756547,2,7,1.146328032120923,False,calc_abc6a46c4791a92c
full21_b3lyp_pcm,1_b3lyp_pcm,B3LYP / PCM,all_21,all balanced reaction quantities,lowest valid G within the full B3LYP/PCM candidate pool,conformer_candidate,full_b3lyp_pcm_candidate_pool,b3lyp_pcm_candidate_pool,thymine_ribose_phosphate,nucleotide,thymine_ribose_phosphate_conf1_pcm_water.log,data/calculations/calc_9dfea3050c510391/record.json,-1518.37676515,3,7,1.6485364144363828,False,calc_9dfea3050c510391
full21_b3lyp_pcm,1_b3lyp_pcm,B3LYP / PCM,all_21,all balanced reaction quantities,lowest valid G within the full B3LYP/PCM candidate pool,conformer_candidate,full_b3lyp_pcm_candidate_pool,b3lyp_pcm_candidate_pool,thymine_ribose_phosphate,nucleotide,thymine_ribose_phosphate_dft_seed_pcm_water.log,data/calculations/calc_aeeeac4065bcb109/record.json,-1518.37665046,4,7,1.7205054759655267,False,calc_aeeeac4065bcb109
full21_b3lyp_pcm,1_b3lyp_pcm,B3LYP / PCM,all_21,all balanced reaction quantities,lowest valid G within the full B3LYP/PCM candidate pool,conformer_candidate,full_b3lyp_pcm_candidate_pool,b3lyp_pcm_candidate_pool,thymine_ribose_phosphate,nucleotide,thymine_ribose_phosphate_conf35_pcm_water.log,data/calculations/calc_a499d55cf25108dc/record.json,-1518.3755786099998,5,7,2.3931015058931804,False,calc_a499d55cf25108dc
full21_b3lyp_pcm,1_b3lyp_pcm,B3LYP / PCM,all_21,all balanced reaction quantities,lowest valid G within the full B3LYP/PCM candidate pool,conformer_candidate,full_b3lyp_pcm_candidate_pool,b3lyp_pcm_candidate_pool,thymine_ribose_phosphate,nucleotide,thymine_ribose_phosphate_conf76_pcm_water.log,data/calculations/calc_420b11f0851f386d/record.json,-1518.3735590299998,6,7,3.660407089536458,False,calc_420b11f0851f386d
full21_b3lyp_pcm,1_b3lyp_pcm,B3LYP / PCM,all_21,all balanced reaction quantities,lowest valid G within the full B3LYP/PCM candidate pool,conformer_candidate,full_b3lyp_pcm_candidate_pool,b3lyp_pcm_candidate_pool,thymine_ribose_phosphate,nucleotide,thymine_ribose_phosphate_conf8_pcm_water.log,data/calculations/calc_3b6d4e4b6795d760/record.json,-1518.373434,7,7,3.7388645988954625,False,calc_3b6d4e4b6795d760
full21_b3lyp_pcm,1_b3lyp_pcm,B3LYP / PCM,all_21,all balanced reaction quantities,lowest valid G within the full B3LYP/PCM candidate pool,conformer_candidate,full_b3lyp_pcm_candidate_pool,b3lyp_pcm_candidate_pool,uracil,base,uracil_pcm_water.log,data/calculations/calc_f39698ab11c8d629/record.json,-414.93206767,1,1,0.0,True,calc_f39698ab11c8d629
full21_b3lyp_pcm,1_b3lyp_pcm,B3LYP / PCM,all_21,all balanced reaction quantities,lowest valid G within the full B3LYP/PCM candidate pool,conformer_candidate,full_b3lyp_pcm_candidate_pool,b3lyp_pcm_candidate_pool,uracil_ribose,nucleoside,uracil_ribose_conf4_pcm_water.log,data/calculations/calc_12fd1c0e255a1a86/record.json,-911.207407878,1,6,0.0,True,calc_12fd1c0e255a1a86
full21_b3lyp_pcm,1_b3lyp_pcm,B3LYP / PCM,all_21,all balanced reaction quantities,lowest valid G within the full B3LYP/PCM candidate pool,conformer_candidate,full_b3lyp_pcm_candidate_pool,b3lyp_pcm_candidate_pool,uracil_ribose,nucleoside,uracil_ribose_conf2_pcm_water.log,data/calculations/calc_ae555f8cd58c2f4a/record.json,-911.207313114,2,6,0.0594653078602891,False,calc_ae555f8cd58c2f4a
full21_b3lyp_pcm,1_b3lyp_pcm,B3LYP / PCM,all_21,all balanced reaction quantities,lowest valid G within the full B3LYP/PCM candidate pool,conformer_candidate,full_b3lyp_pcm_candidate_pool,b3lyp_pcm_candidate_pool,uracil_ribose,nucleoside,uracil_ribose_conf1_pcm_water.log,data/calculations/calc_e2636f33f878b8a2/record.json,-911.206857193,3,6,0.3455600547291029,False,calc_e2636f33f878b8a2
full21_b3lyp_pcm,1_b3lyp_pcm,B3LYP / PCM,all_21,all balanced reaction quantities,lowest valid G within the full B3LYP/PCM candidate pool,conformer_candidate,full_b3lyp_pcm_candidate_pool,b3lyp_pcm_candidate_pool,uracil_ribose,nucleoside,uracil_ribose_conf3_pcm_water.log,data/calculations/calc_1cd6706f093acea4/record.json,-911.20663715,4,6,0.4836391219385227,False,calc_1cd6706f093acea4
full21_b3lyp_pcm,1_b3lyp_pcm,B3LYP / PCM,all_21,all balanced reaction quantities,lowest valid G within the full B3LYP/PCM candidate pool,conformer_candidate,full_b3lyp_pcm_candidate_pool,b3lyp_pcm_candidate_pool,uracil_ribose,nucleoside,uracil_ribose_conf5_pcm_water.log,data/calculations/calc_33af2952458f3c63/record.json,-911.205645244,5,6,1.1060695343694746,False,calc_33af2952458f3c63
full21_b3lyp_pcm,1_b3lyp_pcm,B3LYP / PCM,all_21,all balanced reaction quantities,lowest valid G within the full B3LYP/PCM candidate pool,conformer_candidate,full_b3lyp_pcm_candidate_pool,b3lyp_pcm_candidate_pool,uracil_ribose,nucleoside,uracil_ribose_dft_seed_pcm_water.log,data/calculations/calc_4823804aba3def82/record.json,-911.202731558,6,6,2.934435103778456,False,calc_4823804aba3def82
full21_b3lyp_pcm,1_b3lyp_pcm,B3LYP / PCM,all_21,all balanced reaction quantities,lowest valid G within the full B3LYP/PCM candidate pool,conformer_candidate,full_b3lyp_pcm_candidate_pool,b3lyp_pcm_candidate_pool,uracil_ribose_phosphate,nucleotide,uracil_ribose_phosphate_conf65_pcm_water.log,data/calculations/calc_0c1c835dc0af3a7d/record.json,-1479.07380906,1,7,0.0,True,calc_0c1c835dc0af3a7d
full21_b3lyp_pcm,1_b3lyp_pcm,B3LYP / PCM,all_21,all balanced reaction quantities,lowest valid G within the full B3LYP/PCM candidate pool,conformer_candidate,full_b3lyp_pcm_candidate_pool,b3lyp_pcm_candidate_pool,uracil_ribose_phosphate,nucleotide,uracil_ribose_phosphate_conf60_pcm_water.log,data/calculations/calc_dd5f31517ca37a9e/record.json,-1479.0724851,2,7,0.8307974433032319,False,calc_dd5f31517ca37a9e
full21_b3lyp_pcm,1_b3lyp_pcm,B3LYP / PCM,all_21,all balanced reaction quantities,lowest valid G within the full B3LYP/PCM candidate pool,conformer_candidate,full_b3lyp_pcm_candidate_pool,b3lyp_pcm_candidate_pool,uracil_ribose_phosphate,nucleotide,uracil_ribose_phosphate_conf7_pcm_water.log,data/calculations/calc_e02a09e5e3b01773/record.json,-1479.07095916,3,7,1.7883392501331008,False,calc_e02a09e5e3b01773
full21_b3lyp_pcm,1_b3lyp_pcm,B3LYP / PCM,all_21,all balanced reaction quantities,lowest valid G within the full B3LYP/PCM candidate pool,conformer_candidate,full_b3lyp_pcm_candidate_pool,b3lyp_pcm_candidate_pool,uracil_ribose_phosphate,nucleotide,uracil_ribose_phosphate_conf1_pcm_water.log,data/calculations/calc_ab502b59d8237787/record.json,-1479.07081757,4,7,1.8771883166360053,False,calc_ab502b59d8237787
full21_b3lyp_pcm,1_b3lyp_pcm,B3LYP / PCM,all_21,all balanced reaction quantities,lowest valid G within the full B3LYP/PCM candidate pool,conformer_candidate,full_b3lyp_pcm_candidate_pool,b3lyp_pcm_candidate_pool,uracil_ribose_phosphate,nucleotide,uracil_ribose_phosphate_conf38_pcm_water.log,data/calculations/calc_fb8a02360a2ba144/record.json,-1479.07071923,5,7,1.9388975981866785,False,calc_fb8a02360a2ba144
full21_b3lyp_pcm,1_b3lyp_pcm,B3LYP / PCM,all_21,all balanced reaction quantities,lowest valid G within the full B3LYP/PCM candidate pool,conformer_candidate,full_b3lyp_pcm_candidate_pool,b3lyp_pcm_candidate_pool,uracil_ribose_phosphate,nucleotide,uracil_ribose_phosphate_dft_seed_pcm_water.log,data/calculations/calc_182828f777a313e5/record.json,-1479.06915857,6,7,2.9182265341178835,False,calc_182828f777a313e5
full21_b3lyp_pcm,1_b3lyp_pcm,B3LYP / PCM,all_21,all balanced reaction quantities,lowest valid G within the full B3LYP/PCM candidate pool,conformer_candidate,full_b3lyp_pcm_candidate_pool,b3lyp_pcm_candidate_pool,uracil_ribose_phosphate,nucleotide,uracil_ribose_phosphate_conf68_pcm_water.log,data/calculations/calc_65dc9944805d507f/record.json,-1479.06813729,7,7,3.5590894096663,False,calc_65dc9944805d507f
full21_b3lyp_pcm,1_b3lyp_pcm,B3LYP / PCM,all_21,all balanced reaction quantities,lowest valid G within the full B3LYP/PCM candidate pool,conformer_candidate,full_b3lyp_pcm_candidate_pool,b3lyp_pcm_candidate_pool,water,shared,water_pcm_water.log,data/calculations/calc_c2c9d57073565a33/record.json,-76.4666763644,1,1,0.0,True,calc_c2c9d57073565a33
full21_b3lyp_pcm,1_b3lyp_pcm,B3LYP / PCM,all_21,all balanced reaction quantities,lowest valid G within the full B3LYP/PCM candidate pool,conformer_candidate,full_b3lyp_pcm_candidate_pool,b3lyp_pcm_candidate_pool,xanthine,base,xanthine_pcm_water.log,data/calculations/calc_bdbb805e868e5608/record.json,-562.59009003,1,1,0.0,True,calc_bdbb805e868e5608
full21_b3lyp_pcm,1_b3lyp_pcm,B3LYP / PCM,all_21,all balanced reaction quantities,lowest valid G within the full B3LYP/PCM candidate pool,conformer_candidate,full_b3lyp_pcm_candidate_pool,b3lyp_pcm_candidate_pool,xanthine_ribose,nucleoside,xanthine_ribose_conf1_pcm_water.log,data/calculations/calc_33836914b1f80b7f/record.json,-1058.86644694,1,6,0.0,True,calc_33836914b1f80b7f
full21_b3lyp_pcm,1_b3lyp_pcm,B3LYP / PCM,all_21,all balanced reaction quantities,lowest valid G within the full B3LYP/PCM candidate pool,conformer_candidate,full_b3lyp_pcm_candidate_pool,b3lyp_pcm_candidate_pool,xanthine_ribose,nucleoside,xanthine_ribose_conf10_pcm_water.log,data/calculations/calc_138e60390940f4b6/record.json,-1058.86407878,2,6,1.4860428361349314,False,calc_138e60390940f4b6
full21_b3lyp_pcm,1_b3lyp_pcm,B3LYP / PCM,all_21,all balanced reaction quantities,lowest valid G within the full B3LYP/PCM candidate pool,conformer_candidate,full_b3lyp_pcm_candidate_pool,b3lyp_pcm_candidate_pool,xanthine_ribose,nucleoside,xanthine_ribose_conf2_pcm_water.log,data/calculations/calc_a095de9d688069e4/record.json,-1058.86282268,3,6,2.2742574865629863,False,calc_a095de9d688069e4
full21_b3lyp_pcm,1_b3lyp_pcm,B3LYP / PCM,all_21,all balanced reaction quantities,lowest valid G within the full B3LYP/PCM candidate pool,conformer_candidate,full_b3lyp_pcm_candidate_pool,b3lyp_pcm_candidate_pool,xanthine_ribose,nucleoside,xanthine_ribose_conf7_pcm_water.log,data/calculations/calc_7521e24e6129e1a8/record.json,-1058.86184046,4,6,2.890609842157758,False,calc_7521e24e6129e1a8
full21_b3lyp_pcm,1_b3lyp_pcm,B3LYP / PCM,all_21,all balanced reaction quantities,lowest valid G within the full B3LYP/PCM candidate pool,conformer_candidate,full_b3lyp_pcm_candidate_pool,b3lyp_pcm_candidate_pool,xanthine_ribose,nucleoside,xanthine_ribose_conf12_pcm_water.log,data/calculations/calc_072513ed48ae23dd/record.json,-1058.8611631,5,6,3.3156596595431824,False,calc_072513ed48ae23dd
full21_b3lyp_pcm,1_b3lyp_pcm,B3LYP / PCM,all_21,all balanced reaction quantities,lowest valid G within the full B3LYP/PCM candidate pool,conformer_candidate,full_b3lyp_pcm_candidate_pool,b3lyp_pcm_candidate_pool,xanthine_ribose,nucleoside,xanthine_ribose_dft_seed_pcm_water.log,data/calculations/calc_fc7ea1e5f9248de0/record.json,-1058.85962297,6,6,4.282105825668388,False,calc_fc7ea1e5f9248de0
full21_b3lyp_pcm,1_b3lyp_pcm,B3LYP / PCM,all_21,all balanced reaction quantities,lowest valid G within the full B3LYP/PCM candidate pool,conformer_candidate,full_b3lyp_pcm_candidate_pool,b3lyp_pcm_candidate_pool,xanthine_ribose_phosphate,nucleotide,xanthine_ribose_phosphate_dft_seed_pcm_water.log,data/calculations/calc_f79711e8c20fd629/record.json,-1626.72971776,1,6,0.0,True,calc_f79711e8c20fd629
full21_b3lyp_pcm,1_b3lyp_pcm,B3LYP / PCM,all_21,all balanced reaction quantities,lowest valid G within the full B3LYP/PCM candidate pool,conformer_candidate,full_b3lyp_pcm_candidate_pool,b3lyp_pcm_candidate_pool,xanthine_ribose_phosphate,nucleotide,xanthine_ribose_phosphate_conf62_pcm_water.log,data/calculations/calc_3e28efc611b0ffcd/record.json,-1626.72566168,2,6,2.5452286275922855,False,calc_3e28efc611b0ffcd
full21_b3lyp_pcm,1_b3lyp_pcm,B3LYP / PCM,all_21,all balanced reaction quantities,lowest valid G within the full B3LYP/PCM candidate pool,conformer_candidate,full_b3lyp_pcm_candidate_pool,b3lyp_pcm_candidate_pool,xanthine_ribose_phosphate,nucleotide,xanthine_ribose_phosphate_conf127_pcm_water.log,data/calculations/calc_00fe351981635926/record.json,-1626.7254282400002,3,6,2.6917144391387997,False,calc_00fe351981635926
full21_b3lyp_pcm,1_b3lyp_pcm,B3LYP / PCM,all_21,all balanced reaction quantities,lowest valid G within the full B3LYP/PCM candidate pool,conformer_candidate,full_b3lyp_pcm_candidate_pool,b3lyp_pcm_candidate_pool,xanthine_ribose_phosphate,nucleotide,xanthine_ribose_phosphate_conf181_pcm_water.log,data/calculations/calc_b7b2c419d15de4e2/record.json,-1626.72486368,4,6,3.0459811879144727,False,calc_b7b2c419d15de4e2
full21_b3lyp_pcm,1_b3lyp_pcm,B3LYP / PCM,all_21,all balanced reaction quantities,lowest valid G within the full B3LYP/PCM candidate pool,conformer_candidate,full_b3lyp_pcm_candidate_pool,b3lyp_pcm_candidate_pool,xanthine_ribose_phosphate,nucleotide,xanthine_ribose_phosphate_conf2_pcm_water.log,data/calculations/calc_8e95f1e00b2a7294/record.json,-1626.72408742,5,6,3.53309169229213,False,calc_8e95f1e00b2a7294
full21_b3lyp_pcm,1_b3lyp_pcm,B3LYP / PCM,all_21,all balanced reaction quantities,lowest valid G within the full B3LYP/PCM candidate pool,conformer_candidate,full_b3lyp_pcm_candidate_pool,b3lyp_pcm_candidate_pool,xanthine_ribose_phosphate,nucleotide,xanthine_ribose_phosphate_conf1_pcm_water.log,data/calculations/calc_a8abcfd149ab95f0/record.json,-1626.72324961,6,6,4.058825404690156,False,calc_a8abcfd149ab95f0
method_sensitivity10_1_b3lyp_pcm,1_b3lyp_pcm,B3LYP / PCM,targeted_10,net nucleotide formation,lowest valid G from the full B3LYP/PCM conformer pool,conformer_candidate,full_b3lyp_pcm_candidate_pool,b3lyp_pcm_candidate_pool,adenine,base,adenine_pcm_water.log,data/calculations/calc_579b225d5746d6f9/record.json,-467.411776062,1,1,0.0,True,calc_579b225d5746d6f9
method_sensitivity10_1_b3lyp_pcm,1_b3lyp_pcm,B3LYP / PCM,targeted_10,net nucleotide formation,lowest valid G from the full B3LYP/PCM conformer pool,conformer_candidate,full_b3lyp_pcm_candidate_pool,b3lyp_pcm_candidate_pool,adenine_ribose_phosphate,nucleotide,adenine_ribose_phosphate_conf13_pcm_water.log,data/calculations/calc_565406d4de58dfbc/record.json,-1531.56611465,1,6,0.0,True,calc_565406d4de58dfbc
method_sensitivity10_1_b3lyp_pcm,1_b3lyp_pcm,B3LYP / PCM,targeted_10,net nucleotide formation,lowest valid G from the full B3LYP/PCM conformer pool,conformer_candidate,full_b3lyp_pcm_candidate_pool,b3lyp_pcm_candidate_pool,adenine_ribose_phosphate,nucleotide,adenine_ribose_phosphate_conf1_pcm_water.log,data/calculations/calc_9321e946d318e261/record.json,-1531.5619550600002,2,6,2.6101821332005684,False,calc_9321e946d318e261
method_sensitivity10_1_b3lyp_pcm,1_b3lyp_pcm,B3LYP / PCM,targeted_10,net nucleotide formation,lowest valid G from the full B3LYP/PCM conformer pool,conformer_candidate,full_b3lyp_pcm_candidate_pool,b3lyp_pcm_candidate_pool,adenine_ribose_phosphate,nucleotide,adenine_ribose_phosphate_conf22_pcm_water.log,data/calculations/calc_24debaf35022ea98/record.json,-1531.56174169,3,6,2.7440738298134955,False,calc_24debaf35022ea98
method_sensitivity10_1_b3lyp_pcm,1_b3lyp_pcm,B3LYP / PCM,targeted_10,net nucleotide formation,lowest valid G from the full B3LYP/PCM conformer pool,conformer_candidate,full_b3lyp_pcm_candidate_pool,b3lyp_pcm_candidate_pool,adenine_ribose_phosphate,nucleotide,adenine_ribose_phosphate_conf75_pcm_water.log,data/calculations/calc_261fd8f740147344/record.json,-1531.56081007,4,6,3.328674206086573,False,calc_261fd8f740147344
method_sensitivity10_1_b3lyp_pcm,1_b3lyp_pcm,B3LYP / PCM,targeted_10,net nucleotide formation,lowest valid G from the full B3LYP/PCM conformer pool,conformer_candidate,full_b3lyp_pcm_candidate_pool,b3lyp_pcm_candidate_pool,adenine_ribose_phosphate,nucleotide,adenine_ribose_phosphate_conf113_pcm_water.log,data/calculations/calc_f21bed15be44607b/record.json,-1531.55890885,5,6,4.521707768244806,False,calc_f21bed15be44607b
method_sensitivity10_1_b3lyp_pcm,1_b3lyp_pcm,B3LYP / PCM,targeted_10,net nucleotide formation,lowest valid G from the full B3LYP/PCM conformer pool,conformer_candidate,full_b3lyp_pcm_candidate_pool,b3lyp_pcm_candidate_pool,adenine_ribose_phosphate,nucleotide,adenine_ribose_phosphate_dft_seed_pcm_water.log,data/calculations/calc_18ea3413065df474/record.json,-1531.55658244,6,6,5.981552083814574,False,calc_18ea3413065df474
method_sensitivity10_1_b3lyp_pcm,1_b3lyp_pcm,B3LYP / PCM,targeted_10,net nucleotide formation,lowest valid G from the full B3LYP/PCM conformer pool,conformer_candidate,full_b3lyp_pcm_candidate_pool,b3lyp_pcm_candidate_pool,barbituric_acid,base,barbituric_acid_pcm_water.log,data/calculations/calc_83ba274204495cdc/record.json,-490.202518283,1,1,0.0,True,calc_83ba274204495cdc
method_sensitivity10_1_b3lyp_pcm,1_b3lyp_pcm,B3LYP / PCM,targeted_10,net nucleotide formation,lowest valid G from the full B3LYP/PCM conformer pool,conformer_candidate,full_b3lyp_pcm_candidate_pool,b3lyp_pcm_candidate_pool,barbituric_acid_clink_ribose_phosphate,nucleotide,barbituric_acid_Clink_ribose_phosphate_conf1_pcm_water.log,data/calculations/calc_30c04d4de5da70b4/record.json,-1554.34709075,1,5,0.0,True,calc_30c04d4de5da70b4
method_sensitivity10_1_b3lyp_pcm,1_b3lyp_pcm,B3LYP / PCM,targeted_10,net nucleotide formation,lowest valid G from the full B3LYP/PCM conformer pool,conformer_candidate,full_b3lyp_pcm_candidate_pool,b3lyp_pcm_candidate_pool,barbituric_acid_clink_ribose_phosphate,nucleotide,barbituric_acid_Clink_ribose_phosphate_conf51_pcm_water.log,data/calculations/calc_fa4caa8829bcc007/record.json,-1554.3459944600002,2,5,0.687932361226724,False,calc_fa4caa8829bcc007
method_sensitivity10_1_b3lyp_pcm,1_b3lyp_pcm,B3LYP / PCM,targeted_10,net nucleotide formation,lowest valid G from the full B3LYP/PCM conformer pool,conformer_candidate,full_b3lyp_pcm_candidate_pool,b3lyp_pcm_candidate_pool,barbituric_acid_clink_ribose_phosphate,nucleotide,barbituric_acid_Clink_ribose_phosphate_dft_seed_pcm_water.log,data/calculations/calc_8855818933fb6b34/record.json,-1554.34559946,3,5,0.9357986036405816,False,calc_8855818933fb6b34
method_sensitivity10_1_b3lyp_pcm,1_b3lyp_pcm,B3LYP / PCM,targeted_10,net nucleotide formation,lowest valid G from the full B3LYP/PCM conformer pool,conformer_candidate,full_b3lyp_pcm_candidate_pool,b3lyp_pcm_candidate_pool,barbituric_acid_clink_ribose_phosphate,nucleotide,barbituric_acid_Clink_ribose_phosphate_conf17_pcm_water.log,data/calculations/calc_02f9f94592bb03fd/record.json,-1554.3454957,4,5,1.0009089865278096,False,calc_02f9f94592bb03fd
method_sensitivity10_1_b3lyp_pcm,1_b3lyp_pcm,B3LYP / PCM,targeted_10,net nucleotide formation,lowest valid G from the full B3LYP/PCM conformer pool,conformer_candidate,full_b3lyp_pcm_candidate_pool,b3lyp_pcm_candidate_pool,barbituric_acid_clink_ribose_phosphate,nucleotide,barbituric_acid_Clink_ribose_phosphate_conf39_pcm_water.log,data/calculations/calc_0f03edb9079554fe/record.json,-1554.34469622,5,5,1.5025902608949475,False,calc_0f03edb9079554fe
method_sensitivity10_1_b3lyp_pcm,1_b3lyp_pcm,B3LYP / PCM,targeted_10,net nucleotide formation,lowest valid G from the full B3LYP/PCM conformer pool,conformer_candidate,full_b3lyp_pcm_candidate_pool,b3lyp_pcm_candidate_pool,cytosine,base,cytosine_pcm_water.log,data/calculations/calc_134efc3e90289083/record.json,-395.027078634,1,1,0.0,True,calc_134efc3e90289083
method_sensitivity10_1_b3lyp_pcm,1_b3lyp_pcm,B3LYP / PCM,targeted_10,net nucleotide formation,lowest valid G from the full B3LYP/PCM conformer pool,conformer_candidate,full_b3lyp_pcm_candidate_pool,b3lyp_pcm_candidate_pool,cytosine_ribose_phosphate,nucleotide,cytosine_ribose_phosphate_conf2_pcm_water.log,data/calculations/calc_fff03848f43180e0/record.json,-1459.18085061,1,7,0.0,True,calc_fff03848f43180e0
method_sensitivity10_1_b3lyp_pcm,1_b3lyp_pcm,B3LYP / PCM,targeted_10,net nucleotide formation,lowest valid G from the full B3LYP/PCM conformer pool,conformer_candidate,full_b3lyp_pcm_candidate_pool,b3lyp_pcm_candidate_pool,cytosine_ribose_phosphate,nucleotide,cytosine_ribose_phosphate_conf18_pcm_water.log,data/calculations/calc_dd1d3c434cc385e2/record.json,-1459.17912971,2,7,1.0798810537783776,False,calc_dd1d3c434cc385e2
method_sensitivity10_1_b3lyp_pcm,1_b3lyp_pcm,B3LYP / PCM,targeted_10,net nucleotide formation,lowest valid G from the full B3LYP/PCM conformer pool,conformer_candidate,full_b3lyp_pcm_candidate_pool,b3lyp_pcm_candidate_pool,cytosine_ribose_phosphate,nucleotide,cytosine_ribose_phosphate_conf26_pcm_water.log,data/calculations/calc_9f2bdd9c41fe820c/record.json,-1459.17669744,3,7,2.606153522320195,False,calc_9f2bdd9c41fe820c
method_sensitivity10_1_b3lyp_pcm,1_b3lyp_pcm,B3LYP / PCM,targeted_10,net nucleotide formation,lowest valid G from the full B3LYP/PCM conformer pool,conformer_candidate,full_b3lyp_pcm_candidate_pool,b3lyp_pcm_candidate_pool,cytosine_ribose_phosphate,nucleotide,cytosine_ribose_phosphate_conf44_pcm_water.log,data/calculations/calc_c5eebeb27b999d66/record.json,-1459.17595356,4,7,3.072945269931905,False,calc_c5eebeb27b999d66
method_sensitivity10_1_b3lyp_pcm,1_b3lyp_pcm,B3LYP / PCM,targeted_10,net nucleotide formation,lowest valid G from the full B3LYP/PCM conformer pool,conformer_candidate,full_b3lyp_pcm_candidate_pool,b3lyp_pcm_candidate_pool,cytosine_ribose_phosphate,nucleotide,cytosine_ribose_phosphate_conf10_pcm_water.log,data/calculations/calc_73ec8ea041c3fef0/record.json,-1459.17459099,5,7,3.927970853915465,False,calc_73ec8ea041c3fef0
method_sensitivity10_1_b3lyp_pcm,1_b3lyp_pcm,B3LYP / PCM,targeted_10,net nucleotide formation,lowest valid G from the full B3LYP/PCM conformer pool,conformer_candidate,full_b3lyp_pcm_candidate_pool,b3lyp_pcm_candidate_pool,cytosine_ribose_phosphate,nucleotide,cytosine_ribose_phosphate_conf1_pcm_water.log,data/calculations/calc_c361a8ca84c4d8f6/record.json,-1459.17345935,6,7,4.638085675169096,False,calc_c361a8ca84c4d8f6
method_sensitivity10_1_b3lyp_pcm,1_b3lyp_pcm,B3LYP / PCM,targeted_10,net nucleotide formation,lowest valid G from the full B3LYP/PCM conformer pool,conformer_candidate,full_b3lyp_pcm_candidate_pool,b3lyp_pcm_candidate_pool,cytosine_ribose_phosphate,nucleotide,cytosine_ribose_phosphate_dft_seed_pcm_water.log,data/calculations/calc_6f912d137c0aee92/record.json,-1459.17238217,7,7,5.314026330464499,False,calc_6f912d137c0aee92
method_sensitivity10_1_b3lyp_pcm,1_b3lyp_pcm,B3LYP / PCM,targeted_10,net nucleotide formation,lowest valid G from the full B3LYP/PCM conformer pool,conformer_candidate,full_b3lyp_pcm_candidate_pool,b3lyp_pcm_candidate_pool,guanine,base,guanine_pcm_water.log,data/calculations/calc_a091e116d6de97ca/record.json,-542.688635019,1,1,0.0,True,calc_a091e116d6de97ca
method_sensitivity10_1_b3lyp_pcm,1_b3lyp_pcm,B3LYP / PCM,targeted_10,net nucleotide formation,lowest valid G from the full B3LYP/PCM conformer pool,conformer_candidate,full_b3lyp_pcm_candidate_pool,b3lyp_pcm_candidate_pool,guanine_ribose_phosphate,nucleotide,guanine_ribose_phosphate_conf87_pcm_water.log,data/calculations/calc_5cbeee002649ab4c/record.json,-1606.83475695,1,7,0.0,True,calc_5cbeee002649ab4c
method_sensitivity10_1_b3lyp_pcm,1_b3lyp_pcm,B3LYP / PCM,targeted_10,net nucleotide formation,lowest valid G from the full B3LYP/PCM conformer pool,conformer_candidate,full_b3lyp_pcm_candidate_pool,b3lyp_pcm_candidate_pool,guanine_ribose_phosphate,nucleotide,guanine_ribose_phosphate_conf6_pcm_water.log,data/calculations/calc_c86a1f2350ca7a79/record.json,-1606.83423888,2,7,0.3250938332267788,False,calc_c86a1f2350ca7a79
method_sensitivity10_1_b3lyp_pcm,1_b3lyp_pcm,B3LYP / PCM,targeted_10,net nucleotide formation,lowest valid G from the full B3LYP/PCM conformer pool,conformer_candidate,full_b3lyp_pcm_candidate_pool,b3lyp_pcm_candidate_pool,guanine_ribose_phosphate,nucleotide,guanine_ribose_phosphate_conf1_pcm_water.log,data/calculations/calc_3aad2676410e3727/record.json,-1606.8334617399998,3,7,0.8127565459516318,False,calc_3aad2676410e3727
method_sensitivity10_1_b3lyp_pcm,1_b3lyp_pcm,B3LYP / PCM,targeted_10,net nucleotide formation,lowest valid G from the full B3LYP/PCM conformer pool,conformer_candidate,full_b3lyp_pcm_candidate_pool,b3lyp_pcm_candidate_pool,guanine_ribose_phosphate,nucleotide,guanine_ribose_phosphate_conf8_pcm_water.log,data/calculations/calc_6f3fadf98efb8443/record.json,-1606.83280276,4,7,1.2262727390431325,False,calc_6f3fadf98efb8443
method_sensitivity10_1_b3lyp_pcm,1_b3lyp_pcm,B3LYP / PCM,targeted_10,net nucleotide formation,lowest valid G from the full B3LYP/PCM conformer pool,conformer_candidate,full_b3lyp_pcm_candidate_pool,b3lyp_pcm_candidate_pool,guanine_ribose_phosphate,nucleotide,guanine_ribose_phosphate_dft_seed_pcm_water.log,data/calculations/calc_bebffc90ac2d06ca/record.json,-1606.83243155,5,7,1.45921053099757,False,calc_bebffc90ac2d06ca
method_sensitivity10_1_b3lyp_pcm,1_b3lyp_pcm,B3LYP / PCM,targeted_10,net nucleotide formation,lowest valid G from the full B3LYP/PCM conformer pool,conformer_candidate,full_b3lyp_pcm_candidate_pool,b3lyp_pcm_candidate_pool,guanine_ribose_phosphate,nucleotide,guanine_ribose_phosphate_conf178_pcm_water.log,data/calculations/calc_e3c204086afc6be0/record.json,-1606.8319739800002,6,7,1.7463400408896934,False,calc_e3c204086afc6be0
method_sensitivity10_1_b3lyp_pcm,1_b3lyp_pcm,B3LYP / PCM,targeted_10,net nucleotide formation,lowest valid G from the full B3LYP/PCM conformer pool,conformer_candidate,full_b3lyp_pcm_candidate_pool,b3lyp_pcm_candidate_pool,guanine_ribose_phosphate,nucleotide,guanine_ribose_phosphate_conf58_pcm_water.log,data/calculations/calc_0766aefcf300dceb/record.json,-1606.83183797,7,7,1.831687604603225,False,calc_0766aefcf300dceb
method_sensitivity10_1_b3lyp_pcm,1_b3lyp_pcm,B3LYP / PCM,targeted_10,net nucleotide formation,lowest valid G from the full B3LYP/PCM conformer pool,conformer_candidate,full_b3lyp_pcm_candidate_pool,b3lyp_pcm_candidate_pool,imidazole,base,imidazole_pcm_water.log,data/calculations/calc_86aab83ecc0914ce/record.json,-226.263318163,1,1,0.0,True,calc_86aab83ecc0914ce
method_sensitivity10_1_b3lyp_pcm,1_b3lyp_pcm,B3LYP / PCM,targeted_10,net nucleotide formation,lowest valid G from the full B3LYP/PCM conformer pool,conformer_candidate,full_b3lyp_pcm_candidate_pool,b3lyp_pcm_candidate_pool,imidazole_ribose_phosphate,nucleotide,imidazole_ribose_phosphate_conf11_pcm_water.log,data/calculations/calc_0fc80346cb0cfb89/record.json,-1290.41066676,1,7,0.0,True,calc_0fc80346cb0cfb89
method_sensitivity10_1_b3lyp_pcm,1_b3lyp_pcm,B3LYP / PCM,targeted_10,net nucleotide formation,lowest valid G from the full B3LYP/PCM conformer pool,conformer_candidate,full_b3lyp_pcm_candidate_pool,b3lyp_pcm_candidate_pool,imidazole_ribose_phosphate,nucleotide,imidazole_ribose_phosphate_conf6_pcm_water.log,data/calculations/calc_ff7a6be11ae8f1a9/record.json,-1290.40861473,2,7,1.287668266035915,False,calc_ff7a6be11ae8f1a9
method_sensitivity10_1_b3lyp_pcm,1_b3lyp_pcm,B3LYP / PCM,targeted_10,net nucleotide formation,lowest valid G from the full B3LYP/PCM conformer pool,conformer_candidate,full_b3lyp_pcm_candidate_pool,b3lyp_pcm_candidate_pool,imidazole_ribose_phosphate,nucleotide,imidazole_ribose_phosphate_conf2_pcm_water.log,data/calculations/calc_c161a7e788757379/record.json,-1290.40674447,3,7,2.46127413487484,False,calc_c161a7e788757379
method_sensitivity10_1_b3lyp_pcm,1_b3lyp_pcm,B3LYP / PCM,targeted_10,net nucleotide formation,lowest valid G from the full B3LYP/PCM conformer pool,conformer_candidate,full_b3lyp_pcm_candidate_pool,b3lyp_pcm_candidate_pool,imidazole_ribose_phosphate,nucleotide,imidazole_ribose_phosphate_conf1_pcm_water.log,data/calculations/calc_2037d7c3b7321ddf/record.json,-1290.4063883499998,4,7,2.684742808987308,False,calc_2037d7c3b7321ddf
method_sensitivity10_1_b3lyp_pcm,1_b3lyp_pcm,B3LYP / PCM,targeted_10,net nucleotide formation,lowest valid G from the full B3LYP/PCM conformer pool,conformer_candidate,full_b3lyp_pcm_candidate_pool,b3lyp_pcm_candidate_pool,imidazole_ribose_phosphate,nucleotide,imidazole_ribose_phosphate_conf67_pcm_water.log,data/calculations/calc_dd0fff99c37c8199/record.json,-1290.40621006,5,7,2.7966214729090315,False,calc_dd0fff99c37c8199
method_sensitivity10_1_b3lyp_pcm,1_b3lyp_pcm,B3LYP / PCM,targeted_10,net nucleotide formation,lowest valid G from the full B3LYP/PCM conformer pool,conformer_candidate,full_b3lyp_pcm_candidate_pool,b3lyp_pcm_candidate_pool,imidazole_ribose_phosphate,nucleotide,imidazole_ribose_phosphate_conf69_pcm_water.log,data/calculations/calc_8fa808175767f388/record.json,-1290.4056858,6,7,3.125599589793996,False,calc_8fa808175767f388
method_sensitivity10_1_b3lyp_pcm,1_b3lyp_pcm,B3LYP / PCM,targeted_10,net nucleotide formation,lowest valid G from the full B3LYP/PCM conformer pool,conformer_candidate,full_b3lyp_pcm_candidate_pool,b3lyp_pcm_candidate_pool,imidazole_ribose_phosphate,nucleotide,imidazole_ribose_phosphate_dft_seed_pcm_water.log,data/calculations/calc_217379cfb9bb4243/record.json,-1290.4053792900002,7,7,3.317937518672171,False,calc_217379cfb9bb4243
method_sensitivity10_1_b3lyp_pcm,1_b3lyp_pcm,B3LYP / PCM,targeted_10,net nucleotide formation,lowest valid G from the full B3LYP/PCM conformer pool,conformer_candidate,full_b3lyp_pcm_candidate_pool,b3lyp_pcm_candidate_pool,melamine,base,melamine_pcm_water.log,data/calculations/calc_33fca431883e2cd5/record.json,-446.598259299,1,1,0.0,True,calc_33fca431883e2cd5
method_sensitivity10_1_b3lyp_pcm,1_b3lyp_pcm,B3LYP / PCM,targeted_10,net nucleotide formation,lowest valid G from the full B3LYP/PCM conformer pool,conformer_candidate,full_b3lyp_pcm_candidate_pool,b3lyp_pcm_candidate_pool,melamine_ribose_phosphate,nucleotide,melamine_ribose_phosphate_conf79_pcm_water.log,data/calculations/calc_461032b033f7667d/record.json,-1510.7466947500002,1,7,0.0,True,calc_461032b033f7667d
method_sensitivity10_1_b3lyp_pcm,1_b3lyp_pcm,B3LYP / PCM,targeted_10,net nucleotide formation,lowest valid G from the full B3LYP/PCM conformer pool,conformer_candidate,full_b3lyp_pcm_candidate_pool,b3lyp_pcm_candidate_pool,melamine_ribose_phosphate,nucleotide,melamine_ribose_phosphate_conf84_pcm_water.log,data/calculations/calc_e1660d18e2498937/record.json,-1510.74647961,2,7,0.1350023883356977,False,calc_e1660d18e2498937
method_sensitivity10_1_b3lyp_pcm,1_b3lyp_pcm,B3LYP / PCM,targeted_10,net nucleotide formation,lowest valid G from the full B3LYP/PCM conformer pool,conformer_candidate,full_b3lyp_pcm_candidate_pool,b3lyp_pcm_candidate_pool,melamine_ribose_phosphate,nucleotide,melamine_ribose_phosphate_conf1_pcm_water.log,data/calculations/calc_ebc0e00dd9859568/record.json,-1510.74331267,3,7,2.1222872421428263,False,calc_ebc0e00dd9859568
method_sensitivity10_1_b3lyp_pcm,1_b3lyp_pcm,B3LYP / PCM,targeted_10,net nucleotide formation,lowest valid G from the full B3LYP/PCM conformer pool,conformer_candidate,full_b3lyp_pcm_candidate_pool,b3lyp_pcm_candidate_pool,melamine_ribose_phosphate,nucleotide,melamine_ribose_phosphate_dft_seed_pcm_water.log,data/calculations/calc_1919781751783109/record.json,-1510.74280061,4,7,2.4436097435063533,False,calc_1919781751783109
method_sensitivity10_1_b3lyp_pcm,1_b3lyp_pcm,B3LYP / PCM,targeted_10,net nucleotide formation,lowest valid G from the full B3LYP/PCM conformer pool,conformer_candidate,full_b3lyp_pcm_candidate_pool,b3lyp_pcm_candidate_pool,melamine_ribose_phosphate,nucleotide,melamine_ribose_phosphate_conf13_pcm_water.log,data/calculations/calc_26b88aaeca25a46b/record.json,-1510.74181027,5,7,3.0650574759349,False,calc_26b88aaeca25a46b
method_sensitivity10_1_b3lyp_pcm,1_b3lyp_pcm,B3LYP / PCM,targeted_10,net nucleotide formation,lowest valid G from the full B3LYP/PCM conformer pool,conformer_candidate,full_b3lyp_pcm_candidate_pool,b3lyp_pcm_candidate_pool,melamine_ribose_phosphate,nucleotide,melamine_ribose_phosphate_conf6_pcm_water.log,data/calculations/calc_8b99c043436f854f/record.json,-1510.74035336,6,7,3.979282303864576,False,calc_8b99c043436f854f
method_sensitivity10_1_b3lyp_pcm,1_b3lyp_pcm,B3LYP / PCM,targeted_10,net nucleotide formation,lowest valid G from the full B3LYP/PCM conformer pool,conformer_candidate,full_b3lyp_pcm_candidate_pool,b3lyp_pcm_candidate_pool,melamine_ribose_phosphate,nucleotide,melamine_ribose_phosphate_conf17_pcm_water.log,data/calculations/calc_26a7190cf8b2597f/record.json,-1510.73933151,7,7,4.620502859882932,False,calc_26a7190cf8b2597f
method_sensitivity10_1_b3lyp_pcm,1_b3lyp_pcm,B3LYP / PCM,targeted_10,net nucleotide formation,lowest valid G from the full B3LYP/PCM conformer pool,conformer_candidate,full_b3lyp_pcm_candidate_pool,b3lyp_pcm_candidate_pool,phosphate,shared,phosphate_pcm_water.log,data/calculations/calc_70d17d7b51860fde/record.json,-644.333197165,1,1,0.0,True,calc_70d17d7b51860fde
method_sensitivity10_1_b3lyp_pcm,1_b3lyp_pcm,B3LYP / PCM,targeted_10,net nucleotide formation,lowest valid G from the full B3LYP/PCM conformer pool,conformer_candidate,full_b3lyp_pcm_candidate_pool,b3lyp_pcm_candidate_pool,ribose,shared,ribose_conf24_pcm_water.log,data/calculations/calc_d2fbb85799b12c43/record.json,-572.747731619,1,5,0.0,True,calc_d2fbb85799b12c43
method_sensitivity10_1_b3lyp_pcm,1_b3lyp_pcm,B3LYP / PCM,targeted_10,net nucleotide formation,lowest valid G from the full B3LYP/PCM conformer pool,conformer_candidate,full_b3lyp_pcm_candidate_pool,b3lyp_pcm_candidate_pool,ribose,shared,ribose_conf14_pcm_water.log,data/calculations/calc_d66df7833533c9a4/record.json,-572.745755533,2,5,1.2400126865718075,False,calc_d66df7833533c9a4
method_sensitivity10_1_b3lyp_pcm,1_b3lyp_pcm,B3LYP / PCM,targeted_10,net nucleotide formation,lowest valid G from the full B3LYP/PCM conformer pool,conformer_candidate,full_b3lyp_pcm_candidate_pool,b3lyp_pcm_candidate_pool,ribose,shared,ribose_conf1_pcm_water.log,data/calculations/calc_609245ac8ac7d69b/record.json,-572.745442693,3,5,1.4363227504328888,False,calc_609245ac8ac7d69b
method_sensitivity10_1_b3lyp_pcm,1_b3lyp_pcm,B3LYP / PCM,targeted_10,net nucleotide formation,lowest valid G from the full B3LYP/PCM conformer pool,conformer_candidate,full_b3lyp_pcm_candidate_pool,b3lyp_pcm_candidate_pool,ribose,shared,ribose_conf4_pcm_water.log,data/calculations/calc_3e42afc65c2111c2/record.json,-572.745304896,4,5,1.5227916734174354,False,calc_3e42afc65c2111c2
method_sensitivity10_1_b3lyp_pcm,1_b3lyp_pcm,B3LYP / PCM,targeted_10,net nucleotide formation,lowest valid G from the full B3LYP/PCM conformer pool,conformer_candidate,full_b3lyp_pcm_candidate_pool,b3lyp_pcm_candidate_pool,ribose,shared,ribose_dft_seed_pcm_water.log,data/calculations/calc_d8ba52cf8b29a4aa/record.json,-572.743582198,5,5,2.6038009893547422,False,calc_d8ba52cf8b29a4aa
method_sensitivity10_1_b3lyp_pcm,1_b3lyp_pcm,B3LYP / PCM,targeted_10,net nucleotide formation,lowest valid G from the full B3LYP/PCM conformer pool,conformer_candidate,full_b3lyp_pcm_candidate_pool,b3lyp_pcm_candidate_pool,tap_c5link,base,tap_C5link_pcm_water.log,data/calculations/calc_4e2e0861eea37088/record.json,-430.518375734,1,1,0.0,True,calc_4e2e0861eea37088
method_sensitivity10_1_b3lyp_pcm,1_b3lyp_pcm,B3LYP / PCM,targeted_10,net nucleotide formation,lowest valid G from the full B3LYP/PCM conformer pool,conformer_candidate,full_b3lyp_pcm_candidate_pool,b3lyp_pcm_candidate_pool,tap_c5link_ribose_phosphate,nucleotide,tap_C5link_ribose_phosphate_dft_seed_pcm_water.log,data/calculations/calc_a213de3c3663f8eb/record.json,-1494.66493383,1,7,0.0,True,calc_a213de3c3663f8eb
method_sensitivity10_1_b3lyp_pcm,1_b3lyp_pcm,B3LYP / PCM,targeted_10,net nucleotide formation,lowest valid G from the full B3LYP/PCM conformer pool,conformer_candidate,full_b3lyp_pcm_candidate_pool,b3lyp_pcm_candidate_pool,tap_c5link_ribose_phosphate,nucleotide,tap_C5link_ribose_phosphate_conf19_pcm_water.log,data/calculations/calc_c6fedfe26c870168/record.json,-1494.66473781,2,7,0.1230044070906384,False,calc_c6fedfe26c870168
method_sensitivity10_1_b3lyp_pcm,1_b3lyp_pcm,B3LYP / PCM,targeted_10,net nucleotide formation,lowest valid G from the full B3LYP/PCM conformer pool,conformer_candidate,full_b3lyp_pcm_candidate_pool,b3lyp_pcm_candidate_pool,tap_c5link_ribose_phosphate,nucleotide,tap_C5link_ribose_phosphate_conf1_pcm_water.log,data/calculations/calc_b2b0d02a6d2c305f/record.json,-1494.66256961,3,7,1.4835704488433274,False,calc_b2b0d02a6d2c305f
method_sensitivity10_1_b3lyp_pcm,1_b3lyp_pcm,B3LYP / PCM,targeted_10,net nucleotide formation,lowest valid G from the full B3LYP/PCM conformer pool,conformer_candidate,full_b3lyp_pcm_candidate_pool,b3lyp_pcm_candidate_pool,tap_c5link_ribose_phosphate,nucleotide,tap_C5link_ribose_phosphate_conf4_pcm_water.log,data/calculations/calc_d234dcfadbe77038/record.json,-1494.66245179,4,7,1.5575036150862491,False,calc_d234dcfadbe77038
method_sensitivity10_1_b3lyp_pcm,1_b3lyp_pcm,B3LYP / PCM,targeted_10,net nucleotide formation,lowest valid G from the full B3LYP/PCM conformer pool,conformer_candidate,full_b3lyp_pcm_candidate_pool,b3lyp_pcm_candidate_pool,tap_c5link_ribose_phosphate,nucleotide,tap_C5link_ribose_phosphate_conf22_pcm_water.log,data/calculations/calc_cdf1dbc4f48a67af/record.json,-1494.66183758,5,7,1.9429262090670516,False,calc_cdf1dbc4f48a67af
method_sensitivity10_1_b3lyp_pcm,1_b3lyp_pcm,B3LYP / PCM,targeted_10,net nucleotide formation,lowest valid G from the full B3LYP/PCM conformer pool,conformer_candidate,full_b3lyp_pcm_candidate_pool,b3lyp_pcm_candidate_pool,tap_c5link_ribose_phosphate,nucleotide,tap_C5link_ribose_phosphate_conf3_pcm_water.log,data/calculations/calc_5001a71b0242aa1f/record.json,-1494.66103269,6,7,2.4480023097423653,False,calc_5001a71b0242aa1f
method_sensitivity10_1_b3lyp_pcm,1_b3lyp_pcm,B3LYP / PCM,targeted_10,net nucleotide formation,lowest valid G from the full B3LYP/PCM conformer pool,conformer_candidate,full_b3lyp_pcm_candidate_pool,b3lyp_pcm_candidate_pool,tap_c5link_ribose_phosphate,nucleotide,tap_C5link_ribose_phosphate_conf28_pcm_water.log,data/calculations/calc_c961edaf6d598eb2/record.json,-1494.66070832,7,7,2.651547557871778,False,calc_c961edaf6d598eb2
method_sensitivity10_1_b3lyp_pcm,1_b3lyp_pcm,B3LYP / PCM,targeted_10,net nucleotide formation,lowest valid G from the full B3LYP/PCM conformer pool,conformer_candidate,full_b3lyp_pcm_candidate_pool,b3lyp_pcm_candidate_pool,thymine,base,thymine_pcm_water.log,data/calculations/calc_ee198384f6ddcdec/record.json,-454.237590453,1,1,0.0,True,calc_ee198384f6ddcdec
method_sensitivity10_1_b3lyp_pcm,1_b3lyp_pcm,B3LYP / PCM,targeted_10,net nucleotide formation,lowest valid G from the full B3LYP/PCM conformer pool,conformer_candidate,full_b3lyp_pcm_candidate_pool,b3lyp_pcm_candidate_pool,thymine_ribose_phosphate,nucleotide,thymine_ribose_phosphate_conf46_pcm_water.log,data/calculations/calc_f9c40765bb129d1a/record.json,-1518.37939226,1,7,0.0,True,calc_f9c40765bb129d1a
method_sensitivity10_1_b3lyp_pcm,1_b3lyp_pcm,B3LYP / PCM,targeted_10,net nucleotide formation,lowest valid G from the full B3LYP/PCM conformer pool,conformer_candidate,full_b3lyp_pcm_candidate_pool,b3lyp_pcm_candidate_pool,thymine_ribose_phosphate,nucleotide,thymine_ribose_phosphate_conf78_pcm_water.log,data/calculations/calc_abc6a46c4791a92c/record.json,-1518.37756547,2,7,1.146328032120923,False,calc_abc6a46c4791a92c
method_sensitivity10_1_b3lyp_pcm,1_b3lyp_pcm,B3LYP / PCM,targeted_10,net nucleotide formation,lowest valid G from the full B3LYP/PCM conformer pool,conformer_candidate,full_b3lyp_pcm_candidate_pool,b3lyp_pcm_candidate_pool,thymine_ribose_phosphate,nucleotide,thymine_ribose_phosphate_conf1_pcm_water.log,data/calculations/calc_9dfea3050c510391/record.json,-1518.37676515,3,7,1.6485364144363828,False,calc_9dfea3050c510391
method_sensitivity10_1_b3lyp_pcm,1_b3lyp_pcm,B3LYP / PCM,targeted_10,net nucleotide formation,lowest valid G from the full B3LYP/PCM conformer pool,conformer_candidate,full_b3lyp_pcm_candidate_pool,b3lyp_pcm_candidate_pool,thymine_ribose_phosphate,nucleotide,thymine_ribose_phosphate_dft_seed_pcm_water.log,data/calculations/calc_aeeeac4065bcb109/record.json,-1518.37665046,4,7,1.7205054759655267,False,calc_aeeeac4065bcb109
method_sensitivity10_1_b3lyp_pcm,1_b3lyp_pcm,B3LYP / PCM,targeted_10,net nucleotide formation,lowest valid G from the full B3LYP/PCM conformer pool,conformer_candidate,full_b3lyp_pcm_candidate_pool,b3lyp_pcm_candidate_pool,thymine_ribose_phosphate,nucleotide,thymine_ribose_phosphate_conf35_pcm_water.log,data/calculations/calc_a499d55cf25108dc/record.json,-1518.3755786099998,5,7,2.3931015058931804,False,calc_a499d55cf25108dc
method_sensitivity10_1_b3lyp_pcm,1_b3lyp_pcm,B3LYP / PCM,targeted_10,net nucleotide formation,lowest valid G from the full B3LYP/PCM conformer pool,conformer_candidate,full_b3lyp_pcm_candidate_pool,b3lyp_pcm_candidate_pool,thymine_ribose_phosphate,nucleotide,thymine_ribose_phosphate_conf76_pcm_water.log,data/calculations/calc_420b11f0851f386d/record.json,-1518.3735590299998,6,7,3.660407089536458,False,calc_420b11f0851f386d
method_sensitivity10_1_b3lyp_pcm,1_b3lyp_pcm,B3LYP / PCM,targeted_10,net nucleotide formation,lowest valid G from the full B3LYP/PCM conformer pool,conformer_candidate,full_b3lyp_pcm_candidate_pool,b3lyp_pcm_candidate_pool,thymine_ribose_phosphate,nucleotide,thymine_ribose_phosphate_conf8_pcm_water.log,data/calculations/calc_3b6d4e4b6795d760/record.json,-1518.373434,7,7,3.7388645988954625,False,calc_3b6d4e4b6795d760
method_sensitivity10_1_b3lyp_pcm,1_b3lyp_pcm,B3LYP / PCM,targeted_10,net nucleotide formation,lowest valid G from the full B3LYP/PCM conformer pool,conformer_candidate,full_b3lyp_pcm_candidate_pool,b3lyp_pcm_candidate_pool,uracil,base,uracil_pcm_water.log,data/calculations/calc_f39698ab11c8d629/record.json,-414.93206767,1,1,0.0,True,calc_f39698ab11c8d629
method_sensitivity10_1_b3lyp_pcm,1_b3lyp_pcm,B3LYP / PCM,targeted_10,net nucleotide formation,lowest valid G from the full B3LYP/PCM conformer pool,conformer_candidate,full_b3lyp_pcm_candidate_pool,b3lyp_pcm_candidate_pool,uracil_ribose_phosphate,nucleotide,uracil_ribose_phosphate_conf65_pcm_water.log,data/calculations/calc_0c1c835dc0af3a7d/record.json,-1479.07380906,1,7,0.0,True,calc_0c1c835dc0af3a7d
method_sensitivity10_1_b3lyp_pcm,1_b3lyp_pcm,B3LYP / PCM,targeted_10,net nucleotide formation,lowest valid G from the full B3LYP/PCM conformer pool,conformer_candidate,full_b3lyp_pcm_candidate_pool,b3lyp_pcm_candidate_pool,uracil_ribose_phosphate,nucleotide,uracil_ribose_phosphate_conf60_pcm_water.log,data/calculations/calc_dd5f31517ca37a9e/record.json,-1479.0724851,2,7,0.8307974433032319,False,calc_dd5f31517ca37a9e
method_sensitivity10_1_b3lyp_pcm,1_b3lyp_pcm,B3LYP / PCM,targeted_10,net nucleotide formation,lowest valid G from the full B3LYP/PCM conformer pool,conformer_candidate,full_b3lyp_pcm_candidate_pool,b3lyp_pcm_candidate_pool,uracil_ribose_phosphate,nucleotide,uracil_ribose_phosphate_conf7_pcm_water.log,data/calculations/calc_e02a09e5e3b01773/record.json,-1479.07095916,3,7,1.7883392501331008,False,calc_e02a09e5e3b01773
method_sensitivity10_1_b3lyp_pcm,1_b3lyp_pcm,B3LYP / PCM,targeted_10,net nucleotide formation,lowest valid G from the full B3LYP/PCM conformer pool,conformer_candidate,full_b3lyp_pcm_candidate_pool,b3lyp_pcm_candidate_pool,uracil_ribose_phosphate,nucleotide,uracil_ribose_phosphate_conf1_pcm_water.log,data/calculations/calc_ab502b59d8237787/record.json,-1479.07081757,4,7,1.8771883166360053,False,calc_ab502b59d8237787
method_sensitivity10_1_b3lyp_pcm,1_b3lyp_pcm,B3LYP / PCM,targeted_10,net nucleotide formation,lowest valid G from the full B3LYP/PCM conformer pool,conformer_candidate,full_b3lyp_pcm_candidate_pool,b3lyp_pcm_candidate_pool,uracil_ribose_phosphate,nucleotide,uracil_ribose_phosphate_conf38_pcm_water.log,data/calculations/calc_fb8a02360a2ba144/record.json,-1479.07071923,5,7,1.9388975981866785,False,calc_fb8a02360a2ba144
method_sensitivity10_1_b3lyp_pcm,1_b3lyp_pcm,B3LYP / PCM,targeted_10,net nucleotide formation,lowest valid G from the full B3LYP/PCM conformer pool,conformer_candidate,full_b3lyp_pcm_candidate_pool,b3lyp_pcm_candidate_pool,uracil_ribose_phosphate,nucleotide,uracil_ribose_phosphate_dft_seed_pcm_water.log,data/calculations/calc_182828f777a313e5/record.json,-1479.06915857,6,7,2.9182265341178835,False,calc_182828f777a313e5
method_sensitivity10_1_b3lyp_pcm,1_b3lyp_pcm,B3LYP / PCM,targeted_10,net nucleotide formation,lowest valid G from the full B3LYP/PCM conformer pool,conformer_candidate,full_b3lyp_pcm_candidate_pool,b3lyp_pcm_candidate_pool,uracil_ribose_phosphate,nucleotide,uracil_ribose_phosphate_conf68_pcm_water.log,data/calculations/calc_65dc9944805d507f/record.json,-1479.06813729,7,7,3.5590894096663,False,calc_65dc9944805d507f
method_sensitivity10_1_b3lyp_pcm,1_b3lyp_pcm,B3LYP / PCM,targeted_10,net nucleotide formation,lowest valid G from the full B3LYP/PCM conformer pool,conformer_candidate,full_b3lyp_pcm_candidate_pool,b3lyp_pcm_candidate_pool,water,shared,water_pcm_water.log,data/calculations/calc_c2c9d57073565a33/record.json,-76.4666763644,1,1,0.0,True,calc_c2c9d57073565a33
method_sensitivity10_1_b3lyp_pcm,1_b3lyp_pcm,B3LYP / PCM,targeted_10,net nucleotide formation,lowest valid G from the full B3LYP/PCM conformer pool,conformer_candidate,full_b3lyp_pcm_candidate_pool,b3lyp_pcm_candidate_pool,xanthine,base,xanthine_pcm_water.log,data/calculations/calc_bdbb805e868e5608/record.json,-562.59009003,1,1,0.0,True,calc_bdbb805e868e5608
method_sensitivity10_1_b3lyp_pcm,1_b3lyp_pcm,B3LYP / PCM,targeted_10,net nucleotide formation,lowest valid G from the full B3LYP/PCM conformer pool,conformer_candidate,full_b3lyp_pcm_candidate_pool,b3lyp_pcm_candidate_pool,xanthine_ribose_phosphate,nucleotide,xanthine_ribose_phosphate_dft_seed_pcm_water.log,data/calculations/calc_f79711e8c20fd629/record.json,-1626.72971776,1,6,0.0,True,calc_f79711e8c20fd629
method_sensitivity10_1_b3lyp_pcm,1_b3lyp_pcm,B3LYP / PCM,targeted_10,net nucleotide formation,lowest valid G from the full B3LYP/PCM conformer pool,conformer_candidate,full_b3lyp_pcm_candidate_pool,b3lyp_pcm_candidate_pool,xanthine_ribose_phosphate,nucleotide,xanthine_ribose_phosphate_conf62_pcm_water.log,data/calculations/calc_3e28efc611b0ffcd/record.json,-1626.72566168,2,6,2.5452286275922855,False,calc_3e28efc611b0ffcd
method_sensitivity10_1_b3lyp_pcm,1_b3lyp_pcm,B3LYP / PCM,targeted_10,net nucleotide formation,lowest valid G from the full B3LYP/PCM conformer pool,conformer_candidate,full_b3lyp_pcm_candidate_pool,b3lyp_pcm_candidate_pool,xanthine_ribose_phosphate,nucleotide,xanthine_ribose_phosphate_conf127_pcm_water.log,data/calculations/calc_00fe351981635926/record.json,-1626.7254282400002,3,6,2.6917144391387997,False,calc_00fe351981635926
method_sensitivity10_1_b3lyp_pcm,1_b3lyp_pcm,B3LYP / PCM,targeted_10,net nucleotide formation,lowest valid G from the full B3LYP/PCM conformer pool,conformer_candidate,full_b3lyp_pcm_candidate_pool,b3lyp_pcm_candidate_pool,xanthine_ribose_phosphate,nucleotide,xanthine_ribose_phosphate_conf181_pcm_water.log,data/calculations/calc_b7b2c419d15de4e2/record.json,-1626.72486368,4,6,3.0459811879144727,False,calc_b7b2c419d15de4e2
method_sensitivity10_1_b3lyp_pcm,1_b3lyp_pcm,B3LYP / PCM,targeted_10,net nucleotide formation,lowest valid G from the full B3LYP/PCM conformer pool,conformer_candidate,full_b3lyp_pcm_candidate_pool,b3lyp_pcm_candidate_pool,xanthine_ribose_phosphate,nucleotide,xanthine_ribose_phosphate_conf2_pcm_water.log,data/calculations/calc_8e95f1e00b2a7294/record.json,-1626.72408742,5,6,3.53309169229213,False,calc_8e95f1e00b2a7294
method_sensitivity10_1_b3lyp_pcm,1_b3lyp_pcm,B3LYP / PCM,targeted_10,net nucleotide formation,lowest valid G from the full B3LYP/PCM conformer pool,conformer_candidate,full_b3lyp_pcm_candidate_pool,b3lyp_pcm_candidate_pool,xanthine_ribose_phosphate,nucleotide,xanthine_ribose_phosphate_conf1_pcm_water.log,data/calculations/calc_a8abcfd149ab95f0/record.json,-1626.72324961,6,6,4.058825404690156,False,calc_a8abcfd149ab95f0
canonical_nucleoside5_1_b3lyp_pcm,1_b3lyp_pcm,B3LYP / PCM,canonical_5,nucleoside formation thermochemistry,lowest valid G from the full B3LYP/PCM conformer pool,conformer_candidate,full_b3lyp_pcm_candidate_pool,b3lyp_pcm_candidate_pool,adenine,base,adenine_pcm_water.log,data/calculations/calc_579b225d5746d6f9/record.json,-467.411776062,1,1,0.0,True,calc_579b225d5746d6f9
canonical_nucleoside5_1_b3lyp_pcm,1_b3lyp_pcm,B3LYP / PCM,canonical_5,nucleoside formation thermochemistry,lowest valid G from the full B3LYP/PCM conformer pool,conformer_candidate,full_b3lyp_pcm_candidate_pool,b3lyp_pcm_candidate_pool,adenine_ribose,nucleoside,adenine_ribose_conf1_pcm_water.log,data/calculations/calc_c35c5f7936f0c4ab/record.json,-963.698278779,1,5,0.0,True,calc_c35c5f7936f0c4ab
canonical_nucleoside5_1_b3lyp_pcm,1_b3lyp_pcm,B3LYP / PCM,canonical_5,nucleoside formation thermochemistry,lowest valid G from the full B3LYP/PCM conformer pool,conformer_candidate,full_b3lyp_pcm_candidate_pool,b3lyp_pcm_candidate_pool,adenine_ribose,nucleoside,adenine_ribose_conf4_pcm_water.log,data/calculations/calc_edec2067803d7dbc/record.json,-963.695483615,2,5,1.7539918915367827,False,calc_edec2067803d7dbc
canonical_nucleoside5_1_b3lyp_pcm,1_b3lyp_pcm,B3LYP / PCM,canonical_5,nucleoside formation thermochemistry,lowest valid G from the full B3LYP/PCM conformer pool,conformer_candidate,full_b3lyp_pcm_candidate_pool,b3lyp_pcm_candidate_pool,adenine_ribose,nucleoside,adenine_ribose_dft_seed_pcm_water.log,data/calculations/calc_b64d0bf85e13c1e7/record.json,-963.693118581,3,5,3.238073133111967,False,calc_b64d0bf85e13c1e7
canonical_nucleoside5_1_b3lyp_pcm,1_b3lyp_pcm,B3LYP / PCM,canonical_5,nucleoside formation thermochemistry,lowest valid G from the full B3LYP/PCM conformer pool,conformer_candidate,full_b3lyp_pcm_candidate_pool,b3lyp_pcm_candidate_pool,adenine_ribose,nucleoside,adenine_ribose_conf8_pcm_water.log,data/calculations/calc_f03eaac50aa0ee46/record.json,-963.693050375,4,5,3.280873044180584,False,calc_f03eaac50aa0ee46
canonical_nucleoside5_1_b3lyp_pcm,1_b3lyp_pcm,B3LYP / PCM,canonical_5,nucleoside formation thermochemistry,lowest valid G from the full B3LYP/PCM conformer pool,conformer_candidate,full_b3lyp_pcm_candidate_pool,b3lyp_pcm_candidate_pool,adenine_ribose,nucleoside,adenine_ribose_conf5_pcm_water.log,data/calculations/calc_952ceee5ea63c11f/record.json,-963.692408018,5,5,3.6839581474493968,False,calc_952ceee5ea63c11f
canonical_nucleoside5_1_b3lyp_pcm,1_b3lyp_pcm,B3LYP / PCM,canonical_5,nucleoside formation thermochemistry,lowest valid G from the full B3LYP/PCM conformer pool,conformer_candidate,full_b3lyp_pcm_candidate_pool,b3lyp_pcm_candidate_pool,cytosine,base,cytosine_pcm_water.log,data/calculations/calc_134efc3e90289083/record.json,-395.027078634,1,1,0.0,True,calc_134efc3e90289083
canonical_nucleoside5_1_b3lyp_pcm,1_b3lyp_pcm,B3LYP / PCM,canonical_5,nucleoside formation thermochemistry,lowest valid G from the full B3LYP/PCM conformer pool,conformer_candidate,full_b3lyp_pcm_candidate_pool,b3lyp_pcm_candidate_pool,cytosine_ribose,nucleoside,cytosine_ribose_conf1_pcm_water.log,data/calculations/calc_70a1afe23b704cc1/record.json,-891.3112308679999,1,6,0.0,True,calc_70a1afe23b704cc1
canonical_nucleoside5_1_b3lyp_pcm,1_b3lyp_pcm,B3LYP / PCM,canonical_5,nucleoside formation thermochemistry,lowest valid G from the full B3LYP/PCM conformer pool,conformer_candidate,full_b3lyp_pcm_candidate_pool,b3lyp_pcm_candidate_pool,cytosine_ribose,nucleoside,cytosine_ribose_conf5_pcm_water.log,data/calculations/calc_37bcfc83bab04f8a/record.json,-891.310912702,2,6,0.1996521792888172,False,calc_37bcfc83bab04f8a
canonical_nucleoside5_1_b3lyp_pcm,1_b3lyp_pcm,B3LYP / PCM,canonical_5,nucleoside formation thermochemistry,lowest valid G from the full B3LYP/PCM conformer pool,conformer_candidate,full_b3lyp_pcm_candidate_pool,b3lyp_pcm_candidate_pool,cytosine_ribose,nucleoside,cytosine_ribose_conf4_pcm_water.log,data/calculations/calc_35c16c09bf59768c/record.json,-891.310791011,3,6,0.2760144346994901,False,calc_35c16c09bf59768c
canonical_nucleoside5_1_b3lyp_pcm,1_b3lyp_pcm,B3LYP / PCM,canonical_5,nucleoside formation thermochemistry,lowest valid G from the full B3LYP/PCM conformer pool,conformer_candidate,full_b3lyp_pcm_candidate_pool,b3lyp_pcm_candidate_pool,cytosine_ribose,nucleoside,cytosine_ribose_conf6_pcm_water.log,data/calculations/calc_03cc711480b12784/record.json,-891.30940159,4,6,1.147889275661056,False,calc_03cc711480b12784
canonical_nucleoside5_1_b3lyp_pcm,1_b3lyp_pcm,B3LYP / PCM,canonical_5,nucleoside formation thermochemistry,lowest valid G from the full B3LYP/PCM conformer pool,conformer_candidate,full_b3lyp_pcm_candidate_pool,b3lyp_pcm_candidate_pool,cytosine_ribose,nucleoside,cytosine_ribose_conf10_pcm_water.log,data/calculations/calc_bc8b49c19f1cfefa/record.json,-891.308154974,5,6,1.9301526261816384,False,calc_bc8b49c19f1cfefa
canonical_nucleoside5_1_b3lyp_pcm,1_b3lyp_pcm,B3LYP / PCM,canonical_5,nucleoside formation thermochemistry,lowest valid G from the full B3LYP/PCM conformer pool,conformer_candidate,full_b3lyp_pcm_candidate_pool,b3lyp_pcm_candidate_pool,cytosine_ribose,nucleoside,cytosine_ribose_dft_seed_pcm_water.log,data/calculations/calc_830a46d1ab2d89b1/record.json,-891.3070668270001,6,6,2.612975177795298,False,calc_830a46d1ab2d89b1
canonical_nucleoside5_1_b3lyp_pcm,1_b3lyp_pcm,B3LYP / PCM,canonical_5,nucleoside formation thermochemistry,lowest valid G from the full B3LYP/PCM conformer pool,conformer_candidate,full_b3lyp_pcm_candidate_pool,b3lyp_pcm_candidate_pool,guanine,base,guanine_pcm_water.log,data/calculations/calc_a091e116d6de97ca/record.json,-542.688635019,1,1,0.0,True,calc_a091e116d6de97ca
canonical_nucleoside5_1_b3lyp_pcm,1_b3lyp_pcm,B3LYP / PCM,canonical_5,nucleoside formation thermochemistry,lowest valid G from the full B3LYP/PCM conformer pool,conformer_candidate,full_b3lyp_pcm_candidate_pool,b3lyp_pcm_candidate_pool,guanine_ribose,nucleoside,guanine_ribose_conf1_pcm_water.log,data/calculations/calc_1c737c8a2a03ac94/record.json,-1038.97101015,1,5,0.0,True,calc_1c737c8a2a03ac94
canonical_nucleoside5_1_b3lyp_pcm,1_b3lyp_pcm,B3LYP / PCM,canonical_5,nucleoside formation thermochemistry,lowest valid G from the full B3LYP/PCM conformer pool,conformer_candidate,full_b3lyp_pcm_candidate_pool,b3lyp_pcm_candidate_pool,guanine_ribose,nucleoside,guanine_ribose_conf7_pcm_water.log,data/calculations/calc_3b73f2dc785d5acf/record.json,-1038.96874656,2,5,1.4204241703845188,False,calc_3b73f2dc785d5acf
canonical_nucleoside5_1_b3lyp_pcm,1_b3lyp_pcm,B3LYP / PCM,canonical_5,nucleoside formation thermochemistry,lowest valid G from the full B3LYP/PCM conformer pool,conformer_candidate,full_b3lyp_pcm_candidate_pool,b3lyp_pcm_candidate_pool,guanine_ribose,nucleoside,guanine_ribose_conf10_pcm_water.log,data/calculations/calc_7973bf39cf426fad/record.json,-1038.96834716,3,5,1.6710514542489965,False,calc_7973bf39cf426fad
canonical_nucleoside5_1_b3lyp_pcm,1_b3lyp_pcm,B3LYP / PCM,canonical_5,nucleoside formation thermochemistry,lowest valid G from the full B3LYP/PCM conformer pool,conformer_candidate,full_b3lyp_pcm_candidate_pool,b3lyp_pcm_candidate_pool,guanine_ribose,nucleoside,guanine_ribose_conf12_pcm_water.log,data/calculations/calc_7cf045fba1ceadc6/record.json,-1038.96615497,4,5,3.0466714483127975,False,calc_7cf045fba1ceadc6
canonical_nucleoside5_1_b3lyp_pcm,1_b3lyp_pcm,B3LYP / PCM,canonical_5,nucleoside formation thermochemistry,lowest valid G from the full B3LYP/PCM conformer pool,conformer_candidate,full_b3lyp_pcm_candidate_pool,b3lyp_pcm_candidate_pool,guanine_ribose,nucleoside,guanine_ribose_dft_seed_pcm_water.log,data/calculations/calc_6893b0227250c583/record.json,-1038.9656513,5,5,3.36272914507881,False,calc_6893b0227250c583
canonical_nucleoside5_1_b3lyp_pcm,1_b3lyp_pcm,B3LYP / PCM,canonical_5,nucleoside formation thermochemistry,lowest valid G from the full B3LYP/PCM conformer pool,conformer_candidate,full_b3lyp_pcm_candidate_pool,b3lyp_pcm_candidate_pool,ribose,shared,ribose_conf24_pcm_water.log,data/calculations/calc_d2fbb85799b12c43/record.json,-572.747731619,1,5,0.0,True,calc_d2fbb85799b12c43
canonical_nucleoside5_1_b3lyp_pcm,1_b3lyp_pcm,B3LYP / PCM,canonical_5,nucleoside formation thermochemistry,lowest valid G from the full B3LYP/PCM conformer pool,conformer_candidate,full_b3lyp_pcm_candidate_pool,b3lyp_pcm_candidate_pool,ribose,shared,ribose_conf14_pcm_water.log,data/calculations/calc_d66df7833533c9a4/record.json,-572.745755533,2,5,1.2400126865718075,False,calc_d66df7833533c9a4
canonical_nucleoside5_1_b3lyp_pcm,1_b3lyp_pcm,B3LYP / PCM,canonical_5,nucleoside formation thermochemistry,lowest valid G from the full B3LYP/PCM conformer pool,conformer_candidate,full_b3lyp_pcm_candidate_pool,b3lyp_pcm_candidate_pool,ribose,shared,ribose_conf1_pcm_water.log,data/calculations/calc_609245ac8ac7d69b/record.json,-572.745442693,3,5,1.4363227504328888,False,calc_609245ac8ac7d69b
canonical_nucleoside5_1_b3lyp_pcm,1_b3lyp_pcm,B3LYP / PCM,canonical_5,nucleoside formation thermochemistry,lowest valid G from the full B3LYP/PCM conformer pool,conformer_candidate,full_b3lyp_pcm_candidate_pool,b3lyp_pcm_candidate_pool,ribose,shared,ribose_conf4_pcm_water.log,data/calculations/calc_3e42afc65c2111c2/record.json,-572.745304896,4,5,1.5227916734174354,False,calc_3e42afc65c2111c2
canonical_nucleoside5_1_b3lyp_pcm,1_b3lyp_pcm,B3LYP / PCM,canonical_5,nucleoside formation thermochemistry,lowest valid G from the full B3LYP/PCM conformer pool,conformer_candidate,full_b3lyp_pcm_candidate_pool,b3lyp_pcm_candidate_pool,ribose,shared,ribose_dft_seed_pcm_water.log,data/calculations/calc_d8ba52cf8b29a4aa/record.json,-572.743582198,5,5,2.6038009893547422,False,calc_d8ba52cf8b29a4aa
canonical_nucleoside5_1_b3lyp_pcm,1_b3lyp_pcm,B3LYP / PCM,canonical_5,nucleoside formation thermochemistry,lowest valid G from the full B3LYP/PCM conformer pool,conformer_candidate,full_b3lyp_pcm_candidate_pool,b3lyp_pcm_candidate_pool,thymine,base,thymine_pcm_water.log,data/calculations/calc_ee198384f6ddcdec/record.json,-454.237590453,1,1,0.0,True,calc_ee198384f6ddcdec
canonical_nucleoside5_1_b3lyp_pcm,1_b3lyp_pcm,B3LYP / PCM,canonical_5,nucleoside formation thermochemistry,lowest valid G from the full B3LYP/PCM conformer pool,conformer_candidate,full_b3lyp_pcm_candidate_pool,b3lyp_pcm_candidate_pool,thymine_ribose,nucleoside,thymine_ribose_conf2_pcm_water.log,data/calculations/calc_7f0e4ef6f3f32803/record.json,-950.512922182,1,6,0.0,True,calc_7f0e4ef6f3f32803
canonical_nucleoside5_1_b3lyp_pcm,1_b3lyp_pcm,B3LYP / PCM,canonical_5,nucleoside formation thermochemistry,lowest valid G from the full B3LYP/PCM conformer pool,conformer_candidate,full_b3lyp_pcm_candidate_pool,b3lyp_pcm_candidate_pool,thymine_ribose,nucleoside,thymine_ribose_conf4_pcm_water.log,data/calculations/calc_fd442879a64e1632/record.json,-950.512713937,2,6,0.1306757104683816,False,calc_fd442879a64e1632
canonical_nucleoside5_1_b3lyp_pcm,1_b3lyp_pcm,B3LYP / PCM,canonical_5,nucleoside formation thermochemistry,lowest valid G from the full B3LYP/PCM conformer pool,conformer_candidate,full_b3lyp_pcm_candidate_pool,b3lyp_pcm_candidate_pool,thymine_ribose,nucleoside,thymine_ribose_conf1_pcm_water.log,data/calculations/calc_f5f4967adadc2db8/record.json,-950.512335518,3,6,0.3681372181074039,False,calc_f5f4967adadc2db8
canonical_nucleoside5_1_b3lyp_pcm,1_b3lyp_pcm,B3LYP / PCM,canonical_5,nucleoside formation thermochemistry,lowest valid G from the full B3LYP/PCM conformer pool,conformer_candidate,full_b3lyp_pcm_candidate_pool,b3lyp_pcm_candidate_pool,thymine_ribose,nucleoside,thymine_ribose_conf6_pcm_water.log,data/calculations/calc_5f8c85709d717bdd/record.json,-950.511938598,4,6,0.6172082785971311,False,calc_5f8c85709d717bdd
canonical_nucleoside5_1_b3lyp_pcm,1_b3lyp_pcm,B3LYP / PCM,canonical_5,nucleoside formation thermochemistry,lowest valid G from the full B3LYP/PCM conformer pool,conformer_candidate,full_b3lyp_pcm_candidate_pool,b3lyp_pcm_candidate_pool,thymine_ribose,nucleoside,thymine_ribose_conf3_pcm_water.log,data/calculations/calc_c2c6ab8c0cd44dd8/record.json,-950.511178793,5,6,1.0939931144849429,False,calc_c2c6ab8c0cd44dd8
canonical_nucleoside5_1_b3lyp_pcm,1_b3lyp_pcm,B3LYP / PCM,canonical_5,nucleoside formation thermochemistry,lowest valid G from the full B3LYP/PCM conformer pool,conformer_candidate,full_b3lyp_pcm_candidate_pool,b3lyp_pcm_candidate_pool,thymine_ribose,nucleoside,thymine_ribose_dft_seed_pcm_water.log,data/calculations/calc_20fc3c3d23a5dbe2/record.json,-950.510946873,6,6,1.2395251117303112,False,calc_20fc3c3d23a5dbe2
canonical_nucleoside5_1_b3lyp_pcm,1_b3lyp_pcm,B3LYP / PCM,canonical_5,nucleoside formation thermochemistry,lowest valid G from the full B3LYP/PCM conformer pool,conformer_candidate,full_b3lyp_pcm_candidate_pool,b3lyp_pcm_candidate_pool,uracil,base,uracil_pcm_water.log,data/calculations/calc_f39698ab11c8d629/record.json,-414.93206767,1,1,0.0,True,calc_f39698ab11c8d629
canonical_nucleoside5_1_b3lyp_pcm,1_b3lyp_pcm,B3LYP / PCM,canonical_5,nucleoside formation thermochemistry,lowest valid G from the full B3LYP/PCM conformer pool,conformer_candidate,full_b3lyp_pcm_candidate_pool,b3lyp_pcm_candidate_pool,uracil_ribose,nucleoside,uracil_ribose_conf4_pcm_water.log,data/calculations/calc_12fd1c0e255a1a86/record.json,-911.207407878,1,6,0.0,True,calc_12fd1c0e255a1a86
canonical_nucleoside5_1_b3lyp_pcm,1_b3lyp_pcm,B3LYP / PCM,canonical_5,nucleoside formation thermochemistry,lowest valid G from the full B3LYP/PCM conformer pool,conformer_candidate,full_b3lyp_pcm_candidate_pool,b3lyp_pcm_candidate_pool,uracil_ribose,nucleoside,uracil_ribose_conf2_pcm_water.log,data/calculations/calc_ae555f8cd58c2f4a/record.json,-911.207313114,2,6,0.0594653078602891,False,calc_ae555f8cd58c2f4a
canonical_nucleoside5_1_b3lyp_pcm,1_b3lyp_pcm,B3LYP / PCM,canonical_5,nucleoside formation thermochemistry,lowest valid G from the full B3LYP/PCM conformer pool,conformer_candidate,full_b3lyp_pcm_candidate_pool,b3lyp_pcm_candidate_pool,uracil_ribose,nucleoside,uracil_ribose_conf1_pcm_water.log,data/calculations/calc_e2636f33f878b8a2/record.json,-911.206857193,3,6,0.3455600547291029,False,calc_e2636f33f878b8a2
canonical_nucleoside5_1_b3lyp_pcm,1_b3lyp_pcm,B3LYP / PCM,canonical_5,nucleoside formation thermochemistry,lowest valid G from the full B3LYP/PCM conformer pool,conformer_candidate,full_b3lyp_pcm_candidate_pool,b3lyp_pcm_candidate_pool,uracil_ribose,nucleoside,uracil_ribose_conf3_pcm_water.log,data/calculations/calc_1cd6706f093acea4/record.json,-911.20663715,4,6,0.4836391219385227,False,calc_1cd6706f093acea4
canonical_nucleoside5_1_b3lyp_pcm,1_b3lyp_pcm,B3LYP / PCM,canonical_5,nucleoside formation thermochemistry,lowest valid G from the full B3LYP/PCM conformer pool,conformer_candidate,full_b3lyp_pcm_candidate_pool,b3lyp_pcm_candidate_pool,uracil_ribose,nucleoside,uracil_ribose_conf5_pcm_water.log,data/calculations/calc_33af2952458f3c63/record.json,-911.205645244,5,6,1.1060695343694746,False,calc_33af2952458f3c63
canonical_nucleoside5_1_b3lyp_pcm,1_b3lyp_pcm,B3LYP / PCM,canonical_5,nucleoside formation thermochemistry,lowest valid G from the full B3LYP/PCM conformer pool,conformer_candidate,full_b3lyp_pcm_candidate_pool,b3lyp_pcm_candidate_pool,uracil_ribose,nucleoside,uracil_ribose_dft_seed_pcm_water.log,data/calculations/calc_4823804aba3def82/record.json,-911.202731558,6,6,2.934435103778456,False,calc_4823804aba3def82
canonical_nucleoside5_1_b3lyp_pcm,1_b3lyp_pcm,B3LYP / PCM,canonical_5,nucleoside formation thermochemistry,lowest valid G from the full B3LYP/PCM conformer pool,conformer_candidate,full_b3lyp_pcm_candidate_pool,b3lyp_pcm_candidate_pool,water,shared,water_pcm_water.log,data/calculations/calc_c2c9d57073565a33/record.json,-76.4666763644,1,1,0.0,True,calc_c2c9d57073565a33
method_sensitivity10_2_b3lyp_smd,2_b3lyp_smd,B3LYP / SMD,targeted_10,net nucleotide formation,required transferred nucleotide reoptimized from the selected B3LYP/PCM conformer,method_matched_reference,single_reference_structure,historical_method_matched_reference,adenine,base,adenine_smd_water.log,data/calculations/calc_9649b970f6180fd9/record.json,-467.426438862,1,1,0.0,True,calc_9649b970f6180fd9
method_sensitivity10_2_b3lyp_smd,2_b3lyp_smd,B3LYP / SMD,targeted_10,net nucleotide formation,required transferred nucleotide reoptimized from the selected B3LYP/PCM conformer,required_transferred_nucleotide,single_transferred_seed_reoptimized,lowest_G_sampled_b3lyp_pcm_conformer,adenine_ribose_phosphate,nucleotide,adenine_ribose_phosphate_conf13_b3lyp_smd_water.log,data/calculations/calc_3f6f1383e4bebc9b/record.json,-1531.58924005,1,1,0.0,True,calc_3f6f1383e4bebc9b
method_sensitivity10_2_b3lyp_smd,2_b3lyp_smd,B3LYP / SMD,targeted_10,net nucleotide formation,required transferred nucleotide reoptimized from the selected B3LYP/PCM conformer,method_matched_reference,single_reference_structure,historical_method_matched_reference,barbituric_acid,base,barbituric_acid_Clink_smd_water.log,data/calculations/calc_1aa4f60ffba16a6a/record.json,-490.212015061,1,1,0.0,True,calc_1aa4f60ffba16a6a
method_sensitivity10_2_b3lyp_smd,2_b3lyp_smd,B3LYP / SMD,targeted_10,net nucleotide formation,required transferred nucleotide reoptimized from the selected B3LYP/PCM conformer,required_transferred_nucleotide,single_transferred_seed_reoptimized,lowest_G_sampled_b3lyp_pcm_conformer,barbituric_acid_clink_ribose_phosphate,nucleotide,barbituric_acid_Clink_ribose_phosphate_conf1_b3lyp_smd_water.log,data/calculations/calc_bef6afd4641d618b/record.json,-1554.37035833,1,1,0.0,True,calc_bef6afd4641d618b
method_sensitivity10_2_b3lyp_smd,2_b3lyp_smd,B3LYP / SMD,targeted_10,net nucleotide formation,required transferred nucleotide reoptimized from the selected B3LYP/PCM conformer,method_matched_reference,single_reference_structure,historical_method_matched_reference,cytosine,base,cytosine_smd_water.log,data/calculations/calc_c3eaf19d830458a1/record.json,-395.039155318,1,1,0.0,True,calc_c3eaf19d830458a1
method_sensitivity10_2_b3lyp_smd,2_b3lyp_smd,B3LYP / SMD,targeted_10,net nucleotide formation,required transferred nucleotide reoptimized from the selected B3LYP/PCM conformer,required_transferred_nucleotide,single_transferred_seed_reoptimized,lowest_G_sampled_b3lyp_pcm_conformer,cytosine_ribose_phosphate,nucleotide,cytosine_ribose_phosphate_conf2_b3lyp_smd_water.log,data/calculations/calc_b4571a7fcbb4cd5c/record.json,-1459.2034288,1,1,0.0,True,calc_b4571a7fcbb4cd5c
method_sensitivity10_2_b3lyp_smd,2_b3lyp_smd,B3LYP / SMD,targeted_10,net nucleotide formation,required transferred nucleotide reoptimized from the selected B3LYP/PCM conformer,method_matched_reference,single_reference_structure,historical_method_matched_reference,guanine,base,guanine_smd_water.log,data/calculations/calc_8109f6c7007fd17d/record.json,-542.704716701,1,1,0.0,True,calc_8109f6c7007fd17d
method_sensitivity10_2_b3lyp_smd,2_b3lyp_smd,B3LYP / SMD,targeted_10,net nucleotide formation,required transferred nucleotide reoptimized from the selected B3LYP/PCM conformer,required_transferred_nucleotide,single_transferred_seed_reoptimized,lowest_G_sampled_b3lyp_pcm_conformer,guanine_ribose_phosphate,nucleotide,guanine_ribose_phosphate_conf87_b3lyp_smd_water.log,data/calculations/calc_1c2488b3474f84f1/record.json,-1606.86405304,1,1,0.0,True,calc_1c2488b3474f84f1
method_sensitivity10_2_b3lyp_smd,2_b3lyp_smd,B3LYP / SMD,targeted_10,net nucleotide formation,required transferred nucleotide reoptimized from the selected B3LYP/PCM conformer,method_matched_reference,single_reference_structure,historical_method_matched_reference,imidazole,base,imidazole_smd_water.log,data/calculations/calc_f25e3854ff8505f5/record.json,-226.267084613,1,1,0.0,True,calc_f25e3854ff8505f5
method_sensitivity10_2_b3lyp_smd,2_b3lyp_smd,B3LYP / SMD,targeted_10,net nucleotide formation,required transferred nucleotide reoptimized from the selected B3LYP/PCM conformer,required_transferred_nucleotide,single_transferred_seed_reoptimized,lowest_G_sampled_b3lyp_pcm_conformer,imidazole_ribose_phosphate,nucleotide,imidazole_ribose_phosphate_conf11_b3lyp_smd_water.log,data/calculations/calc_de1243c4851a01a6/record.json,-1290.42646233,1,1,0.0,True,calc_de1243c4851a01a6
method_sensitivity10_2_b3lyp_smd,2_b3lyp_smd,B3LYP / SMD,targeted_10,net nucleotide formation,required transferred nucleotide reoptimized from the selected B3LYP/PCM conformer,method_matched_reference,single_reference_structure,historical_method_matched_reference,melamine,base,melamine_smd_water.log,data/calculations/calc_754078939221572d/record.json,-446.612250247,1,1,0.0,True,calc_754078939221572d
method_sensitivity10_2_b3lyp_smd,2_b3lyp_smd,B3LYP / SMD,targeted_10,net nucleotide formation,required transferred nucleotide reoptimized from the selected B3LYP/PCM conformer,required_transferred_nucleotide,single_transferred_seed_reoptimized,lowest_G_sampled_b3lyp_pcm_conformer,melamine_ribose_phosphate,nucleotide,melamine_ribose_phosphate_conf79_b3lyp_smd_water.log,data/calculations/calc_cd8ab4a93de415ca/record.json,-1510.77321658,1,1,0.0,True,calc_cd8ab4a93de415ca
method_sensitivity10_2_b3lyp_smd,2_b3lyp_smd,B3LYP / SMD,targeted_10,net nucleotide formation,required transferred nucleotide reoptimized from the selected B3LYP/PCM conformer,method_matched_reference,single_reference_structure,historical_method_matched_reference,phosphate,shared,phosphate_smd_water.log,data/calculations/calc_a647c5dbb36970fe/record.json,-644.3423083189999,1,1,0.0,True,calc_a647c5dbb36970fe
method_sensitivity10_2_b3lyp_smd,2_b3lyp_smd,B3LYP / SMD,targeted_10,net nucleotide formation,required transferred nucleotide reoptimized from the selected B3LYP/PCM conformer,method_matched_reference,single_reference_structure,historical_method_matched_reference,ribose,shared,ribose_smd_water.log,data/calculations/calc_d806614af126d622/record.json,-572.760649857,1,1,0.0,True,calc_d806614af126d622
method_sensitivity10_2_b3lyp_smd,2_b3lyp_smd,B3LYP / SMD,targeted_10,net nucleotide formation,required transferred nucleotide reoptimized from the selected B3LYP/PCM conformer,method_matched_reference,single_reference_structure,historical_method_matched_reference,tap_c5link,base,tap_C5link_smd_water.log,data/calculations/calc_cbdeb70572303b68/record.json,-430.529415016,1,1,0.0,True,calc_cbdeb70572303b68
method_sensitivity10_2_b3lyp_smd,2_b3lyp_smd,B3LYP / SMD,targeted_10,net nucleotide formation,required transferred nucleotide reoptimized from the selected B3LYP/PCM conformer,required_transferred_nucleotide,single_transferred_seed_reoptimized,lowest_G_sampled_b3lyp_pcm_conformer,tap_c5link_ribose_phosphate,nucleotide,tap_C5link_ribose_phosphate_dft_seed_b3lyp_smd_water.log,data/calculations/calc_d9f69c85a52fb242/record.json,-1494.69064311,1,1,0.0,True,calc_d9f69c85a52fb242
method_sensitivity10_2_b3lyp_smd,2_b3lyp_smd,B3LYP / SMD,targeted_10,net nucleotide formation,required transferred nucleotide reoptimized from the selected B3LYP/PCM conformer,method_matched_reference,single_reference_structure,historical_method_matched_reference,thymine,base,thymine_smd_water.log,data/calculations/calc_e889e882f0b960f8/record.json,-454.244069794,1,1,0.0,True,calc_e889e882f0b960f8
method_sensitivity10_2_b3lyp_smd,2_b3lyp_smd,B3LYP / SMD,targeted_10,net nucleotide formation,required transferred nucleotide reoptimized from the selected B3LYP/PCM conformer,required_transferred_nucleotide,single_transferred_seed_reoptimized,lowest_G_sampled_b3lyp_pcm_conformer,thymine_ribose_phosphate,nucleotide,thymine_ribose_phosphate_conf46_b3lyp_smd_water.log,data/calculations/calc_58f0b426ad841540/record.json,-1518.39915667,1,1,0.0,True,calc_58f0b426ad841540
method_sensitivity10_2_b3lyp_smd,2_b3lyp_smd,B3LYP / SMD,targeted_10,net nucleotide formation,required transferred nucleotide reoptimized from the selected B3LYP/PCM conformer,method_matched_reference,single_reference_structure,historical_method_matched_reference,uracil,base,uracil_smd_water.log,data/calculations/calc_51a7a22d7dc9dab4/record.json,-414.93911568,1,1,0.0,True,calc_51a7a22d7dc9dab4
method_sensitivity10_2_b3lyp_smd,2_b3lyp_smd,B3LYP / SMD,targeted_10,net nucleotide formation,required transferred nucleotide reoptimized from the selected B3LYP/PCM conformer,required_transferred_nucleotide,single_transferred_seed_reoptimized,lowest_G_sampled_b3lyp_pcm_conformer,uracil_ribose_phosphate,nucleotide,uracil_ribose_phosphate_conf65_b3lyp_smd_water.log,data/calculations/calc_ae9385daab161c6f/record.json,-1479.09284209,1,1,0.0,True,calc_ae9385daab161c6f
method_sensitivity10_2_b3lyp_smd,2_b3lyp_smd,B3LYP / SMD,targeted_10,net nucleotide formation,required transferred nucleotide reoptimized from the selected B3LYP/PCM conformer,method_matched_reference,single_reference_structure,historical_method_matched_reference,water,shared,water_smd_water.log,data/calculations/calc_365dba8199d0b0ba/record.json,-76.4711922137,1,1,0.0,True,calc_365dba8199d0b0ba
method_sensitivity10_2_b3lyp_smd,2_b3lyp_smd,B3LYP / SMD,targeted_10,net nucleotide formation,required transferred nucleotide reoptimized from the selected B3LYP/PCM conformer,method_matched_reference,single_reference_structure,historical_method_matched_reference,xanthine,base,xanthine_smd_water.log,data/calculations/calc_836ae49f6e3efb58/record.json,-562.60238642,1,1,0.0,True,calc_836ae49f6e3efb58
method_sensitivity10_2_b3lyp_smd,2_b3lyp_smd,B3LYP / SMD,targeted_10,net nucleotide formation,required transferred nucleotide reoptimized from the selected B3LYP/PCM conformer,required_transferred_nucleotide,single_transferred_seed_reoptimized,lowest_G_sampled_b3lyp_pcm_conformer,xanthine_ribose_phosphate,nucleotide,xanthine_ribose_phosphate_dft_seed_b3lyp_smd_water.log,data/calculations/calc_898ca1c71f1e1d6d/record.json,-1626.75876102,1,1,0.0,True,calc_898ca1c71f1e1d6d
canonical_nucleoside5_2_b3lyp_smd,2_b3lyp_smd,B3LYP / SMD,canonical_5,nucleoside formation thermochemistry,required transferred nucleoside reoptimized from the selected B3LYP/PCM conformer,method_matched_reference,single_reference_structure,historical_method_matched_reference,adenine,base,adenine_smd_water.log,data/calculations/calc_9649b970f6180fd9/record.json,-467.426438862,1,1,0.0,True,calc_9649b970f6180fd9
canonical_nucleoside5_2_b3lyp_smd,2_b3lyp_smd,B3LYP / SMD,canonical_5,nucleoside formation thermochemistry,required transferred nucleoside reoptimized from the selected B3LYP/PCM conformer,transferred_nucleoside,single_transferred_seed_reoptimized,lowest_G_sampled_b3lyp_pcm_conformer,adenine_ribose,nucleoside,adenine_ribose_conf1_b3lyp_smd_water.log,data/calculations/calc_c6137ff04773e906/record.json,-963.718228256,1,1,0.0,True,calc_c6137ff04773e906
canonical_nucleoside5_2_b3lyp_smd,2_b3lyp_smd,B3LYP / SMD,canonical_5,nucleoside formation thermochemistry,required transferred nucleoside reoptimized from the selected B3LYP/PCM conformer,method_matched_reference,single_reference_structure,historical_method_matched_reference,cytosine,base,cytosine_smd_water.log,data/calculations/calc_c3eaf19d830458a1/record.json,-395.039155318,1,1,0.0,True,calc_c3eaf19d830458a1
canonical_nucleoside5_2_b3lyp_smd,2_b3lyp_smd,B3LYP / SMD,canonical_5,nucleoside formation thermochemistry,required transferred nucleoside reoptimized from the selected B3LYP/PCM conformer,transferred_nucleoside,single_transferred_seed_reoptimized,lowest_G_sampled_b3lyp_pcm_conformer,cytosine_ribose,nucleoside,cytosine_ribose_conf1_b3lyp_smd_water.log,data/calculations/calc_1c065a2657004bf6/record.json,-891.328407353,1,1,0.0,True,calc_1c065a2657004bf6
canonical_nucleoside5_2_b3lyp_smd,2_b3lyp_smd,B3LYP / SMD,canonical_5,nucleoside formation thermochemistry,required transferred nucleoside reoptimized from the selected B3LYP/PCM conformer,method_matched_reference,single_reference_structure,historical_method_matched_reference,guanine,base,guanine_smd_water.log,data/calculations/calc_8109f6c7007fd17d/record.json,-542.704716701,1,1,0.0,True,calc_8109f6c7007fd17d
canonical_nucleoside5_2_b3lyp_smd,2_b3lyp_smd,B3LYP / SMD,canonical_5,nucleoside formation thermochemistry,required transferred nucleoside reoptimized from the selected B3LYP/PCM conformer,transferred_nucleoside,single_transferred_seed_reoptimized,lowest_G_sampled_b3lyp_pcm_conformer,guanine_ribose,nucleoside,guanine_ribose_conf1_b3lyp_smd_water.log,data/calculations/calc_fd81a1b48fd5ec81/record.json,-1038.99407222,1,1,0.0,True,calc_fd81a1b48fd5ec81
canonical_nucleoside5_2_b3lyp_smd,2_b3lyp_smd,B3LYP / SMD,canonical_5,nucleoside formation thermochemistry,required transferred nucleoside reoptimized from the selected B3LYP/PCM conformer,method_matched_reference,single_reference_structure,historical_method_matched_reference,ribose,shared,ribose_smd_water.log,data/calculations/calc_d806614af126d622/record.json,-572.760649857,1,1,0.0,True,calc_d806614af126d622
canonical_nucleoside5_2_b3lyp_smd,2_b3lyp_smd,B3LYP / SMD,canonical_5,nucleoside formation thermochemistry,required transferred nucleoside reoptimized from the selected B3LYP/PCM conformer,method_matched_reference,single_reference_structure,historical_method_matched_reference,thymine,base,thymine_smd_water.log,data/calculations/calc_e889e882f0b960f8/record.json,-454.244069794,1,1,0.0,True,calc_e889e882f0b960f8
canonical_nucleoside5_2_b3lyp_smd,2_b3lyp_smd,B3LYP / SMD,canonical_5,nucleoside formation thermochemistry,required transferred nucleoside reoptimized from the selected B3LYP/PCM conformer,transferred_nucleoside,single_transferred_seed_reoptimized,lowest_G_sampled_b3lyp_pcm_conformer,thymine_ribose,nucleoside,thymine_ribose_conf2_b3lyp_smd_water.log,data/calculations/calc_f8fbb2f87101a351/record.json,-950.527780268,1,1,0.0,True,calc_f8fbb2f87101a351
canonical_nucleoside5_2_b3lyp_smd,2_b3lyp_smd,B3LYP / SMD,canonical_5,nucleoside formation thermochemistry,required transferred nucleoside reoptimized from the selected B3LYP/PCM conformer,method_matched_reference,single_reference_structure,historical_method_matched_reference,uracil,base,uracil_smd_water.log,data/calculations/calc_51a7a22d7dc9dab4/record.json,-414.93911568,1,1,0.0,True,calc_51a7a22d7dc9dab4
canonical_nucleoside5_2_b3lyp_smd,2_b3lyp_smd,B3LYP / SMD,canonical_5,nucleoside formation thermochemistry,required transferred nucleoside reoptimized from the selected B3LYP/PCM conformer,transferred_nucleoside,single_transferred_seed_reoptimized,lowest_G_sampled_b3lyp_pcm_conformer,uracil_ribose,nucleoside,uracil_ribose_conf4_b3lyp_smd_water.log,data/calculations/calc_68badf35c7cc9a8a/record.json,-911.222631558,1,1,0.0,True,calc_68badf35c7cc9a8a
canonical_nucleoside5_2_b3lyp_smd,2_b3lyp_smd,B3LYP / SMD,canonical_5,nucleoside formation thermochemistry,required transferred nucleoside reoptimized from the selected B3LYP/PCM conformer,method_matched_reference,single_reference_structure,historical_method_matched_reference,water,shared,water_smd_water.log,data/calculations/calc_365dba8199d0b0ba/record.json,-76.4711922137,1,1,0.0,True,calc_365dba8199d0b0ba
method_sensitivity10_3_wb97xd_pcm,3_wb97xd_pcm,wB97X-D / PCM,targeted_10,net nucleotide formation,required transferred nucleotide reoptimized from the selected B3LYP/PCM conformer,method_matched_reference,single_reference_structure,historical_method_matched_reference,adenine,base,adenine_pcm_water.log,data/calculations/calc_dec3790c850e3be9/record.json,-467.247052856,1,1,0.0,True,calc_dec3790c850e3be9
method_sensitivity10_3_wb97xd_pcm,3_wb97xd_pcm,wB97X-D / PCM,targeted_10,net nucleotide formation,required transferred nucleotide reoptimized from the selected B3LYP/PCM conformer,required_transferred_nucleotide,single_transferred_seed_reoptimized,lowest_G_sampled_b3lyp_pcm_conformer,adenine_ribose_phosphate,nucleotide,adenine_ribose_phosphate_conf13_wb97xd_pcm_water.log,data/calculations/calc_72d490ce35cc1dce/record.json,-1531.16869142,1,1,0.0,True,calc_72d490ce35cc1dce
method_sensitivity10_3_wb97xd_pcm,3_wb97xd_pcm,wB97X-D / PCM,targeted_10,net nucleotide formation,required transferred nucleotide reoptimized from the selected B3LYP/PCM conformer,method_matched_reference,single_reference_structure,historical_method_matched_reference,barbituric_acid,base,barbituric_acid_Clink_pcm_water.log,data/calculations/calc_cad4d80b8fb69c59/record.json,-490.038880526,1,1,0.0,True,calc_cad4d80b8fb69c59
method_sensitivity10_3_wb97xd_pcm,3_wb97xd_pcm,wB97X-D / PCM,targeted_10,net nucleotide formation,required transferred nucleotide reoptimized from the selected B3LYP/PCM conformer,required_transferred_nucleotide,single_transferred_seed_reoptimized,lowest_G_sampled_b3lyp_pcm_conformer,barbituric_acid_clink_ribose_phosphate,nucleotide,barbituric_acid_Clink_ribose_phosphate_conf1_wb97xd_pcm_water.log,data/calculations/calc_a384fef795f11182/record.json,-1553.9518852,1,1,0.0,True,calc_a384fef795f11182
method_sensitivity10_3_wb97xd_pcm,3_wb97xd_pcm,wB97X-D / PCM,targeted_10,net nucleotide formation,required transferred nucleotide reoptimized from the selected B3LYP/PCM conformer,method_matched_reference,single_reference_structure,historical_method_matched_reference,cytosine,base,cytosine_pcm_water.log,data/calculations/calc_e9416c80bb20ba36/record.json,-394.887234897,1,1,0.0,True,calc_e9416c80bb20ba36
method_sensitivity10_3_wb97xd_pcm,3_wb97xd_pcm,wB97X-D / PCM,targeted_10,net nucleotide formation,required transferred nucleotide reoptimized from the selected B3LYP/PCM conformer,required_transferred_nucleotide,single_transferred_seed_reoptimized,lowest_G_sampled_b3lyp_pcm_conformer,cytosine_ribose_phosphate,nucleotide,cytosine_ribose_phosphate_conf2_wb97xd_pcm_water.log,data/calculations/calc_21d1ee35118554b9/record.json,-1458.80935742,1,1,0.0,True,calc_21d1ee35118554b9
method_sensitivity10_3_wb97xd_pcm,3_wb97xd_pcm,wB97X-D / PCM,targeted_10,net nucleotide formation,required transferred nucleotide reoptimized from the selected B3LYP/PCM conformer,method_matched_reference,single_reference_structure,historical_method_matched_reference,guanine,base,guanine_pcm_water.log,data/calculations/calc_54a013183407b3a3/record.json,-542.502498644,1,1,0.0,True,calc_54a013183407b3a3
method_sensitivity10_3_wb97xd_pcm,3_wb97xd_pcm,wB97X-D / PCM,targeted_10,net nucleotide formation,required transferred nucleotide reoptimized from the selected B3LYP/PCM conformer,required_transferred_nucleotide,single_transferred_seed_reoptimized,lowest_G_sampled_b3lyp_pcm_conformer,guanine_ribose_phosphate,nucleotide,guanine_ribose_phosphate_conf87_wb97xd_pcm_water.log,data/calculations/calc_4608e43cdd64d9f0/record.json,-1606.41463529,1,1,0.0,True,calc_4608e43cdd64d9f0
method_sensitivity10_3_wb97xd_pcm,3_wb97xd_pcm,wB97X-D / PCM,targeted_10,net nucleotide formation,required transferred nucleotide reoptimized from the selected B3LYP/PCM conformer,method_matched_reference,single_reference_structure,historical_method_matched_reference,imidazole,base,imidazole_pcm_water.log,data/calculations/calc_6e9313e7d80730f3/record.json,-226.180821809,1,1,0.0,True,calc_6e9313e7d80730f3
method_sensitivity10_3_wb97xd_pcm,3_wb97xd_pcm,wB97X-D / PCM,targeted_10,net nucleotide formation,required transferred nucleotide reoptimized from the selected B3LYP/PCM conformer,required_transferred_nucleotide,single_transferred_seed_reoptimized,lowest_G_sampled_b3lyp_pcm_conformer,imidazole_ribose_phosphate,nucleotide,imidazole_ribose_phosphate_conf11_wb97xd_pcm_water.log,data/calculations/calc_fbf471451571cf0f/record.json,-1290.0924522500002,1,1,0.0,True,calc_fbf471451571cf0f
method_sensitivity10_3_wb97xd_pcm,3_wb97xd_pcm,wB97X-D / PCM,targeted_10,net nucleotide formation,required transferred nucleotide reoptimized from the selected B3LYP/PCM conformer,method_matched_reference,single_reference_structure,historical_method_matched_reference,melamine,base,melamine_pcm_water.log,data/calculations/calc_4ad91875079a2fad/record.json,-446.445628203,1,1,0.0,True,calc_4ad91875079a2fad
method_sensitivity10_3_wb97xd_pcm,3_wb97xd_pcm,wB97X-D / PCM,targeted_10,net nucleotide formation,required transferred nucleotide reoptimized from the selected B3LYP/PCM conformer,required_transferred_nucleotide,single_transferred_seed_reoptimized,lowest_G_sampled_b3lyp_pcm_conformer,melamine_ribose_phosphate,nucleotide,melamine_ribose_phosphate_conf79_wb97xd_pcm_water.log,data/calculations/calc_8efe3a51a5020e3f/record.json,-1510.35526883,1,1,0.0,True,calc_8efe3a51a5020e3f
method_sensitivity10_3_wb97xd_pcm,3_wb97xd_pcm,wB97X-D / PCM,targeted_10,net nucleotide formation,required transferred nucleotide reoptimized from the selected B3LYP/PCM conformer,method_matched_reference,single_reference_structure,historical_method_matched_reference,phosphate,shared,phosphate_pcm_water.log,data/calculations/calc_9245a11b85b2f147/record.json,-644.216451634,1,1,0.0,True,calc_9245a11b85b2f147
method_sensitivity10_3_wb97xd_pcm,3_wb97xd_pcm,wB97X-D / PCM,targeted_10,net nucleotide formation,required transferred nucleotide reoptimized from the selected B3LYP/PCM conformer,method_matched_reference,single_reference_structure,historical_method_matched_reference,ribose,shared,ribose_pcm_water.log,data/calculations/calc_725de4a7fb1a69d0/record.json,-572.565374044,1,1,0.0,True,calc_725de4a7fb1a69d0
method_sensitivity10_3_wb97xd_pcm,3_wb97xd_pcm,wB97X-D / PCM,targeted_10,net nucleotide formation,required transferred nucleotide reoptimized from the selected B3LYP/PCM conformer,method_matched_reference,single_reference_structure,historical_method_matched_reference,tap_c5link,base,tap_C5link_pcm_water.log,data/calculations/calc_a8a11457d80de557/record.json,-430.3680852,1,1,0.0,True,calc_a8a11457d80de557
method_sensitivity10_3_wb97xd_pcm,3_wb97xd_pcm,wB97X-D / PCM,targeted_10,net nucleotide formation,required transferred nucleotide reoptimized from the selected B3LYP/PCM conformer,required_transferred_nucleotide,single_transferred_seed_reoptimized,lowest_G_sampled_b3lyp_pcm_conformer,tap_c5link_ribose_phosphate,nucleotide,tap_C5link_ribose_phosphate_dft_seed_wb97xd_pcm_water.log,data/calculations/calc_0e03544b3f79a3ba/record.json,-1494.28237072,1,1,0.0,True,calc_0e03544b3f79a3ba
method_sensitivity10_3_wb97xd_pcm,3_wb97xd_pcm,wB97X-D / PCM,targeted_10,net nucleotide formation,required transferred nucleotide reoptimized from the selected B3LYP/PCM conformer,method_matched_reference,single_reference_structure,historical_method_matched_reference,thymine,base,thymine_pcm_water.log,data/calculations/calc_ffad74f5dfb539ac/record.json,-454.081578602,1,1,0.0,True,calc_ffad74f5dfb539ac
method_sensitivity10_3_wb97xd_pcm,3_wb97xd_pcm,wB97X-D / PCM,targeted_10,net nucleotide formation,required transferred nucleotide reoptimized from the selected B3LYP/PCM conformer,required_transferred_nucleotide,single_transferred_seed_reoptimized,lowest_G_sampled_b3lyp_pcm_conformer,thymine_ribose_phosphate,nucleotide,thymine_ribose_phosphate_conf46_wb97xd_pcm_water.log,data/calculations/calc_ff2daa361198dfa7/record.json,-1517.99127664,1,1,0.0,True,calc_ff2daa361198dfa7
method_sensitivity10_3_wb97xd_pcm,3_wb97xd_pcm,wB97X-D / PCM,targeted_10,net nucleotide formation,required transferred nucleotide reoptimized from the selected B3LYP/PCM conformer,method_matched_reference,single_reference_structure,historical_method_matched_reference,uracil,base,uracil_pcm_water.log,data/calculations/calc_fca50a9c3ee1ba61/record.json,-414.788213964,1,1,0.0,True,calc_fca50a9c3ee1ba61
method_sensitivity10_3_wb97xd_pcm,3_wb97xd_pcm,wB97X-D / PCM,targeted_10,net nucleotide formation,required transferred nucleotide reoptimized from the selected B3LYP/PCM conformer,required_transferred_nucleotide,single_transferred_seed_reoptimized,lowest_G_sampled_b3lyp_pcm_conformer,uracil_ribose_phosphate,nucleotide,uracil_ribose_phosphate_conf65_wb97xd_pcm_water.log,data/calculations/calc_19b94a81657c0b6e/record.json,-1478.69407672,1,1,0.0,True,calc_19b94a81657c0b6e
method_sensitivity10_3_wb97xd_pcm,3_wb97xd_pcm,wB97X-D / PCM,targeted_10,net nucleotide formation,required transferred nucleotide reoptimized from the selected B3LYP/PCM conformer,method_matched_reference,single_reference_structure,historical_method_matched_reference,water,shared,water_pcm_water.log,data/calculations/calc_fa0571a74d6ffd71/record.json,-76.440373983,1,1,0.0,True,calc_fa0571a74d6ffd71
method_sensitivity10_3_wb97xd_pcm,3_wb97xd_pcm,wB97X-D / PCM,targeted_10,net nucleotide formation,required transferred nucleotide reoptimized from the selected B3LYP/PCM conformer,method_matched_reference,single_reference_structure,historical_method_matched_reference,xanthine,base,xanthine_pcm_water.log,data/calculations/calc_91cbaa5a06790e92/record.json,-562.39971382,1,1,0.0,True,calc_91cbaa5a06790e92
method_sensitivity10_3_wb97xd_pcm,3_wb97xd_pcm,wB97X-D / PCM,targeted_10,net nucleotide formation,required transferred nucleotide reoptimized from the selected B3LYP/PCM conformer,required_transferred_nucleotide,single_transferred_seed_reoptimized,lowest_G_sampled_b3lyp_pcm_conformer,xanthine_ribose_phosphate,nucleotide,xanthine_ribose_phosphate_dft_seed_wb97xd_pcm_water.log,data/calculations/calc_5cf0c9816a5806dc/record.json,-1626.30798721,1,1,0.0,True,calc_5cf0c9816a5806dc
canonical_nucleoside5_3_wb97xd_pcm,3_wb97xd_pcm,wB97X-D / PCM,canonical_5,nucleoside formation thermochemistry,required transferred nucleoside reoptimized from the selected B3LYP/PCM conformer,method_matched_reference,single_reference_structure,historical_method_matched_reference,adenine,base,adenine_pcm_water.log,data/calculations/calc_dec3790c850e3be9/record.json,-467.247052856,1,1,0.0,True,calc_dec3790c850e3be9
canonical_nucleoside5_3_wb97xd_pcm,3_wb97xd_pcm,wB97X-D / PCM,canonical_5,nucleoside formation thermochemistry,required transferred nucleoside reoptimized from the selected B3LYP/PCM conformer,transferred_nucleoside,single_transferred_seed_reoptimized,lowest_G_sampled_b3lyp_pcm_conformer,adenine_ribose,nucleoside,adenine_ribose_conf1_wb97xd_pcm_water.log,data/calculations/calc_122108fdc7a149c8/record.json,-963.389612042,1,1,0.0,True,calc_122108fdc7a149c8
canonical_nucleoside5_3_wb97xd_pcm,3_wb97xd_pcm,wB97X-D / PCM,canonical_5,nucleoside formation thermochemistry,required transferred nucleoside reoptimized from the selected B3LYP/PCM conformer,method_matched_reference,single_reference_structure,historical_method_matched_reference,cytosine,base,cytosine_pcm_water.log,data/calculations/calc_e9416c80bb20ba36/record.json,-394.887234897,1,1,0.0,True,calc_e9416c80bb20ba36
canonical_nucleoside5_3_wb97xd_pcm,3_wb97xd_pcm,wB97X-D / PCM,canonical_5,nucleoside formation thermochemistry,required transferred nucleoside reoptimized from the selected B3LYP/PCM conformer,transferred_nucleoside,single_transferred_seed_reoptimized,lowest_G_sampled_b3lyp_pcm_conformer,cytosine_ribose,nucleoside,cytosine_ribose_conf1_wb97xd_pcm_water.log,data/calculations/calc_63adf8eb5d64e352/record.json,-891.026874026,1,1,0.0,True,calc_63adf8eb5d64e352
canonical_nucleoside5_3_wb97xd_pcm,3_wb97xd_pcm,wB97X-D / PCM,canonical_5,nucleoside formation thermochemistry,required transferred nucleoside reoptimized from the selected B3LYP/PCM conformer,method_matched_reference,single_reference_structure,historical_method_matched_reference,guanine,base,guanine_pcm_water.log,data/calculations/calc_54a013183407b3a3/record.json,-542.502498644,1,1,0.0,True,calc_54a013183407b3a3
canonical_nucleoside5_3_wb97xd_pcm,3_wb97xd_pcm,wB97X-D / PCM,canonical_5,nucleoside formation thermochemistry,required transferred nucleoside reoptimized from the selected B3LYP/PCM conformer,transferred_nucleoside,single_transferred_seed_reoptimized,lowest_G_sampled_b3lyp_pcm_conformer,guanine_ribose,nucleoside,guanine_ribose_conf1_wb97xd_pcm_water.log,data/calculations/calc_0a6d29f4d7b4ec0e/record.json,-1038.6420342800002,1,1,0.0,True,calc_0a6d29f4d7b4ec0e
canonical_nucleoside5_3_wb97xd_pcm,3_wb97xd_pcm,wB97X-D / PCM,canonical_5,nucleoside formation thermochemistry,required transferred nucleoside reoptimized from the selected B3LYP/PCM conformer,method_matched_reference,single_reference_structure,historical_method_matched_reference,ribose,shared,ribose_pcm_water.log,data/calculations/calc_725de4a7fb1a69d0/record.json,-572.565374044,1,1,0.0,True,calc_725de4a7fb1a69d0
canonical_nucleoside5_3_wb97xd_pcm,3_wb97xd_pcm,wB97X-D / PCM,canonical_5,nucleoside formation thermochemistry,required transferred nucleoside reoptimized from the selected B3LYP/PCM conformer,method_matched_reference,single_reference_structure,historical_method_matched_reference,thymine,base,thymine_pcm_water.log,data/calculations/calc_ffad74f5dfb539ac/record.json,-454.081578602,1,1,0.0,True,calc_ffad74f5dfb539ac
canonical_nucleoside5_3_wb97xd_pcm,3_wb97xd_pcm,wB97X-D / PCM,canonical_5,nucleoside formation thermochemistry,required transferred nucleoside reoptimized from the selected B3LYP/PCM conformer,transferred_nucleoside,single_transferred_seed_reoptimized,lowest_G_sampled_b3lyp_pcm_conformer,thymine_ribose,nucleoside,thymine_ribose_conf2_wb97xd_pcm_water.log,data/calculations/calc_ea171598c8f74aae/record.json,-950.211848544,1,1,0.0,True,calc_ea171598c8f74aae
canonical_nucleoside5_3_wb97xd_pcm,3_wb97xd_pcm,wB97X-D / PCM,canonical_5,nucleoside formation thermochemistry,required transferred nucleoside reoptimized from the selected B3LYP/PCM conformer,method_matched_reference,single_reference_structure,historical_method_matched_reference,uracil,base,uracil_pcm_water.log,data/calculations/calc_fca50a9c3ee1ba61/record.json,-414.788213964,1,1,0.0,True,calc_fca50a9c3ee1ba61
canonical_nucleoside5_3_wb97xd_pcm,3_wb97xd_pcm,wB97X-D / PCM,canonical_5,nucleoside formation thermochemistry,required transferred nucleoside reoptimized from the selected B3LYP/PCM conformer,transferred_nucleoside,single_transferred_seed_reoptimized,lowest_G_sampled_b3lyp_pcm_conformer,uracil_ribose,nucleoside,uracil_ribose_conf4_wb97xd_pcm_water.log,data/calculations/calc_6d597551171e62f1/record.json,-910.917867336,1,1,0.0,True,calc_6d597551171e62f1
canonical_nucleoside5_3_wb97xd_pcm,3_wb97xd_pcm,wB97X-D / PCM,canonical_5,nucleoside formation thermochemistry,required transferred nucleoside reoptimized from the selected B3LYP/PCM conformer,method_matched_reference,single_reference_structure,historical_method_matched_reference,water,shared,water_pcm_water.log,data/calculations/calc_fa0571a74d6ffd71/record.json,-76.440373983,1,1,0.0,True,calc_fa0571a74d6ffd71
method_sensitivity10_4_wb97xd_smd,4_wb97xd_smd,wB97X-D / SMD,targeted_10,net nucleotide formation,required transferred nucleotide reoptimized from the selected B3LYP/PCM conformer,method_matched_reference,single_reference_structure,historical_method_matched_reference,adenine,base,adenine_smd_water.log,data/calculations/calc_d8fadd1e5364264f/record.json,-467.262107622,1,1,0.0,True,calc_d8fadd1e5364264f
method_sensitivity10_4_wb97xd_smd,4_wb97xd_smd,wB97X-D / SMD,targeted_10,net nucleotide formation,required transferred nucleotide reoptimized from the selected B3LYP/PCM conformer,required_transferred_nucleotide,single_transferred_seed_reoptimized,lowest_G_sampled_b3lyp_pcm_conformer,adenine_ribose_phosphate,nucleotide,adenine_ribose_phosphate_conf13_wb97xd_smd_water.log,data/calculations/calc_09eaa4c6091a5f08/record.json,-1531.19424706,1,1,0.0,True,calc_09eaa4c6091a5f08
method_sensitivity10_4_wb97xd_smd,4_wb97xd_smd,wB97X-D / SMD,targeted_10,net nucleotide formation,required transferred nucleotide reoptimized from the selected B3LYP/PCM conformer,method_matched_reference,single_reference_structure,historical_method_matched_reference,barbituric_acid,base,barbituric_acid_Clink_smd_water.log,data/calculations/calc_5687d6eeed8d267c/record.json,-490.048438892,1,1,0.0,True,calc_5687d6eeed8d267c
method_sensitivity10_4_wb97xd_smd,4_wb97xd_smd,wB97X-D / SMD,targeted_10,net nucleotide formation,required transferred nucleotide reoptimized from the selected B3LYP/PCM conformer,required_transferred_nucleotide,single_transferred_seed_reoptimized,lowest_G_sampled_b3lyp_pcm_conformer,barbituric_acid_clink_ribose_phosphate,nucleotide,barbituric_acid_Clink_ribose_phosphate_conf1_wb97xd_smd_water.log,data/calculations/calc_04f63a231dca7906/record.json,-1553.97615321,1,1,0.0,True,calc_04f63a231dca7906
method_sensitivity10_4_wb97xd_smd,4_wb97xd_smd,wB97X-D / SMD,targeted_10,net nucleotide formation,required transferred nucleotide reoptimized from the selected B3LYP/PCM conformer,method_matched_reference,single_reference_structure,historical_method_matched_reference,cytosine,base,cytosine_smd_water.log,data/calculations/calc_4b4dd9bef7f20064/record.json,-394.899758629,1,1,0.0,True,calc_4b4dd9bef7f20064
method_sensitivity10_4_wb97xd_smd,4_wb97xd_smd,wB97X-D / SMD,targeted_10,net nucleotide formation,required transferred nucleotide reoptimized from the selected B3LYP/PCM conformer,required_transferred_nucleotide,single_transferred_seed_reoptimized,lowest_G_sampled_b3lyp_pcm_conformer,cytosine_ribose_phosphate,nucleotide,cytosine_ribose_phosphate_conf2_wb97xd_smd_water.log,data/calculations/calc_bc421ebce09a5829/record.json,-1458.83125627,1,1,0.0,True,calc_bc421ebce09a5829
method_sensitivity10_4_wb97xd_smd,4_wb97xd_smd,wB97X-D / SMD,targeted_10,net nucleotide formation,required transferred nucleotide reoptimized from the selected B3LYP/PCM conformer,method_matched_reference,single_reference_structure,historical_method_matched_reference,guanine,base,guanine_smd_water.log,data/calculations/calc_8626fbd01c1c40ed/record.json,-542.51906141,1,1,0.0,True,calc_8626fbd01c1c40ed
method_sensitivity10_4_wb97xd_smd,4_wb97xd_smd,wB97X-D / SMD,targeted_10,net nucleotide formation,required transferred nucleotide reoptimized from the selected B3LYP/PCM conformer,required_transferred_nucleotide,single_transferred_seed_reoptimized,lowest_G_sampled_b3lyp_pcm_conformer,guanine_ribose_phosphate,nucleotide,guanine_ribose_phosphate_conf87_wb97xd_smd_water.log,data/calculations/calc_78f81024d1ff47cb/record.json,-1606.44338843,1,1,0.0,True,calc_78f81024d1ff47cb
method_sensitivity10_4_wb97xd_smd,4_wb97xd_smd,wB97X-D / SMD,targeted_10,net nucleotide formation,required transferred nucleotide reoptimized from the selected B3LYP/PCM conformer,method_matched_reference,single_reference_structure,historical_method_matched_reference,imidazole,base,imidazole_smd_water.log,data/calculations/calc_3a261bbad3062bff/record.json,-226.18485888,1,1,0.0,True,calc_3a261bbad3062bff
method_sensitivity10_4_wb97xd_smd,4_wb97xd_smd,wB97X-D / SMD,targeted_10,net nucleotide formation,required transferred nucleotide reoptimized from the selected B3LYP/PCM conformer,required_transferred_nucleotide,single_transferred_seed_reoptimized,lowest_G_sampled_b3lyp_pcm_conformer,imidazole_ribose_phosphate,nucleotide,imidazole_ribose_phosphate_conf11_wb97xd_smd_water.log,data/calculations/calc_0e4c7aa3a97c6d8c/record.json,-1290.1118563,1,1,0.0,True,calc_0e4c7aa3a97c6d8c
method_sensitivity10_4_wb97xd_smd,4_wb97xd_smd,wB97X-D / SMD,targeted_10,net nucleotide formation,required transferred nucleotide reoptimized from the selected B3LYP/PCM conformer,method_matched_reference,single_reference_structure,historical_method_matched_reference,melamine,base,melamine_smd_water.log,data/calculations/calc_1632baec8f23be35/record.json,-446.459704315,1,1,0.0,True,calc_1632baec8f23be35
method_sensitivity10_4_wb97xd_smd,4_wb97xd_smd,wB97X-D / SMD,targeted_10,net nucleotide formation,required transferred nucleotide reoptimized from the selected B3LYP/PCM conformer,required_transferred_nucleotide,single_transferred_seed_reoptimized,lowest_G_sampled_b3lyp_pcm_conformer,melamine_ribose_phosphate,nucleotide,melamine_ribose_phosphate_conf79_wb97xd_smd_water.log,data/calculations/calc_7a8ceeb16edf502a/record.json,-1510.38471324,1,1,0.0,True,calc_7a8ceeb16edf502a
method_sensitivity10_4_wb97xd_smd,4_wb97xd_smd,wB97X-D / SMD,targeted_10,net nucleotide formation,required transferred nucleotide reoptimized from the selected B3LYP/PCM conformer,method_matched_reference,single_reference_structure,historical_method_matched_reference,phosphate,shared,phosphate_smd_water.log,data/calculations/calc_dba554ab032f7da2/record.json,-644.226913319,1,1,0.0,True,calc_dba554ab032f7da2
method_sensitivity10_4_wb97xd_smd,4_wb97xd_smd,wB97X-D / SMD,targeted_10,net nucleotide formation,required transferred nucleotide reoptimized from the selected B3LYP/PCM conformer,method_matched_reference,single_reference_structure,historical_method_matched_reference,ribose,shared,ribose_smd_water.log,data/calculations/calc_73513eb6dbf3d59a/record.json,-572.582073948,1,1,0.0,True,calc_73513eb6dbf3d59a
method_sensitivity10_4_wb97xd_smd,4_wb97xd_smd,wB97X-D / SMD,targeted_10,net nucleotide formation,required transferred nucleotide reoptimized from the selected B3LYP/PCM conformer,method_matched_reference,single_reference_structure,historical_method_matched_reference,tap_c5link,base,tap_C5link_smd_water.log,data/calculations/calc_37224311d98c4c49/record.json,-430.379535656,1,1,0.0,True,calc_37224311d98c4c49
method_sensitivity10_4_wb97xd_smd,4_wb97xd_smd,wB97X-D / SMD,targeted_10,net nucleotide formation,required transferred nucleotide reoptimized from the selected B3LYP/PCM conformer,required_transferred_nucleotide,single_transferred_seed_reoptimized,lowest_G_sampled_b3lyp_pcm_conformer,tap_c5link_ribose_phosphate,nucleotide,tap_C5link_ribose_phosphate_dft_seed_wb97xd_smd_water.log,data/calculations/calc_7cd543fe94878ff7/record.json,-1494.30905415,1,1,0.0,True,calc_7cd543fe94878ff7
method_sensitivity10_4_wb97xd_smd,4_wb97xd_smd,wB97X-D / SMD,targeted_10,net nucleotide formation,required transferred nucleotide reoptimized from the selected B3LYP/PCM conformer,method_matched_reference,single_reference_structure,historical_method_matched_reference,thymine,base,thymine_smd_water.log,data/calculations/calc_1c7a5355de31f415/record.json,-454.088390205,1,1,0.0,True,calc_1c7a5355de31f415
method_sensitivity10_4_wb97xd_smd,4_wb97xd_smd,wB97X-D / SMD,targeted_10,net nucleotide formation,required transferred nucleotide reoptimized from the selected B3LYP/PCM conformer,required_transferred_nucleotide,single_transferred_seed_reoptimized,lowest_G_sampled_b3lyp_pcm_conformer,thymine_ribose_phosphate,nucleotide,thymine_ribose_phosphate_conf46_wb97xd_smd_water.log,data/calculations/calc_52d11e5c99c1522e/record.json,-1518.01072405,1,1,0.0,True,calc_52d11e5c99c1522e
method_sensitivity10_4_wb97xd_smd,4_wb97xd_smd,wB97X-D / SMD,targeted_10,net nucleotide formation,required transferred nucleotide reoptimized from the selected B3LYP/PCM conformer,method_matched_reference,single_reference_structure,historical_method_matched_reference,uracil,base,uracil_smd_water.log,data/calculations/calc_0f12ea6b595a93ec/record.json,-414.7955746539999,1,1,0.0,True,calc_0f12ea6b595a93ec
method_sensitivity10_4_wb97xd_smd,4_wb97xd_smd,wB97X-D / SMD,targeted_10,net nucleotide formation,required transferred nucleotide reoptimized from the selected B3LYP/PCM conformer,required_transferred_nucleotide,single_transferred_seed_reoptimized,lowest_G_sampled_b3lyp_pcm_conformer,uracil_ribose_phosphate,nucleotide,uracil_ribose_phosphate_conf65_wb97xd_smd_water.log,data/calculations/calc_3100ea350ac9136c/record.json,-1478.71585058,1,1,0.0,True,calc_3100ea350ac9136c
method_sensitivity10_4_wb97xd_smd,4_wb97xd_smd,wB97X-D / SMD,targeted_10,net nucleotide formation,required transferred nucleotide reoptimized from the selected B3LYP/PCM conformer,method_matched_reference,single_reference_structure,historical_method_matched_reference,water,shared,water_smd_water.log,data/calculations/calc_6f45fb9022587d2a/record.json,-76.4457381064,1,1,0.0,True,calc_6f45fb9022587d2a
method_sensitivity10_4_wb97xd_smd,4_wb97xd_smd,wB97X-D / SMD,targeted_10,net nucleotide formation,required transferred nucleotide reoptimized from the selected B3LYP/PCM conformer,method_matched_reference,single_reference_structure,historical_method_matched_reference,xanthine,base,xanthine_smd_water.log,data/calculations/calc_6e5426e1ce41021c/record.json,-562.412451156,1,1,0.0,True,calc_6e5426e1ce41021c
method_sensitivity10_4_wb97xd_smd,4_wb97xd_smd,wB97X-D / SMD,targeted_10,net nucleotide formation,required transferred nucleotide reoptimized from the selected B3LYP/PCM conformer,required_transferred_nucleotide,single_transferred_seed_reoptimized,lowest_G_sampled_b3lyp_pcm_conformer,xanthine_ribose_phosphate,nucleotide,xanthine_ribose_phosphate_dft_seed_wb97xd_smd_water.log,data/calculations/calc_65ed7cea79d02289/record.json,-1626.33738546,1,1,0.0,True,calc_65ed7cea79d02289
canonical_nucleoside5_4_wb97xd_smd,4_wb97xd_smd,wB97X-D / SMD,canonical_5,nucleoside formation thermochemistry,required transferred nucleoside reoptimized from the selected B3LYP/PCM conformer,method_matched_reference,single_reference_structure,historical_method_matched_reference,adenine,base,adenine_smd_water.log,data/calculations/calc_d8fadd1e5364264f/record.json,-467.262107622,1,1,0.0,True,calc_d8fadd1e5364264f
canonical_nucleoside5_4_wb97xd_smd,4_wb97xd_smd,wB97X-D / SMD,canonical_5,nucleoside formation thermochemistry,required transferred nucleoside reoptimized from the selected B3LYP/PCM conformer,transferred_nucleoside,single_transferred_seed_reoptimized,lowest_G_sampled_b3lyp_pcm_conformer,adenine_ribose,nucleoside,adenine_ribose_conf1_wb97xd_smd_water.log,data/calculations/calc_d6e0ee5600c77646/record.json,-963.409827579,1,1,0.0,True,calc_d6e0ee5600c77646
canonical_nucleoside5_4_wb97xd_smd,4_wb97xd_smd,wB97X-D / SMD,canonical_5,nucleoside formation thermochemistry,required transferred nucleoside reoptimized from the selected B3LYP/PCM conformer,method_matched_reference,single_reference_structure,historical_method_matched_reference,cytosine,base,cytosine_smd_water.log,data/calculations/calc_4b4dd9bef7f20064/record.json,-394.899758629,1,1,0.0,True,calc_4b4dd9bef7f20064
canonical_nucleoside5_4_wb97xd_smd,4_wb97xd_smd,wB97X-D / SMD,canonical_5,nucleoside formation thermochemistry,required transferred nucleoside reoptimized from the selected B3LYP/PCM conformer,transferred_nucleoside,single_transferred_seed_reoptimized,lowest_G_sampled_b3lyp_pcm_conformer,cytosine_ribose,nucleoside,cytosine_ribose_conf1_wb97xd_smd_water.log,data/calculations/calc_3c5a4da3a0e261eb/record.json,-891.043310227,1,1,0.0,True,calc_3c5a4da3a0e261eb
canonical_nucleoside5_4_wb97xd_smd,4_wb97xd_smd,wB97X-D / SMD,canonical_5,nucleoside formation thermochemistry,required transferred nucleoside reoptimized from the selected B3LYP/PCM conformer,method_matched_reference,single_reference_structure,historical_method_matched_reference,guanine,base,guanine_smd_water.log,data/calculations/calc_8626fbd01c1c40ed/record.json,-542.51906141,1,1,0.0,True,calc_8626fbd01c1c40ed
canonical_nucleoside5_4_wb97xd_smd,4_wb97xd_smd,wB97X-D / SMD,canonical_5,nucleoside formation thermochemistry,required transferred nucleoside reoptimized from the selected B3LYP/PCM conformer,transferred_nucleoside,single_transferred_seed_reoptimized,lowest_G_sampled_b3lyp_pcm_conformer,guanine_ribose,nucleoside,guanine_ribose_conf1_wb97xd_smd_water.log,data/calculations/calc_cfb3c19a9a0d5966/record.json,-1038.66634329,1,1,0.0,True,calc_cfb3c19a9a0d5966
canonical_nucleoside5_4_wb97xd_smd,4_wb97xd_smd,wB97X-D / SMD,canonical_5,nucleoside formation thermochemistry,required transferred nucleoside reoptimized from the selected B3LYP/PCM conformer,method_matched_reference,single_reference_structure,historical_method_matched_reference,ribose,shared,ribose_smd_water.log,data/calculations/calc_73513eb6dbf3d59a/record.json,-572.582073948,1,1,0.0,True,calc_73513eb6dbf3d59a
canonical_nucleoside5_4_wb97xd_smd,4_wb97xd_smd,wB97X-D / SMD,canonical_5,nucleoside formation thermochemistry,required transferred nucleoside reoptimized from the selected B3LYP/PCM conformer,method_matched_reference,single_reference_structure,historical_method_matched_reference,thymine,base,thymine_smd_water.log,data/calculations/calc_1c7a5355de31f415/record.json,-454.088390205,1,1,0.0,True,calc_1c7a5355de31f415
canonical_nucleoside5_4_wb97xd_smd,4_wb97xd_smd,wB97X-D / SMD,canonical_5,nucleoside formation thermochemistry,required transferred nucleoside reoptimized from the selected B3LYP/PCM conformer,transferred_nucleoside,single_transferred_seed_reoptimized,lowest_G_sampled_b3lyp_pcm_conformer,thymine_ribose,nucleoside,thymine_ribose_conf2_wb97xd_smd_water.log,data/calculations/calc_fd81a34f6634214c/record.json,-950.226705698,1,1,0.0,True,calc_fd81a34f6634214c
canonical_nucleoside5_4_wb97xd_smd,4_wb97xd_smd,wB97X-D / SMD,canonical_5,nucleoside formation thermochemistry,required transferred nucleoside reoptimized from the selected B3LYP/PCM conformer,method_matched_reference,single_reference_structure,historical_method_matched_reference,uracil,base,uracil_smd_water.log,data/calculations/calc_0f12ea6b595a93ec/record.json,-414.7955746539999,1,1,0.0,True,calc_0f12ea6b595a93ec
canonical_nucleoside5_4_wb97xd_smd,4_wb97xd_smd,wB97X-D / SMD,canonical_5,nucleoside formation thermochemistry,required transferred nucleoside reoptimized from the selected B3LYP/PCM conformer,transferred_nucleoside,single_transferred_seed_reoptimized,lowest_G_sampled_b3lyp_pcm_conformer,uracil_ribose,nucleoside,uracil_ribose_conf4_wb97xd_smd_water.log,data/calculations/calc_cc34f0ef71265eca/record.json,-910.933371458,1,1,0.0,True,calc_cc34f0ef71265eca
canonical_nucleoside5_4_wb97xd_smd,4_wb97xd_smd,wB97X-D / SMD,canonical_5,nucleoside formation thermochemistry,required transferred nucleoside reoptimized from the selected B3LYP/PCM conformer,method_matched_reference,single_reference_structure,historical_method_matched_reference,water,shared,water_smd_water.log,data/calculations/calc_6f45fb9022587d2a/record.json,-76.4457381064,1,1,0.0,True,calc_6f45fb9022587d2a
