calculation_id,record_path,record_sha256,source_log_sha256,source_log_name,status,frequency_count,atom_count,geometry_file
calc_557d5df31f5d3868,data/calculations/calc_557d5df31f5d3868/record.json,028ed31b379769a4e26ad5592438b730c9e8f14f5d3404b83cfd4ec09220e5e3,557d5df31f5d3868eab45328da2da36fe14f27fd4d9ac44cde534b0e41142aa9,1_methyluracil_pcm_water.log,valid,39,15,optimized.xyz
calc_bdef5ac53c00d7a1,data/calculations/calc_bdef5ac53c00d7a1/record.json,e262c4bc18d74450263c248a94e1d4158460ba2a8964b3d872dca4053b2acdc7,bdef5ac53c00d7a135c096999835fc19033ece659daaf084109b8bff1c2462b1,1_methyluracil_ribose_conf15_pcm_water.log,valid,90,32,optimized.xyz
calc_8fff6d635cf75f67,data/calculations/calc_8fff6d635cf75f67/record.json,c42107388704d35f7897c1805a9b61f1e99043b58795fe44fff7f7a6db600e5a,8fff6d635cf75f676983623a50a2fc94810c34439ad0391b3cc3b8f330be7f39,1_methyluracil_ribose_conf1_pcm_water.log,valid,90,32,optimized.xyz
calc_14dd388accc7bb16,data/calculations/calc_14dd388accc7bb16/record.json,cdde847f574956293ae19858dea65d787627d842e0a4df7b57175267019f5a34,14dd388accc7bb164854be869c9bde681dbf098a756528ae1de82a636ed29a0c,1_methyluracil_ribose_conf2_pcm_water.log,valid,90,32,optimized.xyz
calc_1d0d11d7d1abd4e1,data/calculations/calc_1d0d11d7d1abd4e1/record.json,2ee0e9eb92b4aa77892af3844290873e7027b46c7eb2544b51b09d59b021b8ec,1d0d11d7d1abd4e128e538b57b41f4918b2077694138fa5016a38134848f6c02,1_methyluracil_ribose_conf4_pcm_water.log,valid,90,32,optimized.xyz
calc_ef13cf20cb2d6086,data/calculations/calc_ef13cf20cb2d6086/record.json,3a64d43f5af23b17ca4c17bd1ace24d06ebfd876b87a264fba9cfc29f06d7fe9,ef13cf20cb2d60862fa62e3550f17316f4d42485b143438d02b9b2e460b6cc1e,1_methyluracil_ribose_conf5_pcm_water.log,valid,90,32,optimized.xyz
calc_76b5542ff380a349,data/calculations/calc_76b5542ff380a349/record.json,110c0e47c38a6e2a71402c999a8510af880282f4c63a9433c11a50b095bdefb2,76b5542ff380a3491a90275a1917e7dc4989dfcbaa0531a541c330f934196074,1_methyluracil_ribose_dft_seed_pcm_water.log,valid,90,32,optimized.xyz
calc_1b4708cf6ba6ff0e,data/calculations/calc_1b4708cf6ba6ff0e/record.json,7cab5091d02dd41d6663fba17aa8bf0988c515606d037e3a913f4bf99e158a86,1b4708cf6ba6ff0efc86de6a7fa7bf2dd0b04455bf34cdaec252efb3fcf15563,1_methyluracil_ribose_phosphate_conf1_pcm_water.log,valid,105,37,optimized.xyz
calc_cded447bd0a49de6,data/calculations/calc_cded447bd0a49de6/record.json,478447391907cb0d3b4de8c6cc5579ab4a4648449c1c762a0cb51316c4f9c448,cded447bd0a49de6d90ffa9a917ee2a5dedf47d06e7c034fd1039b9502e5df68,1_methyluracil_ribose_phosphate_conf2_pcm_water.log,valid,105,37,optimized.xyz
calc_f703619f5912b596,data/calculations/calc_f703619f5912b596/record.json,835b545c17d6e9929f91ca9300a0862a679fd95d1e0d3bf6027fa951d2ac8dcd,f703619f5912b596449170f1d0292e8483643d8ac0c64d8ad50c681e82ed866f,1_methyluracil_ribose_phosphate_dft_seed_pcm_water.log,valid,105,37,optimized.xyz
calc_b64e41e8c31af266,data/calculations/calc_b64e41e8c31af266/record.json,e3b34573d9c3f59c65e97d9d294a2e55ddb5ad8c97dcba888af3aeb4d1b6c07b,b64e41e8c31af2665529ef077b4025fe2664b66efb6167f8f415f81a663c447a,2_6_diaminopurine_pcm_water.log,valid,45,17,optimized.xyz
calc_e6e1aeea90cf3a13,data/calculations/calc_e6e1aeea90cf3a13/record.json,4c9c20a959d2bb30819d4b48c4c829d6e78d67ff0d534a16dc5d8f2a51d0e4cd,e6e1aeea90cf3a13cbbee5984ec67e91f6e11055c76787e0030fbf83ce47419d,2_6_diaminopurine_ribose_conf14_pcm_water.log,valid,96,34,optimized.xyz
calc_4111d058a9a23ce3,data/calculations/calc_4111d058a9a23ce3/record.json,1f638a9580901a7b14692910244da64d204cbdd263f78d7f21803b1869d8e252,4111d058a9a23ce383920c686de9aae870b6af135a66880bae5c787f2c212111,2_6_diaminopurine_ribose_conf15_pcm_water.log,valid,96,34,optimized.xyz
calc_eef5f88f9cf1ba9c,data/calculations/calc_eef5f88f9cf1ba9c/record.json,a1c3331c43e86f8b7df6a6f35b88dee77e41326c51e38aca2b19391338bb706e,eef5f88f9cf1ba9c4342fd466b384d644c5763de6d4bde48403801b09d268e0f,2_6_diaminopurine_ribose_conf5_pcm_water.log,valid,96,34,optimized.xyz
calc_d3ed330e1379286a,data/calculations/calc_d3ed330e1379286a/record.json,9a0d290a5dd8ef72ce730b8c8749b229d6bd05e05c5172901532466d47f3e839,d3ed330e1379286a26993cb4b923beed0c5e870ee6dbc0b195f5796e3f5f31ba,2_6_diaminopurine_ribose_conf9_pcm_water.log,failed,0,34,incomplete.xyz
calc_d131565cc15c8f44,data/calculations/calc_d131565cc15c8f44/record.json,dfcf5167bd34b2b4c03154f9f37de045bc760920d800cddf77d133bd243d596d,d131565cc15c8f447a2c18d7806ef65b1329de82972e973052452e77c5962113,2_6_diaminopurine_ribose_dft_seed_pcm_water.log,valid,96,34,optimized.xyz
calc_4331c3dcbcea9fae,data/calculations/calc_4331c3dcbcea9fae/record.json,f6b5d257758d36026656dd718061fd43b41c7615cd7680929fb3180a8afedb32,4331c3dcbcea9fae5f8d1dbb4986827f2025466f8b19d6eb08822e990a0426bf,2_6_diaminopurine_ribose_phosphate_conf17_pcm_water.log,valid,111,39,optimized.xyz
calc_21a856a6d79c22c2,data/calculations/calc_21a856a6d79c22c2/record.json,3bd2f72275b4a90535d61a506e01d38aee30e1c58f9872cbd5d5dc6de2ce6b16,21a856a6d79c22c2cc6945500efcdc103767a5f5c689e433e8d01cdadf481185,2_6_diaminopurine_ribose_phosphate_conf1_pcm_water.log,valid,111,39,optimized.xyz
calc_c10a8008bc8aefc2,data/calculations/calc_c10a8008bc8aefc2/record.json,1e3b389f2e6aa482d6d93496e6abd13f4bb269811e85008048f628c456613ba3,c10a8008bc8aefc236af56333ae164f49e16ecc5db4c91ddf0ab1d6f6b2548c7,2_6_diaminopurine_ribose_phosphate_conf28_pcm_water.log,valid,111,39,optimized.xyz
calc_6f84473072d9c8e9,data/calculations/calc_6f84473072d9c8e9/record.json,c94d1e75989902deef22a9e28fb845c8761f74d2310f0cca254da160e335d60a,6f84473072d9c8e96a122bec15a96b1f4f64bf6e71d7fe018c9206f52546a71c,2_6_diaminopurine_ribose_phosphate_conf41_pcm_water.log,valid,111,39,optimized.xyz
calc_a3a7174101acabd5,data/calculations/calc_a3a7174101acabd5/record.json,49f341e632e1b34ed183954bb15216837e7c9680879c1ccf5c7fc90952fc1b5a,a3a7174101acabd557182850854ad298c17c5b0a5936b7e2565c9dd3fb403d3c,2_6_diaminopurine_ribose_phosphate_conf68_pcm_water.log,valid,111,39,optimized.xyz
calc_ed287a3331341d0a,data/calculations/calc_ed287a3331341d0a/record.json,c1d0313a8be472e017af61b985fd30b82284cd619f64010826a6aafd9a7eaf1d,ed287a3331341d0a50e3e7f9aa310150d7578476ce41f14c476de1044303fad4,2_6_diaminopurine_ribose_phosphate_conf7_pcm_water.log,valid,111,39,optimized.xyz
calc_03300c0b6096fdd6,data/calculations/calc_03300c0b6096fdd6/record.json,a2628d86fe9fce4f5de57dc89234d1bf408da9cf792a781933773d1b2c89194b,03300c0b6096fdd66843d81cfbe4f900692c94ae9fc40f45beb2f3a6ca56ec7c,2_6_diaminopurine_ribose_phosphate_dft_seed_pcm_water.log,valid,111,39,optimized.xyz
calc_72bf1dd411b42985,data/calculations/calc_72bf1dd411b42985/record.json,096080bb7e8a0f9925ec846fcfd057f8526ec745184bb3479e8e10b41899acac,72bf1dd411b429853977ef5f743b408516e12d53d55a33fe2154c3ca9ac20bc4,5_amino_4_imidazolecarboxamide_conf2_pcm_water.log,valid,39,15,optimized.xyz
calc_b99194fdcc4a3b99,data/calculations/calc_b99194fdcc4a3b99/record.json,2a40ae6065f796b28fb020afefee71bdb451f31229ccd860b7f0c728d7f6baa7,b99194fdcc4a3b998a55598bed18015b48baed5ddb106a91bbdff824793d1859,5_amino_4_imidazolecarboxamide_dft_seed_pcm_water.log,valid,39,15,optimized.xyz
calc_78af7694df9bfb2e,data/calculations/calc_78af7694df9bfb2e/record.json,3934f537cf17132e511c6f65e335f8e8dd852aa1531fa45f7d9f313979955728,78af7694df9bfb2e4b54d3ee7378808dc34a69589f7c8efa650168a27b2cb98f,5_amino_4_imidazolecarboxamide_ribose_conf11_pcm_water.log,valid,90,32,optimized.xyz
calc_c353cb46090f2737,data/calculations/calc_c353cb46090f2737/record.json,621576d8de23e273616989c39ba8d0c7628ab9f6e9ca0a62d3562bc07f2d1fc5,c353cb46090f273745c2b22d78695c8d733b06035475ad2e6cf566a8affbbcf3,5_amino_4_imidazolecarboxamide_ribose_conf15_pcm_water.log,valid,90,32,optimized.xyz
calc_f55c1ea5f51be12e,data/calculations/calc_f55c1ea5f51be12e/record.json,9289aa423ee97bc14184b786956d88972cfa94c7e6eeebc448c8fadb98b42ca3,f55c1ea5f51be12ed8c9a9d0fb3053bd67b59e9ed3f89d9db741038c07b912a2,5_amino_4_imidazolecarboxamide_ribose_conf1_pcm_water.log,valid,90,32,optimized.xyz
calc_715864eb4f63358d,data/calculations/calc_715864eb4f63358d/record.json,e56c3ad71ba7e65dc6f7afc63a27e1e9886f7ae8d6121e735a4423151051c01d,715864eb4f63358d12662ee06cfda39bbea93076bbff68ef9066c6a2de2cd446,5_amino_4_imidazolecarboxamide_ribose_conf4_pcm_water.log,valid,90,32,optimized.xyz
calc_c42d0d054e263bba,data/calculations/calc_c42d0d054e263bba/record.json,7f298dd3bc3da01a7963d218b1817a52bae298028872acfdf51ee0e37494fd5b,c42d0d054e263bba794d4118f3e74f04fe654e3f131c5a259db6e485a5c9e674,5_amino_4_imidazolecarboxamide_ribose_conf6_pcm_water.log,valid,90,32,optimized.xyz
calc_05feecbff34208d6,data/calculations/calc_05feecbff34208d6/record.json,7b4552ee60b819aea2ea506711a8dad3fb53f8996b76c4baef7b1cef7c229fec,05feecbff34208d64a1261443dae2a9839e8ceec021db770a4041f76b89c81f3,5_amino_4_imidazolecarboxamide_ribose_dft_seed_pcm_water.log,valid,90,32,optimized.xyz
calc_96a5f9226f958845,data/calculations/calc_96a5f9226f958845/record.json,e2892ba76f2b14a1f15a33574ac7c051cb14e798d34c46c7c3aafa0a48d3e77d,96a5f9226f958845d3a3990acfd4b389659768e3ce0d5cbbf4c09311d4959ab8,5_amino_4_imidazolecarboxamide_ribose_phosphate_conf13_pcm_water.log,valid,105,37,optimized.xyz
calc_5ee54d8eac1aceed,data/calculations/calc_5ee54d8eac1aceed/record.json,e0fd696e7dcce905639f5c01d2e5a157fc4a1520e18593b646e23af959e77f15,5ee54d8eac1aceed692149da1668bdd528967f88ed7dcf1419f6d05304821f53,5_amino_4_imidazolecarboxamide_ribose_phosphate_conf1_pcm_water.log,valid,105,37,optimized.xyz
calc_e4c1a7e3bbfa378a,data/calculations/calc_e4c1a7e3bbfa378a/record.json,eb1d8b7033eb102d981d8695549b8b7ab6790ea852d19d14c7c544d97c0c5183,e4c1a7e3bbfa378a45115b28a3dee47a0a5a5803d3ba1bcca948ba8413454d52,5_amino_4_imidazolecarboxamide_ribose_phosphate_conf26_pcm_water.log,valid,105,37,optimized.xyz
calc_2ab52de2d0314391,data/calculations/calc_2ab52de2d0314391/record.json,90c97fdb26d334fbf653400a9791474eed7e2d6fa1934d9815671f90b46e3e35,2ab52de2d0314391b3b9d619be8faaf5568b089aa36e7b14d332ae4b40360eb8,5_amino_4_imidazolecarboxamide_ribose_phosphate_conf2_pcm_water.log,valid,105,37,optimized.xyz
calc_52957a55359e7d7e,data/calculations/calc_52957a55359e7d7e/record.json,acfdf258dfdb27bb2b70412a5654302bca4080b83c65ad614ff87b0a31814be2,52957a55359e7d7e33e2a56803a57e75ebf055ced5f7a3f755a821f6e1bfcacf,5_amino_4_imidazolecarboxamide_ribose_phosphate_conf50_pcm_water.log,valid,105,37,optimized.xyz
calc_23bc295a9a84aeb9,data/calculations/calc_23bc295a9a84aeb9/record.json,d0d4c5917efebcf54ec938ae7dcefe4f827993c03bb8848b4cfe77bcbaaa33f0,23bc295a9a84aeb9ea61226a1ff838140c31b8874156399c0db455f8b637e3f7,5_amino_4_imidazolecarboxamide_ribose_phosphate_conf83_pcm_water.log,valid,105,37,optimized.xyz
calc_4a92c714ea7f5fc6,data/calculations/calc_4a92c714ea7f5fc6/record.json,9907d3d60963b5c9257e952b0d4ccc6621398213eff7bd67808200f6c0133707,4a92c714ea7f5fc66f089a6d23a9980470ab00231175c34ac4157afac9d2c5b8,5_amino_4_imidazolecarboxamide_ribose_phosphate_dft_seed_pcm_water.log,valid,105,37,optimized.xyz
calc_aa4f8869f52bb371,data/calculations/calc_aa4f8869f52bb371/record.json,9c5a9a4ef53488010c529cddfe1df203156339b3eea1ee27dce08853119ea720,aa4f8869f52bb3717aea4bb2b266d1182805274ec95f5d9f2059733ec639072e,6_methyluracil_pcm_water.log,valid,39,15,optimized.xyz
calc_81d6cb24819ff295,data/calculations/calc_81d6cb24819ff295/record.json,fafac628f972e447ade05cc0500bfeb96e03855424bbecbd521e7edf4393ab87,81d6cb24819ff2952f577ef35d5b7996811331fb64a3da29f51644db7aebf32c,6_methyluracil_ribose_conf1_pcm_water.log,valid,90,32,optimized.xyz
calc_d92135c27f0fd512,data/calculations/calc_d92135c27f0fd512/record.json,e46fb70b8f3eded2fc43ab2878ce2652399fc9076ef9fdf27440a061ec9bd861,d92135c27f0fd51233ed28cd3cde7cc26e1411bd34ad709e280c76caff64628c,6_methyluracil_ribose_conf23_pcm_water.log,valid,90,32,optimized.xyz
calc_50e8f8d4f07f014c,data/calculations/calc_50e8f8d4f07f014c/record.json,0c5ccaac8f9d87b441d824f0f3ad797bc2561bd82e3ae36ad1683ab99a0200b3,50e8f8d4f07f014c681eae1598aeb4b62d3d2eeb0aee6f4a797060425c04fc41,6_methyluracil_ribose_conf32_pcm_water.log,valid,90,32,optimized.xyz
calc_1b1a89f0c87538f8,data/calculations/calc_1b1a89f0c87538f8/record.json,4e83459a160908d392d98d9e3fa581cd0552267515e10ae9f15fc73fed28f5e1,1b1a89f0c87538f80085772e8ae84bdb4b3ee91e49566e513f70ca24a85c779c,6_methyluracil_ribose_conf3_pcm_water.log,valid,90,32,optimized.xyz
calc_699eb456c0bcee04,data/calculations/calc_699eb456c0bcee04/record.json,527931be7efc3c22d9f93c57dbc365ca9712d119f2568775bd4289efa97c335d,699eb456c0bcee047be49c9ce6b72628b73d0fb0a4ea7d02c27fb818e435eb35,6_methyluracil_ribose_dft_seed_pcm_water.log,valid,90,32,optimized.xyz
calc_62672a6146a08e14,data/calculations/calc_62672a6146a08e14/record.json,ad08e3fb098297ab60cb080d633fd7ee2112697de229d9452910855eee60683a,62672a6146a08e14455be87bd67a615c392537dcc5758ad3934c50b3b0e00c87,6_methyluracil_ribose_phosphate_conf1_pcm_water.log,valid,105,37,optimized.xyz
calc_babe225d7f2e03db,data/calculations/calc_babe225d7f2e03db/record.json,746d1379ca4028c5b02b72129e37a4f9e546832365a26979cf262dc864134157,babe225d7f2e03dba054b888e4b0a4f3af827e64cc14c648d52de26355a9fc24,6_methyluracil_ribose_phosphate_conf7_pcm_water.log,valid,105,37,optimized.xyz
calc_b857d87b6fb2f2c2,data/calculations/calc_b857d87b6fb2f2c2/record.json,7276bdc707efc4cbb310b6b77ae41340fbeb9ca3c34d27df8fb6a4a37f5e401f,b857d87b6fb2f2c210fc6b41557aa358fbe31ae5e4537facb7266239ea1f6387,6_methyluracil_ribose_phosphate_dft_seed_pcm_water.log,valid,105,37,optimized.xyz
calc_579b225d5746d6f9,data/calculations/calc_579b225d5746d6f9/record.json,d31fd9abbb7b23efe6a611f06dc9d868f6e65005b6bb94fd7fb5358bd16dcf56,579b225d5746d6f91f6fe50f1ae0144cd2d9f40e66b672d7f926be04d21fca69,adenine_pcm_water.log,valid,39,15,optimized.xyz
calc_c35c5f7936f0c4ab,data/calculations/calc_c35c5f7936f0c4ab/record.json,a38481cdce7bd9ccd4e03c7c56fbaf3a93afccea608b1298cb30f238fa754bb7,c35c5f7936f0c4ab0eb4598b0da4ffac5fb7c3f3f7bcc8f2779341bd6608ead8,adenine_ribose_conf1_pcm_water.log,valid,90,32,optimized.xyz
calc_edec2067803d7dbc,data/calculations/calc_edec2067803d7dbc/record.json,5dec2f1e632a2ce1c703ef0f60c685ce523169ed1dd9aa0682da4a3c715f9da0,edec2067803d7dbc96c93225b348a5ef6743214450bc25c8217eb496014009c2,adenine_ribose_conf4_pcm_water.log,valid,90,32,optimized.xyz
calc_952ceee5ea63c11f,data/calculations/calc_952ceee5ea63c11f/record.json,9770a2ea79bc984a97a12b12cfe5bd7f2fe3b6ffeeab6269ad365cbc0df00b72,952ceee5ea63c11feb32c363a99cce494ec5710128b69dd9d7fd7a840eafb2e9,adenine_ribose_conf5_pcm_water.log,valid,90,32,optimized.xyz
calc_f03eaac50aa0ee46,data/calculations/calc_f03eaac50aa0ee46/record.json,828ecff8b25523aedcef0da3541af24d0475c5b3527847a02fbe9728755d6e0e,f03eaac50aa0ee46e520ad8575d857229470fd421208dc1e06b49133981b4934,adenine_ribose_conf8_pcm_water.log,valid,90,32,optimized.xyz
calc_b64d0bf85e13c1e7,data/calculations/calc_b64d0bf85e13c1e7/record.json,d1eaf23523d0eb5d77bed8fb987b57fc8aa456a03743b84639939a3a9260fb8a,b64d0bf85e13c1e7c3e4bcd5703ea10fd7d8a04d4fc2b268eaf26aca07b21fcc,adenine_ribose_dft_seed_pcm_water.log,valid,90,32,optimized.xyz
calc_f21bed15be44607b,data/calculations/calc_f21bed15be44607b/record.json,28484566ee2e0aa7d6aab8c86987545ab5f5a07e21a0fecc0be8bb3f5ae5b5b3,f21bed15be44607beb6029cf1385f2bba423e53303a5a67090c514c3e0f6133e,adenine_ribose_phosphate_conf113_pcm_water.log,valid,105,37,optimized.xyz
calc_565406d4de58dfbc,data/calculations/calc_565406d4de58dfbc/record.json,e640e16cb26be577453d9c42e4fcc502d01f935e318476c3b82a9b3b24e7bd22,565406d4de58dfbca61188f1c9df47386519e6230ba7799e56d2063ebcb73147,adenine_ribose_phosphate_conf13_pcm_water.log,valid,105,37,optimized.xyz
calc_9321e946d318e261,data/calculations/calc_9321e946d318e261/record.json,52251f3364611a0f53d98f7025ed313dc8e560c06bc49673e1365ece6950ff56,9321e946d318e261f2a1055e0fd7bd38242115e89262d1a7a023f8b37362cfd6,adenine_ribose_phosphate_conf1_pcm_water.log,valid,105,37,optimized.xyz
calc_24debaf35022ea98,data/calculations/calc_24debaf35022ea98/record.json,efd0313c1b91f756acd83515e9de52bdd5ed6e2768e81701f89a8d97f2e2fbf3,24debaf35022ea98b67e07166c360418b6e45760c0736e9d56e9f98d0afb643e,adenine_ribose_phosphate_conf22_pcm_water.log,valid,105,37,optimized.xyz
calc_b1a6defdb4efbf2c,data/calculations/calc_b1a6defdb4efbf2c/record.json,e28e1f517ad8269a47775601ae9f7f471a866aad7a2bb3cb8a6e952dd43a6d7e,b1a6defdb4efbf2cf6eba02551724e86d7fe6dfc8cd156792827a4b94bd4b051,adenine_ribose_phosphate_conf52_pcm_water.log,failed,0,37,incomplete.xyz
calc_261fd8f740147344,data/calculations/calc_261fd8f740147344/record.json,3817c4f6b726d96076a4e133903f2e6a31fc74326c19dc8b0d7172e2df9a0292,261fd8f740147344c688b313a5ef0d9ef6e738363160d214dcbea8f359133812,adenine_ribose_phosphate_conf75_pcm_water.log,valid,105,37,optimized.xyz
calc_18ea3413065df474,data/calculations/calc_18ea3413065df474/record.json,ff0e74d08b2cb8b6dac793324741d03626eed6a880a88cf89ce2e0630c8a51ed,18ea3413065df474769e32b356ebab1b1ef918dcff3b828e2a9ecb799e891b10,adenine_ribose_phosphate_dft_seed_pcm_water.log,valid,105,37,optimized.xyz
calc_83ba274204495cdc,data/calculations/calc_83ba274204495cdc/record.json,39158a749b72c8168fcd00e3c69cd673f36486cd7b3d81da9e7865d8e4a71237,83ba274204495cdcb323e2c00ea9e1261b882ac4b6a0e980c366608b7e8a90cb,barbituric_acid_pcm_water.log,valid,33,13,optimized.xyz
calc_46cd4512cd3591cc,data/calculations/calc_46cd4512cd3591cc/record.json,83c5fd75a5aad0adfe9e831bd3a5493925fca578ed6eb33d8e510a86ed3cb14e,46cd4512cd3591ccca6d8618a9d6c8dc132d3ff0adf01e9d4d347a1902060a5f,barbituric_acid_Clink_ribose_conf13_pcm_water.log,valid,84,30,optimized.xyz
calc_43c0069d4d54a62f,data/calculations/calc_43c0069d4d54a62f/record.json,e9e7a7a1a7d79d137eeab51878dced27ba1358894b310fbb44a7b81449c6f23d,43c0069d4d54a62ff696c5026a38117aeb6f805d924c749b3ba41de6abfa2d91,barbituric_acid_Clink_ribose_conf1_pcm_water.log,valid,84,30,optimized.xyz
calc_2b7ae9bb53db5d85,data/calculations/calc_2b7ae9bb53db5d85/record.json,c6e417a68e3b79c70b3e9b50c9dbe408e6e019da05057756dcd0d727ed7605e8,2b7ae9bb53db5d85abb9796a5b9f935c4a2ede3519ab783a37e826a9f2dd86ba,barbituric_acid_Clink_ribose_conf2_pcm_water.log,valid,84,30,optimized.xyz
calc_3d9f45370675f460,data/calculations/calc_3d9f45370675f460/record.json,4f8ce55a91b50782922bd962f26d3be3e3b206104f9001feeab3ad7994cb5c16,3d9f45370675f46001aeda1cf47531dfd2c42cee3c63eeb26f607c171fe13c17,barbituric_acid_Clink_ribose_conf4_pcm_water.log,valid,84,30,optimized.xyz
calc_55fb7f63499d156e,data/calculations/calc_55fb7f63499d156e/record.json,c86e1315db2a23bf9519dca2807d2fc7de4782b45c85d4c4a101a71e8ab4bf94,55fb7f63499d156e6776e1d6d8f1cb57c019dbf5c045c1fddf91346067c9440c,barbituric_acid_Clink_ribose_conf7_pcm_water.log,valid,84,30,optimized.xyz
calc_0259d469238e98e8,data/calculations/calc_0259d469238e98e8/record.json,23abcfae98a1fc55099c380a902fc2bf0963d9855575c290fab792380fcbb51a,0259d469238e98e8a6516c5f75112561105b188e28d2ae9fafc6b0919450713c,barbituric_acid_Clink_ribose_dft_seed_pcm_water.log,valid,84,30,optimized.xyz
calc_02f9f94592bb03fd,data/calculations/calc_02f9f94592bb03fd/record.json,bd05013e599b10bfc68e8bf27b0b060da04b15a34f9dfa4f47ea5b46db5a3d2a,02f9f94592bb03fdd301e2e068ab73a28a7ce9de89a74dc1242ef0bd35386a51,barbituric_acid_Clink_ribose_phosphate_conf17_pcm_water.log,valid,99,35,optimized.xyz
calc_30c04d4de5da70b4,data/calculations/calc_30c04d4de5da70b4/record.json,98481ca5f7da0e8f2fa60e726a4b0068f9872ea0d530996aa36e374e6c5a3092,30c04d4de5da70b40159ba6bd2fc4710dc2738fba948170ad10e1c8b76d29bdc,barbituric_acid_Clink_ribose_phosphate_conf1_pcm_water.log,valid,99,35,optimized.xyz
calc_0f03edb9079554fe,data/calculations/calc_0f03edb9079554fe/record.json,36e8d338a2b024b6a2541dcf31c24b51017d662010cbcf3214e1c8f8695ff141,0f03edb9079554fe63946e8d4c849704070257f18177c44d8e8f5a29c590cc95,barbituric_acid_Clink_ribose_phosphate_conf39_pcm_water.log,valid,99,35,optimized.xyz
calc_fa4caa8829bcc007,data/calculations/calc_fa4caa8829bcc007/record.json,f272fbf1a33bec492dae2127911d3189a68fc3dc391776881b6860b0760548aa,fa4caa8829bcc007137a8f77adb58e54dace70ce8d3ec08efd5ea2b6787a0889,barbituric_acid_Clink_ribose_phosphate_conf51_pcm_water.log,valid,99,35,optimized.xyz
calc_8855818933fb6b34,data/calculations/calc_8855818933fb6b34/record.json,e89e18a39e0195996d5dd3524903376bdb67a7f43fb1327e1a352199278109c3,8855818933fb6b3400400335e3a8a29a8efb62af39c5688484fdf640e4e9d5af,barbituric_acid_Clink_ribose_phosphate_dft_seed_pcm_water.log,valid,99,35,optimized.xyz
calc_ca7a1ad393c49c94,data/calculations/calc_ca7a1ad393c49c94/record.json,e0c1040369b933316d76eb880d386e959529ffe90f05cb81344c586d10abaf75,ca7a1ad393c49c9475ca99507aa32fb71f4d23eeb4b2e2abbf14c0a55b5345ce,barbituric_acid_Nlink_ribose_conf11_pcm_water.log,valid,84,30,optimized.xyz
calc_f3b372db5e5c32c0,data/calculations/calc_f3b372db5e5c32c0/record.json,2c91e17c3a4f1eace9ae4c1f210431824305f18752090277d21f5b78a07e1bf1,f3b372db5e5c32c029376df1f4e776694e0cebaf2e6a50182d8f1c022669598d,barbituric_acid_Nlink_ribose_conf1_pcm_water.log,valid,84,30,optimized.xyz
calc_591f499b8d1ae2c9,data/calculations/calc_591f499b8d1ae2c9/record.json,fc409d50c266c4466ad298adfcdec2c3f4277aeb24c82dfcd56e7cc241cf59cc,591f499b8d1ae2c967cbd3f477d822f3d1084871bd5121943a20175c833cdd2c,barbituric_acid_Nlink_ribose_conf2_pcm_water.log,valid,84,30,optimized.xyz
calc_a11e13b4f9762b56,data/calculations/calc_a11e13b4f9762b56/record.json,c67af4c2ed9ab6876ac17aba53305a7b7d4139b578959b1b524b0689aa12218c,a11e13b4f9762b56f5068e39059b91da11f8e49caececc8f4390646c897dc494,barbituric_acid_Nlink_ribose_conf6_pcm_water.log,valid,84,30,optimized.xyz
calc_08003ea684cb1bf3,data/calculations/calc_08003ea684cb1bf3/record.json,cd640bd32ce057d96973f587fe95b0744ec99260f5665c781816788928c1b2cd,08003ea684cb1bf3a3bc88a1e8420d778d4addf22b785ff612f0745d75393d8b,barbituric_acid_Nlink_ribose_conf9_pcm_water.log,valid,84,30,optimized.xyz
calc_4f5a7381e2b6ded5,data/calculations/calc_4f5a7381e2b6ded5/record.json,9417e1882fccc630b15816db4e8e514c6b411d98881ce925aef5151984a1bb26,4f5a7381e2b6ded52e4569321d702d4f39c4d0bc0447d91bdbce1e2d31f62616,barbituric_acid_Nlink_ribose_dft_seed_pcm_water.log,valid,84,30,optimized.xyz
calc_3ace63afce64566c,data/calculations/calc_3ace63afce64566c/record.json,36d3a9709ec3cba64be786add0e72639b216514d942527cfd51116f91399e3c3,3ace63afce64566ca692e303d6c0739f4b699da48016ded6f405add803b5db3b,barbituric_acid_Nlink_ribose_phosphate_conf1_pcm_water.log,valid,99,35,optimized.xyz
calc_7de52b9db685b71c,data/calculations/calc_7de52b9db685b71c/record.json,0bdf46546dcac2d135b4fc932d530a6db8934b1b9642b9e515ccdb07fcf55692,7de52b9db685b71c02423ec70b76b65e0c1df5b4dda5cd5d0b09f1a5f0f1fde5,barbituric_acid_Nlink_ribose_phosphate_conf2_pcm_water.log,valid,99,35,optimized.xyz
calc_2a5469107ea1af99,data/calculations/calc_2a5469107ea1af99/record.json,703559d90407fb6847377bad92677fda0940f2960ae153c0fddf2c41cf5eae2e,2a5469107ea1af991bd41fcdd4c998577fd687872d38b13616c24dc453c6e920,barbituric_acid_Nlink_ribose_phosphate_dft_seed_pcm_water.log,valid,99,35,optimized.xyz
calc_51c2f3ea6aae4f49,data/calculations/calc_51c2f3ea6aae4f49/record.json,1c08938a02871fe559c6661d63d5027f6b1eaafd506392ad544f71fc66565f1c,51c2f3ea6aae4f49d1434baa74ae5c0bda693d6ccb4412be0de077b25693c31a,cyanuric_acid_Nlink_pcm_water.log,valid,30,12,optimized.xyz
calc_3c702ab51f529882,data/calculations/calc_3c702ab51f529882/record.json,9a75c797f7264a021c79af4a4af01213b176629542f97d3434c31203ed8e60b5,3c702ab51f529882b8b4c1f8fbebeb3de9c670ec8a5db793b776df5caeb85e43,cyanuric_acid_Nlink_ribose_conf3_pcm_water.log,valid,81,29,optimized.xyz
calc_e968dd39aaf627eb,data/calculations/calc_e968dd39aaf627eb/record.json,881958a75baed60434d9895d24cec121113905a78a080dcc4b6a54b839332bee,e968dd39aaf627eb0809e670572fade1e85c75a4047f0f9306c7d8db521fa17c,cyanuric_acid_Nlink_ribose_conf4_pcm_water.log,valid,81,29,optimized.xyz
calc_497a0b04503b1b8b,data/calculations/calc_497a0b04503b1b8b/record.json,b81d15086ec6e0f7e5dfdd105b924c9240a78ba65f410e89961181c94c639527,497a0b04503b1b8bf2206061b75a9e517cecba3b565cfbbcf4fdc7751c76f1ae,cyanuric_acid_Nlink_ribose_conf5_pcm_water.log,valid,81,29,optimized.xyz
calc_af642e8b0aa1e185,data/calculations/calc_af642e8b0aa1e185/record.json,48cadeb0fa13ea6773ccaaf179747aa4d3b8225e53d6a754d8cb4c932f975a98,af642e8b0aa1e1855941bc61981f54024121b8cebb2d24b19a800216ca876723,cyanuric_acid_Nlink_ribose_dft_seed_pcm_water.log,valid,81,29,optimized.xyz
calc_26ec58bd7524b4f3,data/calculations/calc_26ec58bd7524b4f3/record.json,817bd7f73f441270beb30a05cb5b134b386ffad949fc5fed323e9124b5220b4d,26ec58bd7524b4f3fe535539340c3783e6ace6d5767c321e12f6f7880a2f4214,cyanuric_acid_Nlink_ribose_phosphate_conf1_pcm_water.log,valid,96,34,optimized.xyz
calc_907a99946fc5539a,data/calculations/calc_907a99946fc5539a/record.json,0c4679718b1fc4d5b5c57904b159bffbb7fb2d8c4efec8720758472720495fe1,907a99946fc5539a644c415c9e3b59dbcc9c35d26201bbaa917703022ef3e557,cyanuric_acid_Nlink_ribose_phosphate_conf4_pcm_water.log,valid,96,34,optimized.xyz
calc_96d8ce6176ad9624,data/calculations/calc_96d8ce6176ad9624/record.json,2ba5910f90b80221a89031e371ae0469737d5d8c1547ba0214690ed1b836face,96d8ce6176ad9624bd04d8ee564c6019bcdbe97d3a16994254578793b5842868,cyanuric_acid_Nlink_ribose_phosphate_dft_seed_pcm_water.log,valid,96,34,optimized.xyz
calc_134efc3e90289083,data/calculations/calc_134efc3e90289083/record.json,692cc7f2b98df8ee9de1690f30589027462d74e21d0531d1f6d7d43ea69e8e0b,134efc3e902890838e2e9367d54d8a98c251714b7257dbdb121c542d0adda26d,cytosine_pcm_water.log,valid,33,13,optimized.xyz
calc_bc8b49c19f1cfefa,data/calculations/calc_bc8b49c19f1cfefa/record.json,018581fa11da5ef7ec12563c51529d137bccc3fe5f92e4e76ada303a86df79b0,bc8b49c19f1cfefaa4f0b749f41aed70833196b8aea9485160798d455ff420df,cytosine_ribose_conf10_pcm_water.log,valid,84,30,optimized.xyz
calc_70a1afe23b704cc1,data/calculations/calc_70a1afe23b704cc1/record.json,4bf7451397fe9339b765bcea5229bea60033253d8acc67017ef9c9fc03247816,70a1afe23b704cc1dd94eec99e043d5c7893b2b86140fda97adca875b7d5e607,cytosine_ribose_conf1_pcm_water.log,valid,84,30,optimized.xyz
calc_35c16c09bf59768c,data/calculations/calc_35c16c09bf59768c/record.json,805a73040253a17fa7b6e78fceac719797b5755edba6fa23ed4dac1594a192bc,35c16c09bf59768c605a1ada83e29cd5efdaf53c9c95dcc5456569f0405f80ba,cytosine_ribose_conf4_pcm_water.log,valid,84,30,optimized.xyz
calc_37bcfc83bab04f8a,data/calculations/calc_37bcfc83bab04f8a/record.json,b6acfac275bfb36eb76d8ffbbe25fcfee75a4c67d0e2c09fad25ae6e2fd6b5ea,37bcfc83bab04f8ae225fb8cf51b17b48b2d737677eb54cf0a2c3b11686a5f54,cytosine_ribose_conf5_pcm_water.log,valid,84,30,optimized.xyz
calc_03cc711480b12784,data/calculations/calc_03cc711480b12784/record.json,16326ff79c641410b8046806cdfbd814d329cccbf9f5c3921d5c346b265e6fcb,03cc711480b127848f67aab1a34c2b5137d465d3716ac86e107b1a017052d7e7,cytosine_ribose_conf6_pcm_water.log,valid,84,30,optimized.xyz
calc_830a46d1ab2d89b1,data/calculations/calc_830a46d1ab2d89b1/record.json,f000b255108cfd83565c87ed97b782ca58cd9c2f3a742ed886b0b99edd2dddde,830a46d1ab2d89b101ef0c84c7471ad2bf0d00416f236280d851310e65242520,cytosine_ribose_dft_seed_pcm_water.log,valid,84,30,optimized.xyz
calc_73ec8ea041c3fef0,data/calculations/calc_73ec8ea041c3fef0/record.json,1c12368b44df04f1e13457905bec92e2e1c1e6df43711779cbf7235936bf1f6a,73ec8ea041c3fef0e71f88490d8f705917c2902e807b681b649749c31e96bc14,cytosine_ribose_phosphate_conf10_pcm_water.log,valid,99,35,optimized.xyz
calc_dd1d3c434cc385e2,data/calculations/calc_dd1d3c434cc385e2/record.json,2dfb32586efd20576da2b486cd6b22d376697f35902b3c3661140547b6782f29,dd1d3c434cc385e250f539436788aa957dda6ed37daa2c2f32c8ceac3e312a16,cytosine_ribose_phosphate_conf18_pcm_water.log,valid,99,35,optimized.xyz
calc_c361a8ca84c4d8f6,data/calculations/calc_c361a8ca84c4d8f6/record.json,abaa50f2b39659361554544b4cd05c00021291ef97b9b6cb4964bbba28634fad,c361a8ca84c4d8f6c3f595bf27d550594f7dc1359afbd70664454d72e74863da,cytosine_ribose_phosphate_conf1_pcm_water.log,valid,99,35,optimized.xyz
calc_9f2bdd9c41fe820c,data/calculations/calc_9f2bdd9c41fe820c/record.json,abe48a0ca74a093ab28e7882a97bc0d03df933fdfe0dd3c7ad0933ac3d022725,9f2bdd9c41fe820cdf2d371524040701887ee7537c925c6a5de22cf75ef886db,cytosine_ribose_phosphate_conf26_pcm_water.log,valid,99,35,optimized.xyz
calc_fff03848f43180e0,data/calculations/calc_fff03848f43180e0/record.json,1c747337b882d800984687325584f3f3dbdc88c622791a2a90e3f168cef66a6e,fff03848f43180e01a21257ac33baa06ede92b128a8b88516bb716e73d2273b0,cytosine_ribose_phosphate_conf2_pcm_water.log,valid,99,35,optimized.xyz
calc_c5eebeb27b999d66,data/calculations/calc_c5eebeb27b999d66/record.json,552e49ad8738d881c771893f9f20581c841b17dd602f7deb4f14713f5cd1ba95,c5eebeb27b999d667f7d4c0ed520ce13f1d61a6365f37a30f9a92c690c9d6a8d,cytosine_ribose_phosphate_conf44_pcm_water.log,valid,99,35,optimized.xyz
calc_6f912d137c0aee92,data/calculations/calc_6f912d137c0aee92/record.json,cb20522e41f18511babd42628db98df141a4edbea8e5b57ce720038c4ed1eda8,6f912d137c0aee926dffc853fe6379dc03fe79b8970934c0273e381ae8b7f799,cytosine_ribose_phosphate_dft_seed_pcm_water.log,valid,99,35,optimized.xyz
calc_99e961bc99a08e31,data/calculations/calc_99e961bc99a08e31/record.json,30f9cae514a02895fb8f4af51e3e1184aabb66d6b60047d388d50e1f2e8638e0,99e961bc99a08e315fe259d8ca99c7843ed3d865a24ba807a4d5e8774e5a6c8e,dihydrouracil_pcm_water.log,valid,36,14,optimized.xyz
calc_83f2523565472fb4,data/calculations/calc_83f2523565472fb4/record.json,5fee7afe3c57f57e67e2883f0397deb1660c42fc33fc9b19221ee2b7a545c5fa,83f2523565472fb41bf181ea46af0d8865db4a0ade49a66ecd59bec9e21043a9,dihydrouracil_ribose_conf1_pcm_water.log,valid,87,31,optimized.xyz
calc_1a56152b6a2152e9,data/calculations/calc_1a56152b6a2152e9/record.json,0a32a899dc4c5d5c4d712f59d18cd8d5b1a3a2990e5bfd742c9fd44d881cfd21,1a56152b6a2152e9fa9279604ac1fde65fea4733554223af6ef2dd9bd42afc21,dihydrouracil_ribose_conf3_pcm_water.log,valid,87,31,optimized.xyz
calc_2307812a37c1a853,data/calculations/calc_2307812a37c1a853/record.json,1b0cb79565998fc060b2f7bc1c33ddc7ea471e38f49978dc585b236c4f6b3db0,2307812a37c1a8536af18288843af960019a234a4058f2bec414731c7e4c75b4,dihydrouracil_ribose_conf4_pcm_water.log,valid,87,31,optimized.xyz
calc_c5d86e8d05757386,data/calculations/calc_c5d86e8d05757386/record.json,dc4994c073dbd898f7d3831730a5cadca059971240fdbbebe7f127c55f67098c,c5d86e8d057573866efd959372f0862c75a10987e28c566c1867580ea44ed1d6,dihydrouracil_ribose_conf6_pcm_water.log,valid,87,31,optimized.xyz
calc_7415e77ee687e04b,data/calculations/calc_7415e77ee687e04b/record.json,3226dad817ba855c614a2f3d532b1c6022cd3fd62f03d14d11921c6d2e1da895,7415e77ee687e04b7ece12e47f75f3771501c360bd4fa36392619aaaf2643a78,dihydrouracil_ribose_conf8_pcm_water.log,valid,87,31,optimized.xyz
calc_17947d0ee3ed9cdc,data/calculations/calc_17947d0ee3ed9cdc/record.json,4bcdf8a520dbaccd0c42291b10041b28c4e1ee6e63c1eb4e00f283ec4f942934,17947d0ee3ed9cdc16fcc1b9c6810e71e6d91a26119f5abb48235aeb4187b8e4,dihydrouracil_ribose_dft_seed_pcm_water.log,valid,87,31,optimized.xyz
calc_a7a48aa5ca50823a,data/calculations/calc_a7a48aa5ca50823a/record.json,4bacbd1392031515a73a077ffedcde0077a1890f391fd9d0c99cc3ff55b56081,a7a48aa5ca50823aa185ed069fb3f88dd00ddc005023e7d3a962267e1a2e75e5,dihydrouracil_ribose_phosphate_conf102_pcm_water.log,valid,102,36,optimized.xyz
calc_d8291f964903a723,data/calculations/calc_d8291f964903a723/record.json,3e260e2e379a70b3397b7cbd355d720d14c098442b3e6e81154dfe4f1a31a12e,d8291f964903a723ad6263dbacd3e5501a3e2aaf5b95eea962eb6d50e30555cd,dihydrouracil_ribose_phosphate_conf1_pcm_water.log,valid,102,36,optimized.xyz
calc_41c59badfb206e78,data/calculations/calc_41c59badfb206e78/record.json,f691cd4cd8f7f24ff9ae57501fea3aab0b30c5a223e77f3378e7b5ebb8b3faa8,41c59badfb206e78101f4c23618bf7a6ee594506acd676eec35657b9c99675d6,dihydrouracil_ribose_phosphate_conf20_pcm_water.log,valid,102,36,optimized.xyz
calc_3aaca4b39fd0c75b,data/calculations/calc_3aaca4b39fd0c75b/record.json,5d84136311838253dcc883b421006a09dff7151cb36bec37a344ed80fcb5efc8,3aaca4b39fd0c75b7611857e5cf006370c5eac2ed08bd359ec93ecfec9a1bbd2,dihydrouracil_ribose_phosphate_conf92_pcm_water.log,valid,102,36,optimized.xyz
calc_bf334ede74e3ec76,data/calculations/calc_bf334ede74e3ec76/record.json,6ccb3c065dbcaf34deb735fb471dd9b671c69b431cf2d69823b02e1e8b5dacd7,bf334ede74e3ec76575409e037c2d52e3634b3fa7b2cea78f22b49953bd130f6,dihydrouracil_ribose_phosphate_dft_seed_pcm_water.log,valid,102,36,optimized.xyz
calc_a091e116d6de97ca,data/calculations/calc_a091e116d6de97ca/record.json,7f8e96f63b66035c7fd352ded68d54767b16da9f930731f02167a4ee7c122cc8,a091e116d6de97ca9d73516d74777b53852f11fec4b6b706f6bcf32df6052846,guanine_pcm_water.log,valid,42,16,optimized.xyz
calc_7973bf39cf426fad,data/calculations/calc_7973bf39cf426fad/record.json,0c3919af10f2b67a76b01b6131174a06bd544a80f0f952fa152aadb0426b9742,7973bf39cf426fadad4c53d35196bfef90c11f67e621dd948294eae791f9e55e,guanine_ribose_conf10_pcm_water.log,valid,93,33,optimized.xyz
calc_7cf045fba1ceadc6,data/calculations/calc_7cf045fba1ceadc6/record.json,d98c4af9d9cf41e9ab0d3707aa296c3eb2fa445197fe012fed7752a01d97bdb5,7cf045fba1ceadc6fb7e57ef3dc05378b0f5410b5a9ff91650fcefe067fade9d,guanine_ribose_conf12_pcm_water.log,valid,93,33,optimized.xyz
calc_1c737c8a2a03ac94,data/calculations/calc_1c737c8a2a03ac94/record.json,344f968210ef78f74ea081bb8a86ab18ea07d78394bc0eda2fac153dfe9ae71e,1c737c8a2a03ac948fc6d1372c00a3b017332995489d4990b939cabd7c5f0655,guanine_ribose_conf1_pcm_water.log,valid,93,33,optimized.xyz
calc_3b73f2dc785d5acf,data/calculations/calc_3b73f2dc785d5acf/record.json,030cd14261381c74eed218e8e1926964370ccaaa9213e44a626caf057aa4f083,3b73f2dc785d5acf97bba9b507da862f6e023df336bf9b58e305e443c569f0cb,guanine_ribose_conf7_pcm_water.log,valid,93,33,optimized.xyz
calc_6893b0227250c583,data/calculations/calc_6893b0227250c583/record.json,6e5141d3fb6c8e15251aae6a1a6e9f66123d7f088bac49a6ddfff11e14810cd7,6893b0227250c5837fe3ffe932c6c4ff15883ec826f5aa4c994575c2b8c47a66,guanine_ribose_dft_seed_pcm_water.log,valid,93,33,optimized.xyz
calc_e3c204086afc6be0,data/calculations/calc_e3c204086afc6be0/record.json,a2af99f5e20804897469a1b8aac23d2e26e898515bcf08736b321884f41e1742,e3c204086afc6be0124455550bd07a20b6eaa8c10241fc22acb8a886e355c022,guanine_ribose_phosphate_conf178_pcm_water.log,valid,108,38,optimized.xyz
calc_3aad2676410e3727,data/calculations/calc_3aad2676410e3727/record.json,edc882602880d052b0bcde6484cc698159993072bb7efd26367028d90c12e7ba,3aad2676410e3727fec593b76a5fd472f98c464bf34bfe9440f0d9202275cd0b,guanine_ribose_phosphate_conf1_pcm_water.log,valid,108,38,optimized.xyz
calc_0766aefcf300dceb,data/calculations/calc_0766aefcf300dceb/record.json,ed5a6aaf7fdbbaf589b8b304549e402a03225b83618a34ddb77eb13d34a140fe,0766aefcf300dcebb89293dee8c234b6f62eeb6db8b8c2440b36488beb776107,guanine_ribose_phosphate_conf58_pcm_water.log,valid,108,38,optimized.xyz
calc_c86a1f2350ca7a79,data/calculations/calc_c86a1f2350ca7a79/record.json,ec714c7855140415fbe60f75afd4c7e3233860901babdd396f011f04c06cb969,c86a1f2350ca7a79822a0d57e08b15a72114b1f13e3cca3dc1873fb787416dce,guanine_ribose_phosphate_conf6_pcm_water.log,valid,108,38,optimized.xyz
calc_5cbeee002649ab4c,data/calculations/calc_5cbeee002649ab4c/record.json,9666c6a694364f1566affecbf0bc7f4e13f87bb9c5a46357256a72cec765fc86,5cbeee002649ab4c59a4ddca241701e4291464b5ce0db63f2e15600298f44750,guanine_ribose_phosphate_conf87_pcm_water.log,valid,108,38,optimized.xyz
calc_6f3fadf98efb8443,data/calculations/calc_6f3fadf98efb8443/record.json,4c3d139c7b3687b290cb0f4337c2ec3a2a622a5925a0ced5299d134e4800c07b,6f3fadf98efb8443bf26b10f1d4687ad26fe988e7cfc58f54019cd53f9078fcf,guanine_ribose_phosphate_conf8_pcm_water.log,valid,108,38,optimized.xyz
calc_bebffc90ac2d06ca,data/calculations/calc_bebffc90ac2d06ca/record.json,5495eca5293cdd84ee4473e50c36cfe7f1ba5154ab508b673d9a1cd2fad63a3a,bebffc90ac2d06ca22bb59bc72138b2cec87839853f8e516e944a13c80c6c4d1,guanine_ribose_phosphate_dft_seed_pcm_water.log,valid,108,38,optimized.xyz
calc_c24a0cb0be829e84,data/calculations/calc_c24a0cb0be829e84/record.json,086a26643b0c4641cebc37fcf8f11a165ea901be4f853ccba8fe31e076e49c6a,c24a0cb0be829e84fa38b5531b785a8aac60f3d244ed337d4f472d12a114a2ad,hypoxanthine_pcm_water.log,valid,36,14,optimized.xyz
calc_4964087490e41f55,data/calculations/calc_4964087490e41f55/record.json,ce8ed890f00d80d4ac0b3359f9b1eba0be5fe1dd407d59d7feab6f1835aeb534,4964087490e41f557ca074b88b6c1000e6abac139237eea7e7528f140aa4337a,hypoxanthine_ribose_conf1_pcm_water.log,valid,87,31,optimized.xyz
calc_aa14d9bca0bb84b5,data/calculations/calc_aa14d9bca0bb84b5/record.json,5f1b1e65d22454f4d7b6f263fda217eb109d136986d8e405c6fe9a22fc777dec,aa14d9bca0bb84b50e43763491323f3cd15ee9546da88be9b6c5c3bedd62273f,hypoxanthine_ribose_conf2_pcm_water.log,valid,87,31,optimized.xyz
calc_70f6acb805d3c805,data/calculations/calc_70f6acb805d3c805/record.json,c37c43318aced831a2de1987e11fc26f18769fcabfb89aa308ffc7e058890633,70f6acb805d3c8054dc157b5c7a24b1945cbf3d6079667290b93eb5467727448,hypoxanthine_ribose_conf5_pcm_water.log,valid,87,31,optimized.xyz
calc_0bb453e036a99e18,data/calculations/calc_0bb453e036a99e18/record.json,caba4af21cfbdd726bc15d022351c79eb5eb9c36de8e4ab3e75c057da6f72889,0bb453e036a99e184c22e0d59e83c8997089cb3627617b1e6c361aa3ee06064d,hypoxanthine_ribose_conf6_pcm_water.log,valid,87,31,optimized.xyz
calc_2c5d03c6c8b02656,data/calculations/calc_2c5d03c6c8b02656/record.json,cd51e700e476c5e30b4ec195d786ff5d4cdd8f9659a28881a70b2236b68351cb,2c5d03c6c8b026562d58d4c2a4f3c9ef8b3356ff88139fb1573a08f71c5666c5,hypoxanthine_ribose_dft_seed_pcm_water.log,valid,87,31,optimized.xyz
calc_67f510584130e945,data/calculations/calc_67f510584130e945/record.json,b743bd0ce4221476c4e5464d8b879cb896d4d0394be4ff57805501b9a88ce1ee,67f510584130e9452d3b527b132d997655d7dbb8288f807af565165adf7b8b20,hypoxanthine_ribose_phosphate_conf11_pcm_water.log,valid,102,36,optimized.xyz
calc_fb123ef5cc4bc102,data/calculations/calc_fb123ef5cc4bc102/record.json,f0f7f954feb40d1989f8dd7ab135f9dc74fcb3e64ae939f1f989c43350e3092f,fb123ef5cc4bc102e816a72ba64db6236afee75f36c34f374a31ce052dfe07a1,hypoxanthine_ribose_phosphate_conf134_pcm_water.log,valid,102,36,optimized.xyz
calc_34f733f79dbbb4ef,data/calculations/calc_34f733f79dbbb4ef/record.json,00fa04f68f810a3fc65366f85506c5e42196b1e71d6ddb256437084dfd9602a7,34f733f79dbbb4ef791229d7d1e0159e35caa114ecf31dec71c7eb323f6fe736,hypoxanthine_ribose_phosphate_conf1_pcm_water.log,valid,102,36,optimized.xyz
calc_f7835dfddd84e750,data/calculations/calc_f7835dfddd84e750/record.json,3fe799af5d69b3bb2a59921566b22f4a89dd0244412b42ca49da297bd3f578e7,f7835dfddd84e750506fe6f99a833e7eec8d4621791cb501e0acb7937c188269,hypoxanthine_ribose_phosphate_conf69_pcm_water.log,valid,102,36,optimized.xyz
calc_10299313568422d2,data/calculations/calc_10299313568422d2/record.json,0b3d25241a6c76422b7b8d45df4ffee590c179e833366c970ae8080862dacbd6,10299313568422d279044acece1027da96a4dffbab48cb823f88ed0eb3d0e4c9,hypoxanthine_ribose_phosphate_conf70_pcm_water.log,valid,102,36,optimized.xyz
calc_706acf64f1683d4e,data/calculations/calc_706acf64f1683d4e/record.json,08ce0e89db2d105a2dd3b0e487a30c1938624888e2bcb1023d1ea5e2cb42024b,706acf64f1683d4e44ebbbb15601a30e2ebbf20ac2fc86709f0ee22e473cd700,hypoxanthine_ribose_phosphate_conf88_pcm_water.log,valid,102,36,optimized.xyz
calc_c857c5a0105ea852,data/calculations/calc_c857c5a0105ea852/record.json,44713ac8cdf3b47ea0514962df2810aca0410a536a588d4c3de0dbbdacb23f0b,c857c5a0105ea852b82234aaa0aa9edc23e0c74f3a641ef305299fc946c18bd3,hypoxanthine_ribose_phosphate_dft_seed_pcm_water.log,valid,102,36,optimized.xyz
calc_86aab83ecc0914ce,data/calculations/calc_86aab83ecc0914ce/record.json,e67c26f98b52a422ca7ca8cf556073966ac08d510587f107d306b2950784889f,86aab83ecc0914ceb327ad107725f91ab2526bd5e0343022790d4a5d87e81114,imidazole_pcm_water.log,valid,21,9,optimized.xyz
calc_6323fbb0eead07d5,data/calculations/calc_6323fbb0eead07d5/record.json,84439e167ab43fcc6dbd5aa66c8cc208dcc2206874fcbae6bb47ad34def0b4ca,6323fbb0eead07d5c8189824cfc82d06ed06cba238a919a26f17a1ef0c9ead64,imidazole_2_carboxylic_acid_conf2_pcm_water.log,valid,30,12,optimized.xyz
calc_67ddb66290e3abfb,data/calculations/calc_67ddb66290e3abfb/record.json,2551f1865de700d2a719bf095d7bb007c78123e56a8ea08225079a46aa516f82,67ddb66290e3abfb40df6aff204ab1a9f088f4dc436535c7018512bb10368a0d,imidazole_2_carboxylic_acid_dft_seed_pcm_water.log,valid,30,12,optimized.xyz
calc_59a42f27feac7e7c,data/calculations/calc_59a42f27feac7e7c/record.json,89f09e99b187409c99efe1dc6e866e1b91fd6e717c65e4c9347103f3f5012f5e,59a42f27feac7e7cb7371a0ea6f905f6401b9f73c6666199fe2e241458e3784f,imidazole_2_carboxylic_acid_ribose_conf1_pcm_water.log,valid,81,29,optimized.xyz
calc_ddbd7d6cd7bcbc4c,data/calculations/calc_ddbd7d6cd7bcbc4c/record.json,96d9893fdcd96aebecceec7380fc8cee24c0c7e3353a988926afebc804fae503,ddbd7d6cd7bcbc4cdc92ef6574ab630d8dfdea1c362baac1b0689ce126724d74,imidazole_2_carboxylic_acid_ribose_conf2_pcm_water.log,valid,81,29,optimized.xyz
calc_a086cbecc4a79b9a,data/calculations/calc_a086cbecc4a79b9a/record.json,d286d18e7ed1dd6eb741a9283db14a965511443ade978b44884c3dd1827ff3f6,a086cbecc4a79b9af5f121b8670695b7ff51c46ff3b153e284bff0d17eba7831,imidazole_2_carboxylic_acid_ribose_conf5_pcm_water.log,valid,81,29,optimized.xyz
calc_cfc9a2caa663a672,data/calculations/calc_cfc9a2caa663a672/record.json,c32ae0bc237f4a969f5819354ad44fc15d9263ba3a053c1518f10c1f35f6fd64,cfc9a2caa663a6723a357262981e8fbd9eb0661ba028e64486e7d2e09bba929e,imidazole_2_carboxylic_acid_ribose_conf6_pcm_water.log,valid,81,29,optimized.xyz
calc_655ec0f917222576,data/calculations/calc_655ec0f917222576/record.json,41f5743fe044abb1f963764d021841f04f827cff74e21a427b8cc3da0264ecaa,655ec0f917222576169b7a2b2322fcca12bf6348f7eecc56d1ea490ae6eea48a,imidazole_2_carboxylic_acid_ribose_conf7_pcm_water.log,valid,81,29,optimized.xyz
calc_53d55d25faa7cb2a,data/calculations/calc_53d55d25faa7cb2a/record.json,2df34d49f7b0394bd9aa57318cfa7e04b50d2b5c8da98da4e5580de1bcf74463,53d55d25faa7cb2aa19c283df689afefbd241490f7b5fe9e91bc8d875cdf7956,imidazole_2_carboxylic_acid_ribose_dft_seed_pcm_water.log,valid,81,29,optimized.xyz
calc_5d2fa492b1a489f7,data/calculations/calc_5d2fa492b1a489f7/record.json,bb849de82eb3fb1bddf7d348c5e16abfabb358b0e9f18733209edf6fa303f13b,5d2fa492b1a489f7f13663cda759c666e9afb51f8859278f1dcad5d72958ec7a,imidazole_2_carboxylic_acid_ribose_phosphate_conf1_pcm_water.log,valid,96,34,optimized.xyz
calc_d202d21dfb39f66b,data/calculations/calc_d202d21dfb39f66b/record.json,6278c821d2890c80a09ea890ab0a4156f6bf7a4062a73ade72c77f50a99109bd,d202d21dfb39f66b0c7ed1d1b9c064d8f1e39eaf67ab92aadd879965f4d9280f,imidazole_2_carboxylic_acid_ribose_phosphate_conf21_pcm_water.log,valid,96,34,optimized.xyz
calc_c921217b0ad50215,data/calculations/calc_c921217b0ad50215/record.json,c419366adaf7688518cdacb090009fd0aded4e200c66f07d630335f53285b74f,c921217b0ad502152212245657562c2a16cce5de8bbf29a2dd2944d2c59551cd,imidazole_2_carboxylic_acid_ribose_phosphate_conf26_pcm_water.log,valid,96,34,optimized.xyz
calc_efcba939421d0874,data/calculations/calc_efcba939421d0874/record.json,6df5e5c5670002797a857b04caaa8e9ac4b2bf9b1e502ad2f6c9c8fdd0672d2b,efcba939421d0874d26450d5041393471317344aa6cf3c96e3f0cdec212f703b,imidazole_2_carboxylic_acid_ribose_phosphate_conf2_pcm_water.log,valid,96,34,optimized.xyz
calc_a2a94330789aa392,data/calculations/calc_a2a94330789aa392/record.json,5124f9420529cdc7980f1a043c87c08a6b05533a2ab594783283bf6c0c6adb16,a2a94330789aa392228fe2c4bba3da9ba60637c9a08ac60cebd8c1486acdcdf5,imidazole_2_carboxylic_acid_ribose_phosphate_conf5_pcm_water.log,valid,96,34,optimized.xyz
calc_c379ce33a86930c1,data/calculations/calc_c379ce33a86930c1/record.json,98dbd0a219e6cb99d2d97f43a878c59814dd4f21eff6d58fd16b44a4709ee421,c379ce33a86930c1a7d6f609bc66af113da8f45aa3e6c6aed0981451dfdc10e6,imidazole_2_carboxylic_acid_ribose_phosphate_conf9_pcm_water.log,valid,96,34,optimized.xyz
calc_2912cb24b0f8f665,data/calculations/calc_2912cb24b0f8f665/record.json,3f33ba8fb7ed46efedffcf06bd6d91fa28956af29e3efabdb1e731cd0c6af431,2912cb24b0f8f6654e1837edbba1c1851d0fa0eea9fd9d9bb2de5ed640a14605,imidazole_2_carboxylic_acid_ribose_phosphate_dft_seed_pcm_water.log,valid,96,34,optimized.xyz
calc_895de7d89606a543,data/calculations/calc_895de7d89606a543/record.json,22d33593ad405ae5c409a32867f16c17b7f5ab274d0750cbf19fb837e1ba665e,895de7d89606a54322c0e633600dcf79e2a6b34543fdf1858ab228b39612b9c8,imidazole_ribose_conf1_pcm_water.log,valid,72,26,optimized.xyz
calc_d576f5e9e4317b8f,data/calculations/calc_d576f5e9e4317b8f/record.json,78010d595bdd0342db84601de95bf726c72477d1346ded3fc7b85e9a560d51e5,d576f5e9e4317b8f2108461a31595f9b1448f5e7f0d43be1c7a51c2939959a58,imidazole_ribose_conf2_pcm_water.log,valid,72,26,optimized.xyz
calc_1b8957e20a266a8b,data/calculations/calc_1b8957e20a266a8b/record.json,0c2cbcbf6a2f517f09937c6b13cfc22ffc6610c32adbfdabe3aaf9b8b00e4449,1b8957e20a266a8b7d2742a1f6562d60c1c5a035dc1d7e1e72ef378f4017193b,imidazole_ribose_conf6_pcm_water.log,valid,72,26,optimized.xyz
calc_67c0ccd51ab4dd66,data/calculations/calc_67c0ccd51ab4dd66/record.json,9b4065e2b50a222de2f499060c777ab48d59332c0f866a5abed3c652030b4d26,67c0ccd51ab4dd662f4aef25973324d1b47f35cf5b9fe1da37ac446511e27ca4,imidazole_ribose_conf8_pcm_water.log,valid,72,26,optimized.xyz
calc_dcab6e91447c1705,data/calculations/calc_dcab6e91447c1705/record.json,17be26d8e518ef73cb780f2944411b1899f4eb6083bd7a06317c5a518e8d6a67,dcab6e91447c170539f25dc2fb7e89b1471d97a1bd39bd31122ce50524171046,imidazole_ribose_conf9_pcm_water.log,valid,72,26,optimized.xyz
calc_68dce74d32dbd762,data/calculations/calc_68dce74d32dbd762/record.json,531310045cd745b53ca7b9d8ad914e39e58b62394343fa926dc99460a6c9c7b7,68dce74d32dbd76261ef81a194a02ad96576fdefa627a222b1d35cd430fd3f14,imidazole_ribose_dft_seed_pcm_water.log,valid,72,26,optimized.xyz
calc_0fc80346cb0cfb89,data/calculations/calc_0fc80346cb0cfb89/record.json,ed1d6349f83d904c749a54d6d6b045f38f3b8b1f9373726953d57e68ef8961e4,0fc80346cb0cfb8958a1ed73b2ef392e756ccd747b063cf9fd7b06410aa0c846,imidazole_ribose_phosphate_conf11_pcm_water.log,valid,87,31,optimized.xyz
calc_2037d7c3b7321ddf,data/calculations/calc_2037d7c3b7321ddf/record.json,3329952179ae1fc946424556de0ad49a617032d7abdb2cb131fe210e4daa8bb2,2037d7c3b7321ddfa94edb33abbfe39e44b4745982dcd413008526f47cfad797,imidazole_ribose_phosphate_conf1_pcm_water.log,valid,87,31,optimized.xyz
calc_c161a7e788757379,data/calculations/calc_c161a7e788757379/record.json,9c01e6c89bc0bb1fe0e65d515e7977caa98f63d4ee0bf01a180119124d09591f,c161a7e788757379f28d4a4a02e7e4ce785b397b40d369d323e025bf19002fcf,imidazole_ribose_phosphate_conf2_pcm_water.log,valid,87,31,optimized.xyz
calc_dd0fff99c37c8199,data/calculations/calc_dd0fff99c37c8199/record.json,2f90d328d42fe80c7142bc6f4433c879ebec0d1ebade0030dd1f5edb4152bbf6,dd0fff99c37c8199b373df61ece056658741b2c016ba9abf924f63fed26fdd32,imidazole_ribose_phosphate_conf67_pcm_water.log,valid,87,31,optimized.xyz
calc_8fa808175767f388,data/calculations/calc_8fa808175767f388/record.json,975260367eb690ccdf25811058a22def7613e9b4b9521784fd0397c23ab8af46,8fa808175767f38801d184961359b25c7ea8510023fdad2dd941353c2674ba31,imidazole_ribose_phosphate_conf69_pcm_water.log,valid,87,31,optimized.xyz
calc_ff7a6be11ae8f1a9,data/calculations/calc_ff7a6be11ae8f1a9/record.json,0779522107485c883e3faabc9eb088327fe19d490e81dd3788ee9c5930cd987c,ff7a6be11ae8f1a9e75debe5b20546ff9dc4c7571d2fbee6f2c0d7eae968d12b,imidazole_ribose_phosphate_conf6_pcm_water.log,valid,87,31,optimized.xyz
calc_217379cfb9bb4243,data/calculations/calc_217379cfb9bb4243/record.json,624e8e463941e692480eaae54f3b5a31b6cf11971b876e5c933799135935471e,217379cfb9bb4243a27132a4505fc08d234b3bea6a0e87ea002e27441294b70f,imidazole_ribose_phosphate_dft_seed_pcm_water.log,valid,87,31,optimized.xyz
calc_632812ab1f35c957,data/calculations/calc_632812ab1f35c957/record.json,3ee6755f195f408f6c48b0afa3ed49ed12292e64e083d0bc4d376cac4ddbeb32,632812ab1f35c957b73877265b7e7d299b70f3412c4e5feeabaa0896e2020ece,isocytosine_pcm_water.log,valid,33,13,optimized.xyz
calc_26db644a050cbc88,data/calculations/calc_26db644a050cbc88/record.json,5708892416af7ce64682689dc9ceddb743cb8b023b7aca70d42a5fa829e3369d,26db644a050cbc88128d8c4ea64b4a26c0ec8a5086076dcb4b307dd9f35c4c64,isocytosine_ribose_conf10_pcm_water.log,valid,84,30,optimized.xyz
calc_b3206e392651470f,data/calculations/calc_b3206e392651470f/record.json,8d6e2344328cfb535f38867c0485306b569924292f4af6985679fad46734b282,b3206e392651470fffef0cf27fe0e9c5bc5883c5cf2d9f9fd1b183ea57013d37,isocytosine_ribose_conf13_pcm_water.log,valid,84,30,optimized.xyz
calc_b968676ef9b47ab6,data/calculations/calc_b968676ef9b47ab6/record.json,0c820cd3ad72bbef777f2238ed944367dab530d09d5d9ee6e65c69657a78fce5,b968676ef9b47ab617cdbed7b21e79cece367ee13fe5338a6079711f2a5bbcb6,isocytosine_ribose_conf16_pcm_water.log,valid,84,30,optimized.xyz
calc_39dd26d104c70154,data/calculations/calc_39dd26d104c70154/record.json,e6a38256450ce018428060278cadbfa789a49a5b1e612a08b0c7e5065e2c0a01,39dd26d104c70154d714f722e2a6f4ad7a0d9309e8779af4ba231106378015f2,isocytosine_ribose_conf1_pcm_water.log,valid,84,30,optimized.xyz
calc_854cd91e3e0b7b7d,data/calculations/calc_854cd91e3e0b7b7d/record.json,f14cc4db30e34eaf6ef45ad485096994fddff04c3b22d7e4d002529f503bf785,854cd91e3e0b7b7d1a770abc182db8748c434ff4b6f67492c2c64dd20963e242,isocytosine_ribose_conf20_pcm_water.log,valid,84,30,optimized.xyz
calc_ba6fa49138980b02,data/calculations/calc_ba6fa49138980b02/record.json,e71c25184ceb6cd963ab5c0969944e0cb7f5da7901b61f4b7a9d6c958dbc1df8,ba6fa49138980b02092577bf45bc752b1ff431ab13fbc2c3ff5aeefc45bb3f3e,isocytosine_ribose_dft_seed_pcm_water.log,valid,84,30,optimized.xyz
calc_b3045d11afbaa902,data/calculations/calc_b3045d11afbaa902/record.json,5325db6a636be85d4efee26019eecd6595a4864d220751108d525770122a821b,b3045d11afbaa9027bf8420f1606c959c29d378bbd9c0dfe6c448e3391cd5e60,isocytosine_ribose_phosphate_conf1_pcm_water.log,valid,99,35,optimized.xyz
calc_663fec4b0d648b83,data/calculations/calc_663fec4b0d648b83/record.json,202a93c57b0dc1cfd41b7b3d3ce42da2694676eea2d7f1501e2c6b213cb88704,663fec4b0d648b836aa666b977e2779a0b6171a00d4b1431db3eb8af16fc7208,isocytosine_ribose_phosphate_conf20_pcm_water.log,valid,99,35,optimized.xyz
calc_e1b3694e453efd6d,data/calculations/calc_e1b3694e453efd6d/record.json,4e1322693561f0f7511eaf2294a5d23ab7af6dc91661b9632c7e3d15f813a9ab,e1b3694e453efd6dfab3847bebe91a499cacd160fabc406caea5335f11dd6396,isocytosine_ribose_phosphate_conf26_pcm_water.log,valid,99,35,optimized.xyz
calc_78fe08a98c3fcc8b,data/calculations/calc_78fe08a98c3fcc8b/record.json,99acb376d8597396fd1e3b1f9642c36f4dc174eb48e8087fc96f43d808614016,78fe08a98c3fcc8ba1e576c22a614eb0d2fc1d24416fca3e6d8a8378349a0b5c,isocytosine_ribose_phosphate_conf33_pcm_water.log,valid,99,35,optimized.xyz
calc_63f8b75b8679c7a5,data/calculations/calc_63f8b75b8679c7a5/record.json,3f1c178ae9a113e9bcba0069cc219319d16095ebc9e5d83c4789981035b6b4ba,63f8b75b8679c7a5584dcdba406eee6cc5371efea137bd6399f0fa477e14b103,isocytosine_ribose_phosphate_conf46_pcm_water.log,valid,99,35,optimized.xyz
calc_b5998c8a957d090b,data/calculations/calc_b5998c8a957d090b/record.json,d7adfa6c8450598e48fd7ea88546c91cfb826b9741e9f9af93be48eeb6c79faa,b5998c8a957d090b51cb6ac860f19e4c0720bac42056a7bfb74807dd1a8fc035,isocytosine_ribose_phosphate_conf4_pcm_water.log,valid,99,35,optimized.xyz
calc_85d48d473e5d49cf,data/calculations/calc_85d48d473e5d49cf/record.json,bda0d2798402205992db81d0336780d0d69fc35db596a91c3610d52952544b3e,85d48d473e5d49cf915569fe513435d751c3ff3046e79c74a977f3269ca57a53,isocytosine_ribose_phosphate_dft_seed_pcm_water.log,valid,99,35,optimized.xyz
calc_33fca431883e2cd5,data/calculations/calc_33fca431883e2cd5/record.json,152719124037dcda168d72c4ee52098fe51a7310cde563dbbc9e21d626fe1889,33fca431883e2cd51d44f2fff85e8856507ddb719cf36b0deec8bc5136220703,melamine_pcm_water.log,valid,39,15,optimized.xyz
calc_c3e30f1dec61c4dd,data/calculations/calc_c3e30f1dec61c4dd/record.json,d929b716621df504f622940eafe1aee354eec1a61f1906152e6c078bc5ec6b03,c3e30f1dec61c4dd837db95675ba302693d9e2a1be04a5704836b84b34968b99,melamine_ribose_conf1_pcm_water.log,valid,90,32,optimized.xyz
calc_6860d94188298203,data/calculations/calc_6860d94188298203/record.json,267f02fb311ddef52408028b81be7d3e71758a4fafc5bf448b2c5f4f6e1135b8,6860d9418829820398e734e8cb6c27374e2bd2132339c088305b2d7a448e2324,melamine_ribose_conf2_pcm_water.log,valid,90,32,optimized.xyz
calc_1bbcfea89d162128,data/calculations/calc_1bbcfea89d162128/record.json,cc7041bb60a82adbee58190fb6227e3d4838faf6729738d67748665b144ccaea,1bbcfea89d1621284ab5b16a9a7c8bdc88187d7d40d8e797374cd05d39ab3369,melamine_ribose_conf5_pcm_water.log,valid,90,32,optimized.xyz
calc_b818eb6e36db503a,data/calculations/calc_b818eb6e36db503a/record.json,49416e688adec7ac68cd257edbd1794749dcf40d3c593f33de4552aa040792fa,b818eb6e36db503ad570d33354e91f4d735be4772ddbee6ee53ee919807ebd96,melamine_ribose_conf7_pcm_water.log,valid,90,32,optimized.xyz
calc_47c87a5e95e3b02e,data/calculations/calc_47c87a5e95e3b02e/record.json,6c374c44028a4aba165bb0cd82440f89ae39740492cb142ade59f703db984f86,47c87a5e95e3b02eb4d8e4fdb7b6266ce790c5f95ba58399fb7b808e62186aae,melamine_ribose_conf8_pcm_water.log,valid,90,32,optimized.xyz
calc_4a029c633b392b69,data/calculations/calc_4a029c633b392b69/record.json,9c9fd2566615552fb54cd6bd9699192865d8edcecfca48e9482a6896455b4580,4a029c633b392b695e93cdaf191cd77ab3ed826e1a906383aaaa80bb2d58a7d0,melamine_ribose_dft_seed_pcm_water.log,valid,90,32,optimized.xyz
calc_26b88aaeca25a46b,data/calculations/calc_26b88aaeca25a46b/record.json,665c1c35879ad34f55d423f81cb679ef0ff90aa044567e497f081a54fc2b40bf,26b88aaeca25a46b86d1e2defd86cd36d96d9a052f93654f458ef62b904e0ce5,melamine_ribose_phosphate_conf13_pcm_water.log,valid,105,37,optimized.xyz
calc_26a7190cf8b2597f,data/calculations/calc_26a7190cf8b2597f/record.json,67d6a4b074c0b13561acb8edfb854203f3c1a7d8f2ea4f6e68eb6e38a78f0235,26a7190cf8b2597f84888dd39b752a711eacc6fa6fd23a42994e57d8e50241de,melamine_ribose_phosphate_conf17_pcm_water.log,valid,105,37,optimized.xyz
calc_ebc0e00dd9859568,data/calculations/calc_ebc0e00dd9859568/record.json,efa89ed6c0074096a41ba673646ff92f010366e81854eec3d369049f90b33ff3,ebc0e00dd98595688f778b0ae7977de5330ddb5553b89b0637bbc6c0314182fd,melamine_ribose_phosphate_conf1_pcm_water.log,valid,105,37,optimized.xyz
calc_8b99c043436f854f,data/calculations/calc_8b99c043436f854f/record.json,73a62287a26855dad52359952bb169bd9671d083d3a4518d8518a6fa5efc17af,8b99c043436f854f3b3a46beb817c077379a4eb9be8c813fb2c436cb5f9a1ec5,melamine_ribose_phosphate_conf6_pcm_water.log,valid,105,37,optimized.xyz
calc_461032b033f7667d,data/calculations/calc_461032b033f7667d/record.json,760617bafb79c437915125a49f1673fe6fe635c2686330ff35ea67c195b3a7ae,461032b033f7667d8064b8e06ff90820dd867d65ea3ea251dcfb45b2e05508c4,melamine_ribose_phosphate_conf79_pcm_water.log,valid,105,37,optimized.xyz
calc_e1660d18e2498937,data/calculations/calc_e1660d18e2498937/record.json,d2dfdb5e85d725dbc4d845c947ef8d9cfb13c1942dd23bcb929896f858fb9265,e1660d18e249893724a3a0f6c74f66c4240702cd9d46136527f2b401978b9871,melamine_ribose_phosphate_conf84_pcm_water.log,valid,105,37,optimized.xyz
calc_1919781751783109,data/calculations/calc_1919781751783109/record.json,d1cada6e0aab359b2ae5f78f1ebf7b6f025b5f8055f1848101360c161c0cecda,1919781751783109ccd72affbc734022d967f0afac0b04b2a8769bad5fdd70bd,melamine_ribose_phosphate_dft_seed_pcm_water.log,valid,105,37,optimized.xyz
calc_70d17d7b51860fde,data/calculations/calc_70d17d7b51860fde/record.json,753502b9c35bf33e1b212a1ef0fb62d885d6993aefebdacaba6bef88bf46721f,70d17d7b51860fde32d8b3d05caacf0cbe9cab6a90ab7136c220c038b7a0d8d7,phosphate_pcm_water.log,valid,18,8,optimized.xyz
calc_5d6f1ccd891cafde,data/calculations/calc_5d6f1ccd891cafde/record.json,ab5a704756c09726fa1f25f10f9481d6913672aec8959e174229ae5ecb44ff85,5d6f1ccd891cafdeaa52a9432f40f82af3976841d557322e6fe1ab12d7aa526d,purine_pcm_water.log,valid,33,13,optimized.xyz
calc_1d541afe25ca995a,data/calculations/calc_1d541afe25ca995a/record.json,190fa8b69170ad570e5640ea5c8b2acd0bc8968eb828c1714f0d597869f98fa9,1d541afe25ca995aba65137df47fd7e977193d21cb15269d57c919cc0c2add61,purine_ribose_conf1_pcm_water.log,valid,84,30,optimized.xyz
calc_7962b097f9b3988b,data/calculations/calc_7962b097f9b3988b/record.json,40680da155dd9da8bedc49eb99c341a59b5053abfc4e68a09f5ca47e03d597be,7962b097f9b3988bdf8df815492f00c241c539f29af2c9f694747f9c533467a2,purine_ribose_conf6_pcm_water.log,valid,84,30,optimized.xyz
calc_d9a27c6976a1803d,data/calculations/calc_d9a27c6976a1803d/record.json,b503f9ae3fcd7b3a545fb1576661764f713e54a186de8de0fd2ad70f1a1961f8,d9a27c6976a1803d857bd3b382a0b319ac251ca007a1351f6ad4854a1e562622,purine_ribose_conf7_pcm_water.log,valid,84,30,optimized.xyz
calc_89719a80c1568a7a,data/calculations/calc_89719a80c1568a7a/record.json,438b08289f2cf0b9ae2ad0a4825240b238548b37a7c52b3f0bc0bd9c845c897c,89719a80c1568a7aa464f8394c7e269ef03e21b7a3c5a3b70447000346073d67,purine_ribose_conf9_pcm_water.log,valid,84,30,optimized.xyz
calc_d04b043c5f09aae5,data/calculations/calc_d04b043c5f09aae5/record.json,c07c33fd5dbdbf038f4c8a3cdda2fcb4f9feb73642284bc6c4c4bb79dfb35f50,d04b043c5f09aae5c6749e87aa66436f311aecf563ceb557882378c39b2dd245,purine_ribose_dft_seed_pcm_water.log,valid,84,30,optimized.xyz
calc_d27725ceb33b570d,data/calculations/calc_d27725ceb33b570d/record.json,2a7e04670067e622d80bbac6fb0466897040f8576968e5fd3de41e3c8a2f655a,d27725ceb33b570d206918868029652f05ca76244d0b0341db4e57cf5cfaf87b,purine_ribose_phosphate_conf127_pcm_water.log,valid,99,35,optimized.xyz
calc_dcf3827d6f561cb5,data/calculations/calc_dcf3827d6f561cb5/record.json,74be6ef81c0e2beb7191ec95cc2ae0792a0c64f408e48819729fac1870c53dd8,dcf3827d6f561cb56184181d1378aaeac7345fa79dd5e958b12b99b4c3525a05,purine_ribose_phosphate_conf137_pcm_water.log,valid,99,35,optimized.xyz
calc_7c714d94b6d3f498,data/calculations/calc_7c714d94b6d3f498/record.json,9d272df573ac4ec864fdcab4e20a2c9fb06fba2f7e378ea6eb08da19a3ec436f,7c714d94b6d3f49866edbd3fd5824c1c3c7667a7cf316ab1afe28d16a37ebf6d,purine_ribose_phosphate_conf1_pcm_water.log,valid,99,35,optimized.xyz
calc_2c948d08febcbd06,data/calculations/calc_2c948d08febcbd06/record.json,1c6bc75fab9ed50cef18451800990a4227ba812210f4a8941a3e8d3438f6e239,2c948d08febcbd063ecd136c5a596185163f40143536d45ee07d9e8e537bc17a,purine_ribose_phosphate_conf2_pcm_water.log,valid,99,35,optimized.xyz
calc_b413c7581f9964a2,data/calculations/calc_b413c7581f9964a2/record.json,a61f0f60b31e795686467f9e61c2059d48d1f56ce21596d046cb97e25f4f5f00,b413c7581f9964a2fee5b509fbe162e6a9699b027084c3c1e973abd455d398f1,purine_ribose_phosphate_conf48_pcm_water.log,valid,99,35,optimized.xyz
calc_5025a3e61a678561,data/calculations/calc_5025a3e61a678561/record.json,8d7cbd93149ab62e5075e3d047495442a61d20f6a72b37c183722c7e8965ea5e,5025a3e61a678561d84de4217f4da0c52002579031f0b3d7c6309d0c72b26f5d,purine_ribose_phosphate_conf53_pcm_water.log,valid,99,35,optimized.xyz
calc_03feb996290e8c03,data/calculations/calc_03feb996290e8c03/record.json,f6c7545d2f27d6d0d4289762e850d7a116e2f5a9d028dea876a1b00786e2472e,03feb996290e8c038f312c6c8d09feccfc1dc622a9c5859fd5b0f07206ff00ca,purine_ribose_phosphate_dft_seed_pcm_water.log,valid,99,35,optimized.xyz
calc_112bc66d606d6fdc,data/calculations/calc_112bc66d606d6fdc/record.json,bd605b0fbea70f20bf1a22993494c7c8927de9cacfc32d27d19039be0cb18adb,112bc66d606d6fdc8828e4400350a274079064fd83e34d451874d9bfe5fbbd1b,ribo_phosphate_conf122_pcm_water.log,valid,69,25,optimized.xyz
calc_10fd3b6140716fb9,data/calculations/calc_10fd3b6140716fb9/record.json,4a92a9c5ffc666b6ffa4417c5bb111f2dc42da6f927039c133513746db834707,10fd3b6140716fb9b530c678eec9696498c1d7868d6fbd8d94c7b79cbad1c3a1,ribo_phosphate_conf1_pcm_water.log,valid,69,25,optimized.xyz
calc_0602b719393bdd60,data/calculations/calc_0602b719393bdd60/record.json,77de36bde674ceac83c0a9c776578a3f65228bf1abb19d38704bcab90ca5b812,0602b719393bdd60ed1976eb8a1cc8f6e1c4d95f262b882df3270db82f8b27fa,ribo_phosphate_conf26_pcm_water.log,valid,69,25,optimized.xyz
calc_f12b99e1e8f82abf,data/calculations/calc_f12b99e1e8f82abf/record.json,2f1fa1f13e24bd873eb7725885dd7a49558882f5f28ea900e1bafe4c841af63a,f12b99e1e8f82abf79516a4b55ca8716402e1f1d382bef6380e6f2d66b4320d8,ribo_phosphate_conf42_pcm_water.log,valid,69,25,optimized.xyz
calc_b6fd2723cc6199ee,data/calculations/calc_b6fd2723cc6199ee/record.json,6ee1be2cfae9f0d6bba1e10fb432acf8c197fbd34431eecdb5de352e27658fc4,b6fd2723cc6199eebf641798a1557aa3bed5f86f56c4ec5a1d11e2cb3235bb78,ribo_phosphate_conf4_pcm_water.log,valid,69,25,optimized.xyz
calc_18ca89a079eafa81,data/calculations/calc_18ca89a079eafa81/record.json,8d6d0ddefadf1e3e60de97279886af7af6836f50ee724f97635fab7e7c97423d,18ca89a079eafa81755e708543522400b47ce40cf87418e4f1c78ea45b11df5f,ribo_phosphate_dft_seed_pcm_water.log,valid,69,25,optimized.xyz
calc_d66df7833533c9a4,data/calculations/calc_d66df7833533c9a4/record.json,d43721b9a51ca2d46f796a5f3a036ab59d1e335a9d1ab1d387f6a952d35e38d9,d66df7833533c9a4af0ecbe6f4287f44b34545abb3fc527c97d668835a4c2aac,ribose_conf14_pcm_water.log,valid,54,20,optimized.xyz
calc_609245ac8ac7d69b,data/calculations/calc_609245ac8ac7d69b/record.json,87a3ba7b3ede1ed293cc3d792dd331d57fe83af773c66762cacd87b7d6661c84,609245ac8ac7d69b6bd417d5bf1e750f4b1219df65e8ed137df27617279bfbbf,ribose_conf1_pcm_water.log,valid,54,20,optimized.xyz
calc_d2fbb85799b12c43,data/calculations/calc_d2fbb85799b12c43/record.json,3259bd33ba26ff4a6f142458d88130e09a266eb66c78e49c08eddd00da62490f,d2fbb85799b12c4378dc7079d04caa5143318ee7eeb4fa971388d05ef2e1f82c,ribose_conf24_pcm_water.log,valid,54,20,optimized.xyz
calc_3e42afc65c2111c2,data/calculations/calc_3e42afc65c2111c2/record.json,1f307b70c2ac31eb53f72e2ca235f9ea70f2219ac9ffda52cf996b64fe5783f5,3e42afc65c2111c2ff3686bccdac6f4a3e6b1fd019ccf3a146225aef4cc083d5,ribose_conf4_pcm_water.log,valid,54,20,optimized.xyz
calc_d8ba52cf8b29a4aa,data/calculations/calc_d8ba52cf8b29a4aa/record.json,25889232a83ed961dcdcaf4712af66e7db99a7d392bc93f498b7a4af4996493f,d8ba52cf8b29a4aabb2dfb1f3410ec7355132a070104f70f748aeb362f9f0379,ribose_dft_seed_pcm_water.log,valid,54,20,optimized.xyz
calc_4e2e0861eea37088,data/calculations/calc_4e2e0861eea37088/record.json,eb7982eef234d9563af36f024a68f156204f379416de6e26ccad664f99a96075,4e2e0861eea37088771bf9c0a1fecbee12b7d13ba6e36e52732a8a4f95ec94a7,tap_C5link_pcm_water.log,valid,42,16,optimized.xyz
calc_ccffa35bdaa00ec6,data/calculations/calc_ccffa35bdaa00ec6/record.json,989f19776e750cb4d470b742fd742e4ac05dde44ca5b91bf979e30d59b45a65a,ccffa35bdaa00ec62ef9931aa395cf7ca62d12862ea38ce3dfe132cf85ca4f0b,tap_C5link_ribose_conf1_pcm_water.log,valid,93,33,optimized.xyz
calc_d6ceab1c6e68e8f9,data/calculations/calc_d6ceab1c6e68e8f9/record.json,5c26e7ed8ac9664b21bac979b9d002cb9927cb4d17ffd1f60f136f83f05aab1e,d6ceab1c6e68e8f9f9b057e9c51e1d01bd86ecd53d7935a2cacbc83574bb049b,tap_C5link_ribose_conf3_pcm_water.log,valid,93,33,optimized.xyz
calc_ee1ba97b82c10afe,data/calculations/calc_ee1ba97b82c10afe/record.json,3e9f160affc53d72f1196bc97dbd0383f1dd3c6c8fa9d0df8d7c4339525c422e,ee1ba97b82c10afe849d78231af5cd5b0198b62da9129bb1cfa3d631ba8aedff,tap_C5link_ribose_conf7_pcm_water.log,valid,93,33,optimized.xyz
calc_60130b56d282be66,data/calculations/calc_60130b56d282be66/record.json,fcb0273c963e36ec0a115d76ffd0748aed9907ef53c8e0a498c5dfea3a3d5e6b,60130b56d282be66a984c2e68b6ae6b3eed877e2a45cc923821aa52886d6bbce,tap_C5link_ribose_conf8_pcm_water.log,valid,93,33,optimized.xyz
calc_b8428c2471f83adf,data/calculations/calc_b8428c2471f83adf/record.json,468ee8f9b927592bba7dedc80abea0ccd66c8a1d65f2fc09d6f01b07b68a6490,b8428c2471f83adfca6e4f8a3daccda8017a9d894ff9baf9fda79f5508245bef,tap_C5link_ribose_dft_seed_pcm_water.log,valid,93,33,optimized.xyz
calc_c6fedfe26c870168,data/calculations/calc_c6fedfe26c870168/record.json,fe44f04fdf8cad12fb8277b11d1bfdf5fe98635c10defe76ba0cf2c05a81a751,c6fedfe26c87016832873d9f8143659d3401c3f0a164d355d35c1830ec9bd8bc,tap_C5link_ribose_phosphate_conf19_pcm_water.log,valid,108,38,optimized.xyz
calc_b2b0d02a6d2c305f,data/calculations/calc_b2b0d02a6d2c305f/record.json,cbd40b404bc1ab8af92816459901f367475f0d64518b10566eaee9e8c8a280ae,b2b0d02a6d2c305f7217bcf2fff0e2e40af923b1a8beb9906f1e5278c1a34b43,tap_C5link_ribose_phosphate_conf1_pcm_water.log,valid,108,38,optimized.xyz
calc_cdf1dbc4f48a67af,data/calculations/calc_cdf1dbc4f48a67af/record.json,92956b17eaef346d989f800d3132e931581e1438233756ed0bf9c4184de0f49a,cdf1dbc4f48a67af3ee793916f9c3ddd474d7b80d4f11b790bc85c4da97e40d6,tap_C5link_ribose_phosphate_conf22_pcm_water.log,valid,108,38,optimized.xyz
calc_c961edaf6d598eb2,data/calculations/calc_c961edaf6d598eb2/record.json,ffe8075a14a5b3706b7647d2625dde50b473ab27b101e49a569f4ea3675cd5d9,c961edaf6d598eb2210c718a60c79a85a53d5a08d07f81cb7a1a21343ac777ab,tap_C5link_ribose_phosphate_conf28_pcm_water.log,valid,108,38,optimized.xyz
calc_5001a71b0242aa1f,data/calculations/calc_5001a71b0242aa1f/record.json,d15b3786faf8fc53ec676fb7b7dae5587e34e58bd3153408a42a8ec7263160a6,5001a71b0242aa1f855c72f843aa1be84544805fb25aae13d620cd308b00e9a8,tap_C5link_ribose_phosphate_conf3_pcm_water.log,valid,108,38,optimized.xyz
calc_d234dcfadbe77038,data/calculations/calc_d234dcfadbe77038/record.json,d84042d7e26de1fe384935f13400a02742f9d4571160f5bd03e03dcbdb865152,d234dcfadbe770382336b352f3ac1696e593a09428832c56cbbd88090a287f87,tap_C5link_ribose_phosphate_conf4_pcm_water.log,valid,108,38,optimized.xyz
calc_a213de3c3663f8eb,data/calculations/calc_a213de3c3663f8eb/record.json,9cd232846dc26a456da2e404e83512258727b1521d6eb72b2836ff15b2ff577a,a213de3c3663f8eb1d0e14cfb26cc852421d4deb90fd4c49cf9f12444e015432,tap_C5link_ribose_phosphate_dft_seed_pcm_water.log,valid,108,38,optimized.xyz
calc_ee198384f6ddcdec,data/calculations/calc_ee198384f6ddcdec/record.json,54d5384443469d2a47db7adc79336b98ed6d725c68e3d93a6a0592c676a4160a,ee198384f6ddcdecf0c66d6b331d9db1136bbd63a4b17b2ec2a498638c6243a8,thymine_pcm_water.log,valid,39,15,optimized.xyz
calc_f5f4967adadc2db8,data/calculations/calc_f5f4967adadc2db8/record.json,8491a24afc3886329a68f10bbf0b8141d824eff06060cbfc6e2820f73e0e4627,f5f4967adadc2db83f42f00429e9e405e57965883a25393afefeee56d0cfd4ed,thymine_ribose_conf1_pcm_water.log,valid,90,32,optimized.xyz
calc_7f0e4ef6f3f32803,data/calculations/calc_7f0e4ef6f3f32803/record.json,9c6d3affa42d098478be0425ecf66f399aded70e36d79a074c16348eb2da7438,7f0e4ef6f3f328039dd01a8485dc9ecc33da7aec7fb47a2c93d2e240eb213986,thymine_ribose_conf2_pcm_water.log,valid,90,32,optimized.xyz
calc_c2c6ab8c0cd44dd8,data/calculations/calc_c2c6ab8c0cd44dd8/record.json,9209dfaa7339739eb6f94122c8fc3be767bda38bcea6bb59dc749e253a8bfb24,c2c6ab8c0cd44dd87941ee287c666131d687f03e9068d7a7148c60e8ff9e5a87,thymine_ribose_conf3_pcm_water.log,valid,90,32,optimized.xyz
calc_fd442879a64e1632,data/calculations/calc_fd442879a64e1632/record.json,ed75c2b3867899428fb1f7e5357ae56dd17f61ef915033fef5fc4ecca8b8ec85,fd442879a64e16327955be64a2f1429e6a68025eafab9c1f05381f23b5c509ec,thymine_ribose_conf4_pcm_water.log,valid,90,32,optimized.xyz
calc_5f8c85709d717bdd,data/calculations/calc_5f8c85709d717bdd/record.json,1f3acb9a7f15be92a06b617035677bd703517ab00debf04544ca70c0aa587fd1,5f8c85709d717bdd40780cd940f751db6930bf584302bee9dd3c60451e544110,thymine_ribose_conf6_pcm_water.log,valid,90,32,optimized.xyz
calc_20fc3c3d23a5dbe2,data/calculations/calc_20fc3c3d23a5dbe2/record.json,64bdf8971d4332f853c710035fa37e6ed4329071837cfaf80cb4786c57063087,20fc3c3d23a5dbe2cffbc310fb596eae228500ff6bd2d13f34121f15904b031b,thymine_ribose_dft_seed_pcm_water.log,valid,90,32,optimized.xyz
calc_9dfea3050c510391,data/calculations/calc_9dfea3050c510391/record.json,64f6c8ac4ddca1095f5a83b545c7b908017b42b81ae40cd926f2603e3b6bad41,9dfea3050c510391ba580acefde38ea88fe94f3bc5cb7c06ad23d0f1aea6a9a7,thymine_ribose_phosphate_conf1_pcm_water.log,valid,105,37,optimized.xyz
calc_a499d55cf25108dc,data/calculations/calc_a499d55cf25108dc/record.json,d0c483b54ac48e4426eb25adaa44fdc3e269952f6680424bfaa329e9d0a11c76,a499d55cf25108dc185f45832f46161ef06931f67d589f0fbbb087452eb126a9,thymine_ribose_phosphate_conf35_pcm_water.log,valid,105,37,optimized.xyz
calc_f9c40765bb129d1a,data/calculations/calc_f9c40765bb129d1a/record.json,88b36996a072c6bdffbbe468696a552418acb74f63c22036b7914dd363d37b7b,f9c40765bb129d1aae7a139495d6aaa55ed585090d9bbc2ef782409982cd01e8,thymine_ribose_phosphate_conf46_pcm_water.log,valid,105,37,optimized.xyz
calc_420b11f0851f386d,data/calculations/calc_420b11f0851f386d/record.json,ae9836ede612e7bbaa340d5d88848610e4e72dc107aeb3d7d130335d3b144d28,420b11f0851f386d0c944a8276334bc6919a553ca89690f54382500321920d69,thymine_ribose_phosphate_conf76_pcm_water.log,valid,105,37,optimized.xyz
calc_abc6a46c4791a92c,data/calculations/calc_abc6a46c4791a92c/record.json,b3e6f2f826f5568d77a0cc67d72d287ccbff5efbf2de635df679ec06c50548fe,abc6a46c4791a92cb55081fdeafbda23839a8413c53c49582530a1ff1811c0a9,thymine_ribose_phosphate_conf78_pcm_water.log,valid,105,37,optimized.xyz
calc_3b6d4e4b6795d760,data/calculations/calc_3b6d4e4b6795d760/record.json,7f3393eadad41e09bba9f21d989ed19521b551ecb63375d6a0a77ef4f3f89280,3b6d4e4b6795d760661f67cc80535eb14d1f2ef2fc86b704b17ee668dadb895b,thymine_ribose_phosphate_conf8_pcm_water.log,valid,105,37,optimized.xyz
calc_aeeeac4065bcb109,data/calculations/calc_aeeeac4065bcb109/record.json,21fe17ee6fe55a2e4c46c8b443f24a865faeec1ce0e55229c22f6a4a426eafe5,aeeeac4065bcb1099a3585cf5c179bb794c1ca1d7758940365d0f25e1e5045e4,thymine_ribose_phosphate_dft_seed_pcm_water.log,valid,105,37,optimized.xyz
calc_f39698ab11c8d629,data/calculations/calc_f39698ab11c8d629/record.json,0731710ac4c6736b975410ab81aa5e2e091fb90ded6a237c6dadd75e4ecdbf7b,f39698ab11c8d6296aa8571b682999b3646ab7d5813749caa69b1c03f545698f,uracil_pcm_water.log,valid,30,12,optimized.xyz
calc_e2636f33f878b8a2,data/calculations/calc_e2636f33f878b8a2/record.json,ddcc792a28457f1a5834f04a1a1d6b2ff0768c15149c5e34c53a2a4c3ff1dbfe,e2636f33f878b8a2a7f09d8360590779d4123a50bb352fb1aea897b5cada8a6a,uracil_ribose_conf1_pcm_water.log,valid,81,29,optimized.xyz
calc_ae555f8cd58c2f4a,data/calculations/calc_ae555f8cd58c2f4a/record.json,25210b67cc099c3053320881801f1cc93cd4327b7b13d0e45b203e3a654f11f7,ae555f8cd58c2f4a237d5a2aa2eaebc632f1c15c6c8be83ad94f5e777e9f786e,uracil_ribose_conf2_pcm_water.log,valid,81,29,optimized.xyz
calc_1cd6706f093acea4,data/calculations/calc_1cd6706f093acea4/record.json,706a8af894ec455e7cea73288f15dc1c6cea87dddd4c6538835df871226998c2,1cd6706f093acea4943600f5a9f3e59d8e2b846518fc1005704ab9292b85f389,uracil_ribose_conf3_pcm_water.log,valid,81,29,optimized.xyz
calc_12fd1c0e255a1a86,data/calculations/calc_12fd1c0e255a1a86/record.json,0387b30e516c7c8ec8858a95a0788303271d37394110ca82dd5f31f68a49ecb8,12fd1c0e255a1a863181806538f15eb26d0e37aafb8f323a613014bd0157bcd2,uracil_ribose_conf4_pcm_water.log,valid,81,29,optimized.xyz
calc_33af2952458f3c63,data/calculations/calc_33af2952458f3c63/record.json,4cf6bc6290f1ddec9d0d046a3a398e6102b464f4210d7f365da5506ad02af2d3,33af2952458f3c63f95cb3f31c10aebd167ccba650668f1c84288fd07bc44500,uracil_ribose_conf5_pcm_water.log,valid,81,29,optimized.xyz
calc_4823804aba3def82,data/calculations/calc_4823804aba3def82/record.json,61b0a6f0f8780e4881fa734199345522b507e8468e1c69a60e46c14f0c76d9e6,4823804aba3def82366fba0a1602ed9d16cfd8f51bb2026c6264b46dde49b0f7,uracil_ribose_dft_seed_pcm_water.log,valid,81,29,optimized.xyz
calc_ab502b59d8237787,data/calculations/calc_ab502b59d8237787/record.json,c6350bb4c3b873fdba98a1f193bb41264bc3c760aa5d1f4152a5c8a0b7b6f667,ab502b59d823778706822ac05c277ba7184a0b127bd6ec3e61e86175c959332d,uracil_ribose_phosphate_conf1_pcm_water.log,valid,96,34,optimized.xyz
calc_fb8a02360a2ba144,data/calculations/calc_fb8a02360a2ba144/record.json,973df8b68b994b3b286f1ebd55541ce5431926d1c0ce295f9c598f8f6e853b1c,fb8a02360a2ba1441df63c3b436c4a9b793c2b448206babeda10dd47f609d04a,uracil_ribose_phosphate_conf38_pcm_water.log,valid,96,34,optimized.xyz
calc_dd5f31517ca37a9e,data/calculations/calc_dd5f31517ca37a9e/record.json,631e201ee94515b21845b8bead234da4b657a8ac9550f01949e14fbc6b6f1f5f,dd5f31517ca37a9ec7989971a2dd1a82bd6412be534635efcd96fe47303eec00,uracil_ribose_phosphate_conf60_pcm_water.log,valid,96,34,optimized.xyz
calc_0c1c835dc0af3a7d,data/calculations/calc_0c1c835dc0af3a7d/record.json,a71bb0a08004bdf4ba16fe38cdca2e41788efd612d22266a753f05f4dca90ae5,0c1c835dc0af3a7d508b6744493445c6fc6b52d1adb0d4ef2b56d0cf09c8e140,uracil_ribose_phosphate_conf65_pcm_water.log,valid,96,34,optimized.xyz
calc_65dc9944805d507f,data/calculations/calc_65dc9944805d507f/record.json,fe80cda06e56eb14c3ec837176078a5c3ebe6230ac001d23bfe124caa37efde7,65dc9944805d507fa770d86e6511f6635637ad93d98c1b36d0cc36abecd69dea,uracil_ribose_phosphate_conf68_pcm_water.log,valid,96,34,optimized.xyz
calc_e02a09e5e3b01773,data/calculations/calc_e02a09e5e3b01773/record.json,5ab98c9290f068112029c1a03ffd8a8db6a66f66a6656bd8b74071418a24d147,e02a09e5e3b01773de574048f01249dceb040816c9dcc3cd061b60bd51d31754,uracil_ribose_phosphate_conf7_pcm_water.log,valid,96,34,optimized.xyz
calc_182828f777a313e5,data/calculations/calc_182828f777a313e5/record.json,20a96591489d11c15fb47f0b6e0103a415688118115f780934a16bc4bb5ffcfe,182828f777a313e55aea2f8c4289d8cb8b57e2a7431274f45f6209f356d8a59b,uracil_ribose_phosphate_dft_seed_pcm_water.log,valid,96,34,optimized.xyz
calc_c2c9d57073565a33,data/calculations/calc_c2c9d57073565a33/record.json,8a035f6f0499b405a5b9ce78dfac6c0ce796d2f5773eabb68f6cbbb735199ca8,c2c9d57073565a3390208f5f39e07b89e152cb1b85e5ac82fda5f8729a4fa4f6,water_pcm_water.log,valid,3,3,optimized.xyz
calc_bdbb805e868e5608,data/calculations/calc_bdbb805e868e5608/record.json,6fabf867c9eda782d0d8e25659fdf9ce1519237860118fce2169151815f19d48,bdbb805e868e5608b440df48b8e08e9e0044286d71cd314ded3dcbe2a9060cd6,xanthine_pcm_water.log,valid,39,15,optimized.xyz
calc_138e60390940f4b6,data/calculations/calc_138e60390940f4b6/record.json,dfc4c12ae3347961b713bd4308b1b4a2caf9d0f6b01308f3303d004fe179c741,138e60390940f4b6747d7668cd1a990e645fa3f70372ba22221a1d22370e933c,xanthine_ribose_conf10_pcm_water.log,valid,90,32,optimized.xyz
calc_072513ed48ae23dd,data/calculations/calc_072513ed48ae23dd/record.json,a22c4cc9154ce06dbb9dc3f5bc6efcf295afa065969de0ffa0effdbd7b619c3f,072513ed48ae23dddf84024baadd6536db567adb39b573d37b375cee1d599305,xanthine_ribose_conf12_pcm_water.log,valid,90,32,optimized.xyz
calc_33836914b1f80b7f,data/calculations/calc_33836914b1f80b7f/record.json,01a0026cb383f29c6a49b2d1d0d335c70f0e976e9012bef3993d503a0d0860b5,33836914b1f80b7f4b0085ca295e9fdd730097ddfee5c1daa6ed1a920997b667,xanthine_ribose_conf1_pcm_water.log,valid,90,32,optimized.xyz
calc_a095de9d688069e4,data/calculations/calc_a095de9d688069e4/record.json,9224bacc78e2c1b53eb8c9fcf2275f3615ae1f83a983cf209dcb012e493fdb70,a095de9d688069e4f4309d8f0ac0b17f5eb0230c6f298ea9f739ffbac3bac179,xanthine_ribose_conf2_pcm_water.log,valid,90,32,optimized.xyz
calc_7521e24e6129e1a8,data/calculations/calc_7521e24e6129e1a8/record.json,ed215cc0fd6182598f1397ccf466e9194f81e0b6c9d34b4e3231d331fa325d2e,7521e24e6129e1a85bdb2514fed257d634db1777fbd0e69a28523a0021ddaf02,xanthine_ribose_conf7_pcm_water.log,valid,90,32,optimized.xyz
calc_fc7ea1e5f9248de0,data/calculations/calc_fc7ea1e5f9248de0/record.json,3ae87c55362db24b40abf0393212966893cca35b3b147de66c5bca977628ba51,fc7ea1e5f9248de07fe798c4e32fecdadc53bfb2a35c848bfd1fbcc178f7e2b3,xanthine_ribose_dft_seed_pcm_water.log,valid,90,32,optimized.xyz
calc_00fe351981635926,data/calculations/calc_00fe351981635926/record.json,dc5e80d32cd582d639c7da251a53e5972fbf56c4669872d23291b8e5de5fbb80,00fe351981635926fbc021e4ad2ae78d0b92a9af605c90d9b086deed15a8811b,xanthine_ribose_phosphate_conf127_pcm_water.log,valid,105,37,optimized.xyz
calc_b7b2c419d15de4e2,data/calculations/calc_b7b2c419d15de4e2/record.json,e36ae4e4080a6c97316b6daccc2aa145b2bed7e94970e3b1e92eb4270d0e6550,b7b2c419d15de4e27af5cd0b7c5213355c06c7ffb795ce7e0d692753e7891c82,xanthine_ribose_phosphate_conf181_pcm_water.log,valid,105,37,optimized.xyz
calc_a8abcfd149ab95f0,data/calculations/calc_a8abcfd149ab95f0/record.json,7b930bf3c930ab7e0eecb8638a7ab3f3503a5a91ed921b7c492781d219a85b21,a8abcfd149ab95f0c6783a4a5530768068d39e97d755b4b16b913a3de10543b7,xanthine_ribose_phosphate_conf1_pcm_water.log,valid,105,37,optimized.xyz
calc_8e95f1e00b2a7294,data/calculations/calc_8e95f1e00b2a7294/record.json,9b6cbe86396cce11340d022dfb3fafb581b71550636b245e969babb711b8e4bf,8e95f1e00b2a7294329830887f55b0af1433ca0eadfe9d3c1279c5d803f738f4,xanthine_ribose_phosphate_conf2_pcm_water.log,valid,105,37,optimized.xyz
calc_3e28efc611b0ffcd,data/calculations/calc_3e28efc611b0ffcd/record.json,80ba5025b7c5d0c7cbd22360e24e42a43f7e2e807bb12fe67fb4b812afb33305,3e28efc611b0ffcdb83d99dde0e1fab86cbcc2e09f3251b99f5a1711dbbba230,xanthine_ribose_phosphate_conf62_pcm_water.log,valid,105,37,optimized.xyz
calc_a79297b7e999a273,data/calculations/calc_a79297b7e999a273/record.json,b006f4ce2c6926d362788a107e24a5bf124f476f692e8a204ba289a79697e89a,a79297b7e999a2738542d7f9e4f83de1a4dcf28f3ccf7eb91d2dbc52686068a6,xanthine_ribose_phosphate_conf77_pcm_water.log,failed,0,37,incomplete.xyz
calc_f79711e8c20fd629,data/calculations/calc_f79711e8c20fd629/record.json,59d26f1e33ca83940535d9134f87bda2314507d5d7fe67d5a5461c2dc0e7de8e,f79711e8c20fd62912054b9c7cfe5a59495802dd9ce851524dcd9036bec3c02c,xanthine_ribose_phosphate_dft_seed_pcm_water.log,valid,105,37,optimized.xyz
calc_c7d087597e139747,data/calculations/calc_c7d087597e139747/record.json,78f1986f7eeae01526735a79760b7e4085aeee7ca8e8dad4e078b44bfe27b374,c7d087597e13974784295064202c019b87288f2f067df50f69393d40bc0cc137,adenine_ribose_smd_water.log,valid,90,32,optimized.xyz
calc_9db5e2d5ecb9c3a8,data/calculations/calc_9db5e2d5ecb9c3a8/record.json,c9d8d8ebe3a961c2bb17dc3294e2306179bb5ec98a8a5f9ca52feb1fc277f150,9db5e2d5ecb9c3a89f8fd4395b3e4a543fc8b3e4eeca78308d0c81da53473937,adenine_ribose_phosphate_smd_water.log,valid,105,37,optimized.xyz
calc_462b23efdd473dfd,data/calculations/calc_462b23efdd473dfd/record.json,3ad19657b3d4532f07499252627ab99841110268c6a54ad1b355636cc299fd27,462b23efdd473dfd60ea4a725b046b7d95f0285583388d96b4eeddada4b0f494,barbituric_acid_Clink_ribose_phosphate_smd_water.log,valid,99,35,optimized.xyz
calc_9fa1ea43e6160877,data/calculations/calc_9fa1ea43e6160877/record.json,313d197743dc19aea2a87d99a412ce896560c61aa32bae1a06a7b9f0d6e0d68a,9fa1ea43e616087733b1e9f80c682c904053e7ef3444d970fe975a6935a22a8a,cytosine_ribose_smd_water.log,valid,84,30,optimized.xyz
calc_6d1bb725183be428,data/calculations/calc_6d1bb725183be428/record.json,c3dbbfc1a16e0965e39a05050bf42e7d6e90c650ad2af65c9e0f1aa18e583726,6d1bb725183be428e4f7a3559b7b4e1214fd4fab81181497d34eb318d02a1f2c,cytosine_ribose_phosphate_smd_water.log,valid,99,35,optimized.xyz
calc_b7ae25f6b23f4352,data/calculations/calc_b7ae25f6b23f4352/record.json,b0ce7136d154b6a192779ba5e6b9f80c04200c1f00b979bf54bccc9f7ac4dbbb,b7ae25f6b23f4352d23403781536f3bc58245d1fd5f1d81f67758dbb36c81985,guanine_ribose_smd_water.log,valid,93,33,optimized.xyz
calc_59c363ed4bc285ea,data/calculations/calc_59c363ed4bc285ea/record.json,df42e9e38e588ce4318c4f88fa7ac9412273bcd95b051081146c87edecdaff8e,59c363ed4bc285ea75a23953999b53111dda6dd233632022057de9a2551ef279,guanine_ribose_phosphate_smd_water.log,valid,108,38,optimized.xyz
calc_6dd25721f53cee2e,data/calculations/calc_6dd25721f53cee2e/record.json,452c49a24af7229a8d930da00e8df014cb0b84633342c52ebcb2cdc1ba0010c9,6dd25721f53cee2ebfc2f469e6dbbc90474320abf1a31e18d341382ee5c5dedc,imidazole_ribose_phosphate_smd_water.log,valid,87,31,optimized.xyz
calc_d3678a4e978d1dfd,data/calculations/calc_d3678a4e978d1dfd/record.json,853fa9c41759a15c90487441db6f92cadfeed82378f33e5b43ed2e5b003a1f3e,d3678a4e978d1dfdfdafac6256776500ce5232c53fc5ec72a57a7e56d7d8924b,melamine_ribose_phosphate_smd_water.log,valid,105,37,optimized.xyz
calc_955b807ebfbecf12,data/calculations/calc_955b807ebfbecf12/record.json,7d3e484acc951fefae68a919ae1513985b27bb28c56214f18d29aa2ccba5cf9b,955b807ebfbecf12f4b7f1ac97dc790cb7a83c9e18e467066456ef20bad7ca1b,tap_C5link_ribose_phosphate_smd_water.log,valid,108,38,optimized.xyz
calc_ac00febe62a28d25,data/calculations/calc_ac00febe62a28d25/record.json,db81f7689f12f01d93fb153a5e6b0bd8cbc2e92341af7a33f196d665ce60c367,ac00febe62a28d25924c0c0bf0126dcf81912a815316e41b1535618e571ab2f0,thymine_ribose_smd_water.log,valid,90,32,optimized.xyz
calc_d60a0ed0d549e22c,data/calculations/calc_d60a0ed0d549e22c/record.json,cec8e533a3b8326862f68eab9aeb223802cceb68e18ae6f199210c0ba8644394,d60a0ed0d549e22cc83200140399b9d3d6a607ae16d82b43623cf1768884a2ff,thymine_ribose_phosphate_smd_water.log,valid,105,37,optimized.xyz
calc_45f8dcda8b5e8f3a,data/calculations/calc_45f8dcda8b5e8f3a/record.json,5459307df52d6b0cd37bb09b9119806c1354531c13206cfec21eeaa6a87a4122,45f8dcda8b5e8f3a45deff5b962e5d247d39ec2d4837011bdc9ba89b8439fbda,uracil_ribose_smd_water.log,valid,81,29,optimized.xyz
calc_cc51737f8715f0e6,data/calculations/calc_cc51737f8715f0e6/record.json,94f672074b4cfc4bd25d1f3419124118bd722c56d6b3bb12b815a86b6348b379,cc51737f8715f0e622bc522f60b59c4eaa69c0a77adab2ec5956c3d95f445011,uracil_ribose_phosphate_smd_water.log,valid,96,34,optimized.xyz
calc_553141f295b4c8a1,data/calculations/calc_553141f295b4c8a1/record.json,14e1046e2a95771195cc9c81e4a82be7a88627423e6321f479fcfd3996d12270,553141f295b4c8a11e3668140b79e4398745679d99af68751cbd069784b294bd,xanthine_ribose_phosphate_smd_water.log,valid,105,37,optimized.xyz
calc_9649b970f6180fd9,data/calculations/calc_9649b970f6180fd9/record.json,2f6a40787a26fc7071df6b495a169a9e9bb7c19833e72a52d542c847063cc20d,9649b970f6180fd9546440dbaf0d7e9433400ddce3dd3fc2518f05131ac832bc,adenine_smd_water.log,valid,39,15,optimized.xyz
calc_1aa4f60ffba16a6a,data/calculations/calc_1aa4f60ffba16a6a/record.json,20c789327f9dd63c87eda567c1271c1a3b7cdd03bc9721e2d774d3ff81a2da7d,1aa4f60ffba16a6ac707d783863eef7f1ae6e8579946b0de417deb24309765ed,barbituric_acid_Clink_smd_water.log,valid,33,13,optimized.xyz
calc_c3eaf19d830458a1,data/calculations/calc_c3eaf19d830458a1/record.json,85897191ee3d79ebd02ffc5bdb2f6b83903b8569f0a1f285a35149ebbbc041f3,c3eaf19d830458a1e1ccfc10b29258fa7c63cda00a4bbbfde51aff5f3475ca9c,cytosine_smd_water.log,valid,33,13,optimized.xyz
calc_8109f6c7007fd17d,data/calculations/calc_8109f6c7007fd17d/record.json,c1bf3c2dc16fe7c9edcb42886938d1e4eccdbbbe9c03a9f86f2e5c13612880e7,8109f6c7007fd17d07039706fa9d473f12e5b01ed51d3d44798fcde4a0d64bed,guanine_smd_water.log,valid,42,16,optimized.xyz
calc_f25e3854ff8505f5,data/calculations/calc_f25e3854ff8505f5/record.json,6f51403750d803a73af7a290f5b600a63a1cef70d10fd048ffc751698472d93d,f25e3854ff8505f57df07ee8fb8fd503c5fe74918cf012a9b19bd08c054255ba,imidazole_smd_water.log,valid,21,9,optimized.xyz
calc_754078939221572d,data/calculations/calc_754078939221572d/record.json,569bfdf0a4de9e5129b0c72d5481e3afac7d09a4b007da63bda6d56f369cc40e,754078939221572de08ce4d74567aa70939f51c7db03a4a7e0fcd92fb86fabba,melamine_smd_water.log,valid,39,15,optimized.xyz
calc_a647c5dbb36970fe,data/calculations/calc_a647c5dbb36970fe/record.json,239fd0cba1408de41f1aefd53643b778e8d824766b8c442a9cb1ef12f2654bcd,a647c5dbb36970feab8e6009a887d387d7c13429ca3c56aa4eff1207f07d1dc1,phosphate_smd_water.log,valid,18,8,optimized.xyz
calc_d806614af126d622,data/calculations/calc_d806614af126d622/record.json,42bc37cbc992e6905de82ed5f87f61ee9570bdbd6f3f7c89081f39625b364126,d806614af126d6225f092f1b59564d519982040ae7d022f196a0a6de66d6961b,ribose_smd_water.log,valid,54,20,optimized.xyz
calc_cbdeb70572303b68,data/calculations/calc_cbdeb70572303b68/record.json,d405c691c4143a035189ac524f6a2c37ee163e92cdcf4aefcd41a0690ebf911e,cbdeb70572303b682307cade8b9142fa82513d9aba2c1a1b9c47e3096e3de4e0,tap_C5link_smd_water.log,valid,42,16,optimized.xyz
calc_e889e882f0b960f8,data/calculations/calc_e889e882f0b960f8/record.json,376de73bc9720eb630aba85ae571200a7e82d6270cf68d4b7f9c66a739862dd4,e889e882f0b960f884fe2764660b3cf22e1f128ad0a60de6498792fbcc2a7788,thymine_smd_water.log,valid,39,15,optimized.xyz
calc_51a7a22d7dc9dab4,data/calculations/calc_51a7a22d7dc9dab4/record.json,4714a6eedfa078d7d7e0f2be0570ae6b353589f838b518f44c8cea79dc1067ca,51a7a22d7dc9dab4ea4b04b1cc156fc65b300237a53d140ad086e04a780de0cb,uracil_smd_water.log,valid,30,12,optimized.xyz
calc_365dba8199d0b0ba,data/calculations/calc_365dba8199d0b0ba/record.json,ddae80769305136e2a584b125798f2f25d71ade773e7b65387ad25cf65c1d522,365dba8199d0b0ba0bc69309f46c3ea9938be6b40ebfc0a2545be0b725b68749,water_smd_water.log,valid,3,3,optimized.xyz
calc_836ae49f6e3efb58,data/calculations/calc_836ae49f6e3efb58/record.json,a9500b2c3936ee1b97fd51dbd615c5d5100702bf0548114c65e7b33d023d70ec,836ae49f6e3efb58764d5f7a67c5e51b6c6a9f0d4d74b16a1cc0db037d33dab5,xanthine_smd_water.log,valid,39,15,optimized.xyz
calc_3f6f1383e4bebc9b,data/calculations/calc_3f6f1383e4bebc9b/record.json,864e99d4dd1aa04646e77eab95c1afc8aae375e30318e75f84d044f450f11461,3f6f1383e4bebc9b70b3c3b8703b7ea06fee90f00cf8f64a97ce6781f63a2dda,adenine_ribose_phosphate_conf13_b3lyp_smd_water.log,valid,105,37,optimized.xyz
calc_bef6afd4641d618b,data/calculations/calc_bef6afd4641d618b/record.json,50aca627c4fbb5ef8c34a4da4c88a20f2c13e57cb9c3392a863903c71860c7be,bef6afd4641d618bafd2748dab40983f634a20d2a6b988ea724d06ef50d62839,barbituric_acid_Clink_ribose_phosphate_conf1_b3lyp_smd_water.log,valid,99,35,optimized.xyz
calc_b4571a7fcbb4cd5c,data/calculations/calc_b4571a7fcbb4cd5c/record.json,92fb49528cf7cf8887dc60bf49128bf830bd68c92b0d0ea2269e0bd8b25534a0,b4571a7fcbb4cd5cdd85370eecc11fc3fb2594c3b41b8dc939adbd9f6eeb483b,cytosine_ribose_phosphate_conf2_b3lyp_smd_water.log,valid,99,35,optimized.xyz
calc_1c2488b3474f84f1,data/calculations/calc_1c2488b3474f84f1/record.json,a44866ec96a0cf2d74a293854c438d38d6d103b1e677b0c9bb2e1910e03cdf88,1c2488b3474f84f1fb2a77f57221296a5d1466fc52d3a37b422eee918c0f2f3c,guanine_ribose_phosphate_conf87_b3lyp_smd_water.log,valid,108,38,optimized.xyz
calc_de1243c4851a01a6,data/calculations/calc_de1243c4851a01a6/record.json,24529cdd66a2803d9b4e993c3e1aa18f137ba415deb446076e9f0a034f1d44cb,de1243c4851a01a6612c91bec47ea24697a42b3fa18aee48285fa77d1cec838e,imidazole_ribose_phosphate_conf11_b3lyp_smd_water.log,valid,87,31,optimized.xyz
calc_cd8ab4a93de415ca,data/calculations/calc_cd8ab4a93de415ca/record.json,99234920591fd4e425fd15bdd732395b23c2221fdd710c40bcb1708d7fc3b225,cd8ab4a93de415ca7587858016ea434a3f6baf919c9c8b422e5c4fca012c8e94,melamine_ribose_phosphate_conf79_b3lyp_smd_water.log,valid,105,37,optimized.xyz
calc_d9f69c85a52fb242,data/calculations/calc_d9f69c85a52fb242/record.json,8a6e30a53b8ebde074438bea27386c558c3ab9ffacbad029cc9ab55da326c5f6,d9f69c85a52fb242eac104eee2643d7c6a917ce0fa8b1eea15e44b60eb6ead73,tap_C5link_ribose_phosphate_dft_seed_b3lyp_smd_water.log,valid,108,38,optimized.xyz
calc_58f0b426ad841540,data/calculations/calc_58f0b426ad841540/record.json,aaf4aab0309c21992abe00e475a537dd2330750b53b681fca07a2a47e0b38737,58f0b426ad841540ea8cdfb42621fafe783a4d383adb7f1786c10981c007ff3e,thymine_ribose_phosphate_conf46_b3lyp_smd_water.log,valid,105,37,optimized.xyz
calc_ae9385daab161c6f,data/calculations/calc_ae9385daab161c6f/record.json,9ed049711fbb4ddb21f71f3d88bee4aae9e619f7d1c37233e7410466122837cc,ae9385daab161c6fa1c251caf59e1c2311bb60dac351192bb99406b5ba152b5d,uracil_ribose_phosphate_conf65_b3lyp_smd_water.log,valid,96,34,optimized.xyz
calc_898ca1c71f1e1d6d,data/calculations/calc_898ca1c71f1e1d6d/record.json,c8bc474e5c783e195df2e680c6cef2e0888024d7d4ccade9e9331207492f4ec7,898ca1c71f1e1d6dcef01e1c412be39673130f8c54963b1f4d0a9c952c6b011f,xanthine_ribose_phosphate_dft_seed_b3lyp_smd_water.log,valid,105,37,optimized.xyz
calc_c6137ff04773e906,data/calculations/calc_c6137ff04773e906/record.json,dc7f27c379b11216a9de41e840e0ab6c181f9a18e3ee43676a446f963873da62,c6137ff04773e9066c3808e12dccc14978aff6208342725b662a1ad845ac60ae,adenine_ribose_conf1_b3lyp_smd_water.log,valid,90,32,optimized.xyz
calc_1c065a2657004bf6,data/calculations/calc_1c065a2657004bf6/record.json,67cc05636c383d5ea838b21d3390c4a59a07542b2a2c3c915cf89ebf52ebe97d,1c065a2657004bf6fc28f9e12e890459fc6122d2dd129b71c7b33a2049891273,cytosine_ribose_conf1_b3lyp_smd_water.log,valid,84,30,optimized.xyz
calc_fd81a1b48fd5ec81,data/calculations/calc_fd81a1b48fd5ec81/record.json,676f5f06f2e0a9efa0c978fdf97fe026a31490916083f63845a28bc342bac9ea,fd81a1b48fd5ec819397c88a45e4a32ff7777fa8120fb9027bd19c0375fcbe20,guanine_ribose_conf1_b3lyp_smd_water.log,valid,93,33,optimized.xyz
calc_f8fbb2f87101a351,data/calculations/calc_f8fbb2f87101a351/record.json,caca356d894d5df07858dc9e6529f2c2ae6219ed843b8c763a75a526dcfeef65,f8fbb2f87101a35181bb44ea104db56111af184276c0b6caaf2b3cee385d6159,thymine_ribose_conf2_b3lyp_smd_water.log,valid,90,32,optimized.xyz
calc_68badf35c7cc9a8a,data/calculations/calc_68badf35c7cc9a8a/record.json,2d1e55c0cc52de32b97b2e16b0f2b0a0447840b20040962b8eb4769077a329a0,68badf35c7cc9a8a2fd269d5a7e3b1a5ce4e3d2b49759aa787765be7010c8f18,uracil_ribose_conf4_b3lyp_smd_water.log,valid,81,29,optimized.xyz
calc_68f76f635567b570,data/calculations/calc_68f76f635567b570/record.json,2efda485ccc00d704a69039410787f59bb6d00e6ae5f82caa54876769b64e071,68f76f635567b570d3bafab2746cd30edc24cf99425d5b4a289b02a02eb8affe,adenine_ribose_pcm_water.log,valid,90,32,optimized.xyz
calc_89d5b7ad758f6bc5,data/calculations/calc_89d5b7ad758f6bc5/record.json,2210fe5c3062f0a604fedde7570ef9f8d571f3fd32c7303621f969f7bf9197d7,89d5b7ad758f6bc5d4bdbc7df1970ca75bc94366716d7d3b7fcea432e22d59d3,adenine_ribose_phosphate_pcm_water.log,valid,105,37,optimized.xyz
calc_a8e58f4adf82e438,data/calculations/calc_a8e58f4adf82e438/record.json,c5a1be26c15cef963e8706ef561eeb6e85433b4d25449433265601477b83735d,a8e58f4adf82e4385e96b5d3ea917de573eff4b5bb3e6a5aba5219828a0b1a6d,barbituric_acid_Clink_ribose_phosphate_pcm_water.log,valid,99,35,optimized.xyz
calc_3a48ae006fae1bc6,data/calculations/calc_3a48ae006fae1bc6/record.json,322f3fc02f30d9e3d196f84b34ad5d0bc92ac1b36a30f9718419992b0435861d,3a48ae006fae1bc67827eef4fc6957d595289bed0e4cfbb04990548e98431d01,cytosine_ribose_pcm_water.log,valid,84,30,optimized.xyz
calc_9b9694792829334f,data/calculations/calc_9b9694792829334f/record.json,a11eb275095c300f46d517b64bf6a445a4b89991bef6f1fae05a78090143a5a4,9b9694792829334f537628225a9a0b149cfcc1fb4829efe182930ba515dc0a6c,cytosine_ribose_phosphate_pcm_water.log,valid,99,35,optimized.xyz
calc_7a99d9d504f0f29b,data/calculations/calc_7a99d9d504f0f29b/record.json,ecc28420d7df3ae021bd50e11d4a14bcc4bd185ac4666b35fbd36d95650dda20,7a99d9d504f0f29b9d98aa1d63cf3eb46ca5ec1dbfce41bd7dbed5b2a149b37a,guanine_ribose_pcm_water.log,valid,93,33,optimized.xyz
calc_aa1e3a3c4d6e08d2,data/calculations/calc_aa1e3a3c4d6e08d2/record.json,004e224ac82a94f0d6af99551b29acb3c692707572de94c1a950ae5f7c5a1bc4,aa1e3a3c4d6e08d2833374499e0113ea65c8b58a167f342ac1c9454e010172d5,guanine_ribose_phosphate_pcm_water.log,valid,108,38,optimized.xyz
calc_77e99c7202c577c8,data/calculations/calc_77e99c7202c577c8/record.json,2bdb8128855d0e3ffd1f3d4ca4a274547bc40691343bf6e839912c11caf4c3e9,77e99c7202c577c825f018107e83365017e2c64505161e32351f72f769f8cec8,imidazole_ribose_phosphate_pcm_water.log,valid,87,31,optimized.xyz
calc_ceab44138cff1b4f,data/calculations/calc_ceab44138cff1b4f/record.json,50bb6eb9b0e141eb5802751eaf56e598ab098dc1057bf1ee051d911cbec040fa,ceab44138cff1b4f1336d8e5a06208946efad13529a0022557117a645b9d56b2,melamine_ribose_phosphate_pcm_water.log,valid,105,37,optimized.xyz
calc_e9f16a6afa2658b4,data/calculations/calc_e9f16a6afa2658b4/record.json,80ff1ab077b1c375283a4b847fc9d855185b668a453ba8d707095a00631673fb,e9f16a6afa2658b42777df0c54346d36b178bf45a6fbaefea0926f5fe277ebfd,tap_C5link_ribose_phosphate_pcm_water.log,valid,108,38,optimized.xyz
calc_046b153e0eea3f99,data/calculations/calc_046b153e0eea3f99/record.json,f8ac37d2141217300f496bbe96efb1b292c4d8f006812390996801010cd76a07,046b153e0eea3f994c9366a26dcf5eb271558b9563eda27d504116d68eacc38d,thymine_ribose_pcm_water.log,valid,90,32,optimized.xyz
calc_e219389dfd48a0ea,data/calculations/calc_e219389dfd48a0ea/record.json,8eb592bb77490caf2cb1c77bca3a77fecffe1eff1efb7085b63a5177e3947846,e219389dfd48a0ea0e253551cd9a78464ea1f775f71ed2ac241c99b01e0e586e,thymine_ribose_phosphate_pcm_water.log,valid,105,37,optimized.xyz
calc_17f23c48dae66527,data/calculations/calc_17f23c48dae66527/record.json,1ebe97a5f090219192813aa4089228d99de74db7fb819f487a1a4a71bbc8daee,17f23c48dae6652790d5b1522d7f17018c05bab9ff2ca9f29b6216398784bde5,uracil_ribose_pcm_water.log,valid,81,29,optimized.xyz
calc_9518692843c4482d,data/calculations/calc_9518692843c4482d/record.json,11c9908705e244dbcd38670f42cb104ed6c84ff0bb21a4a9138effae165dfd07,9518692843c4482d6e0fc13312f39ffbef3f2d0195f997fb502e9e6d49506984,uracil_ribose_phosphate_pcm_water.log,valid,96,34,optimized.xyz
calc_7474c1645ee48f37,data/calculations/calc_7474c1645ee48f37/record.json,5de3a43bf37717c4246f2e21cfb5902bc7bacefcd31f467b216aa09e58ee17f6,7474c1645ee48f3733f34cc6110fd955a76cff34de87dc4cd6995e4b3f04779b,xanthine_ribose_phosphate_pcm_water.log,valid,105,37,optimized.xyz
calc_dec3790c850e3be9,data/calculations/calc_dec3790c850e3be9/record.json,a26159c4ebcf795a0f28535d4f962954a71bbc3d481691fb97253184b92a07a7,dec3790c850e3be98b01e8cc6a368708a882d9394f5c1576c821d873c4b13a4b,adenine_pcm_water.log,valid,39,15,optimized.xyz
calc_cad4d80b8fb69c59,data/calculations/calc_cad4d80b8fb69c59/record.json,d0813d4c24ae9c723a96a9a8a935739bf5bb3f36ce278df138e449090e56a39e,cad4d80b8fb69c59c41e93c41e3bbc239ab6f5d0de74792bd1275ff331515b38,barbituric_acid_Clink_pcm_water.log,valid,33,13,optimized.xyz
calc_e9416c80bb20ba36,data/calculations/calc_e9416c80bb20ba36/record.json,4dd2b565fc96393aa476a65d36916262d00b02808f11dec034ced98ae7b687aa,e9416c80bb20ba363926f2f6db7e644be10b2dec47f5f5f8f24205f78b49bbd2,cytosine_pcm_water.log,valid,33,13,optimized.xyz
calc_54a013183407b3a3,data/calculations/calc_54a013183407b3a3/record.json,abd1c585e2ccb96287a6b055a14ee5f730397a8a2aacbcd36c5ccad9567063ac,54a013183407b3a3935593afaebee00bc13cf17419798fe28bc2af4835170ef7,guanine_pcm_water.log,valid,42,16,optimized.xyz
calc_6e9313e7d80730f3,data/calculations/calc_6e9313e7d80730f3/record.json,9d64c43ab250313ac8bc052d74bf59cb55c79cf63fb8bcc58ea243e4278234f8,6e9313e7d80730f3b16648fc5e87c872ef468fc860d7492ce46951646cf2dd7f,imidazole_pcm_water.log,valid,21,9,optimized.xyz
calc_4ad91875079a2fad,data/calculations/calc_4ad91875079a2fad/record.json,aefd62060af4393e71e62a8a59657cf9e4b03972593d1eb5b48459485b66f556,4ad91875079a2fad2372189fb456896f35af17a8a1bd08ce09811fbbf057d4b5,melamine_pcm_water.log,valid,39,15,optimized.xyz
calc_9245a11b85b2f147,data/calculations/calc_9245a11b85b2f147/record.json,648332faf482c8aded6ace18e27633cc07f5c820f3a68631de1d3be933f7aa86,9245a11b85b2f14777d548412abcd60b5b5022da6b00ee61668d3ace2a1e47e2,phosphate_pcm_water.log,valid,18,8,optimized.xyz
calc_725de4a7fb1a69d0,data/calculations/calc_725de4a7fb1a69d0/record.json,d58157cf28c8118a7a576bc449907bba8febb72bfb79e3cf74f937dc6879e178,725de4a7fb1a69d06219ea16e969d20c3d689ad04895d310a281daf1513311ed,ribose_pcm_water.log,valid,54,20,optimized.xyz
calc_a8a11457d80de557,data/calculations/calc_a8a11457d80de557/record.json,138c36676250702aac7b5ab0c2c9568d86f20ba6480bf988d7eb36edfd43ee1b,a8a11457d80de5574dd5262a84457aa35a824aaf2f1c4f9c9d4fc415c1c490d2,tap_C5link_pcm_water.log,valid,42,16,optimized.xyz
calc_ffad74f5dfb539ac,data/calculations/calc_ffad74f5dfb539ac/record.json,1984241d8ef0a5841ec7841480e1941fad5673c7fe5a1b6d3e09a7270d6b6b0e,ffad74f5dfb539aca2f400bae454850f5b4e33f43aafd796e665aa98ac62da08,thymine_pcm_water.log,valid,39,15,optimized.xyz
calc_fca50a9c3ee1ba61,data/calculations/calc_fca50a9c3ee1ba61/record.json,4668b428ecf7895119916c89ce3abf991632d33a568203248b74f6df2a339ebf,fca50a9c3ee1ba61931fe3946dbb1483e3b580a5c7dfc7f0f85cf6f4a9567c47,uracil_pcm_water.log,valid,30,12,optimized.xyz
calc_fa0571a74d6ffd71,data/calculations/calc_fa0571a74d6ffd71/record.json,2d3452529b3ef65863b264e6c77b36fd9783d1052ae223b6174ad85ad485a61b,fa0571a74d6ffd71decbd604affda53e898e82d4b337b1ef3576f24f066c9068,water_pcm_water.log,valid,3,3,optimized.xyz
calc_91cbaa5a06790e92,data/calculations/calc_91cbaa5a06790e92/record.json,7ac2ebf7b6b974982f640c900d2af2e88f4c1bf31f987bf31082785bc08279c6,91cbaa5a06790e92ce0e58aa62c19701a3aa8fb22c7755f2389d4a0dff57c640,xanthine_pcm_water.log,valid,39,15,optimized.xyz
calc_72d490ce35cc1dce,data/calculations/calc_72d490ce35cc1dce/record.json,f4343101ed83315693ed2ceff7be544b587999aa0009d4bb6c7556f9c5c35695,72d490ce35cc1dce374b3c371cf8f459b21e07664562282b3052f248d68f0991,adenine_ribose_phosphate_conf13_wb97xd_pcm_water.log,valid,105,37,optimized.xyz
calc_a384fef795f11182,data/calculations/calc_a384fef795f11182/record.json,eb2938eb7821cf148cd5eb2280766f0e62dcc87dcdf8faf737286663504551d9,a384fef795f11182403955e369d0161ed12f80ffa2e8dbd7240c3c191b17017a,barbituric_acid_Clink_ribose_phosphate_conf1_wb97xd_pcm_water.log,valid,99,35,optimized.xyz
calc_21d1ee35118554b9,data/calculations/calc_21d1ee35118554b9/record.json,b8bc92ea1d2080d57afacb93d393b9bef8d7540937da4a5fbba05d9448b1bd20,21d1ee35118554b9a4e811a2660b6809a7df0dec9fd492907aea002395d33671,cytosine_ribose_phosphate_conf2_wb97xd_pcm_water.log,valid,99,35,optimized.xyz
calc_4608e43cdd64d9f0,data/calculations/calc_4608e43cdd64d9f0/record.json,f873f4db6c9ff4384d4ea7ba0b764c0dff3f6879431ef342859c0c051ce71e52,4608e43cdd64d9f07b9d3664a7d76e1fe40a25916f68a342e33e4c95f37dbd72,guanine_ribose_phosphate_conf87_wb97xd_pcm_water.log,valid,108,38,optimized.xyz
calc_fbf471451571cf0f,data/calculations/calc_fbf471451571cf0f/record.json,c4c5ba0f1efaafa99c1eccd664318710b1d47feded6da96d17dde8d74b043bc4,fbf471451571cf0fb065d8a38eb54267025fc1eb4efb43d0106cfd2bad758acb,imidazole_ribose_phosphate_conf11_wb97xd_pcm_water.log,valid,87,31,optimized.xyz
calc_8efe3a51a5020e3f,data/calculations/calc_8efe3a51a5020e3f/record.json,29181d3387804c7b789a3f85ab0e48e21d2c83ea834702d035ab98cdf556dcf4,8efe3a51a5020e3ff9b99c1837fad0d91803e128cdd8c7fe4860e1819e120fa4,melamine_ribose_phosphate_conf79_wb97xd_pcm_water.log,valid,105,37,optimized.xyz
calc_0e03544b3f79a3ba,data/calculations/calc_0e03544b3f79a3ba/record.json,d6b407a05b8104e1a209398904e4ce0e3bfab78d928ae6633c13beda2329e4cb,0e03544b3f79a3ba05a23c0b664fddfc4c7306efed32344aa5322bd80e9324ef,tap_C5link_ribose_phosphate_dft_seed_wb97xd_pcm_water.log,valid,108,38,optimized.xyz
calc_ff2daa361198dfa7,data/calculations/calc_ff2daa361198dfa7/record.json,99c0c134e1679f711d4452d7913e544363610c034424c42ac8e1fe540cb1cd9b,ff2daa361198dfa78c375997e7ef92e9d4f8f8657192ada20f6d5cfade27d154,thymine_ribose_phosphate_conf46_wb97xd_pcm_water.log,valid,105,37,optimized.xyz
calc_19b94a81657c0b6e,data/calculations/calc_19b94a81657c0b6e/record.json,bdb3711728b99105df27ec51287f3b55a849bfaf8eb044cf8af1ce7bf24d9af4,19b94a81657c0b6e05e6298d8a2cba26af59b55d8da933e1f3b5c741c1398b73,uracil_ribose_phosphate_conf65_wb97xd_pcm_water.log,valid,96,34,optimized.xyz
calc_5cf0c9816a5806dc,data/calculations/calc_5cf0c9816a5806dc/record.json,59b7625d9ca94ac0849d09fa76b47a2f97ed29899ed276e73364522bc7cdbb7d,5cf0c9816a5806dcf15ee6cfabe1eaa1c7541ecd51bfd43dce27f043bb31f551,xanthine_ribose_phosphate_dft_seed_wb97xd_pcm_water.log,valid,105,37,optimized.xyz
calc_122108fdc7a149c8,data/calculations/calc_122108fdc7a149c8/record.json,59ab71bf1587b8a36ef9f8751f03d85b20df0863ff28cc890c43949885f9dadd,122108fdc7a149c8a03dfecbc5757be5a09ff7b734dda1926d793695e91fc29a,adenine_ribose_conf1_wb97xd_pcm_water.log,valid,90,32,optimized.xyz
calc_63adf8eb5d64e352,data/calculations/calc_63adf8eb5d64e352/record.json,f9719b59350aa11aef82735d842f9385d48278867bc69c86648881a20d488519,63adf8eb5d64e352c1c87e578d059f541661b22885d28e1a67ba823b5591f35a,cytosine_ribose_conf1_wb97xd_pcm_water.log,valid,84,30,optimized.xyz
calc_0a6d29f4d7b4ec0e,data/calculations/calc_0a6d29f4d7b4ec0e/record.json,0a68f989269d97f153ea05c27c1d078bdfbf00b572997aa10f8e867aadec5865,0a6d29f4d7b4ec0e59f7acbab1db381dd21fb54928edddd46da6988586354196,guanine_ribose_conf1_wb97xd_pcm_water.log,valid,93,33,optimized.xyz
calc_ea171598c8f74aae,data/calculations/calc_ea171598c8f74aae/record.json,9ac0317c29a1a17035ec9a660465663cb8d30296d9eb5bdc6bea23985430a4d8,ea171598c8f74aae006bd1d3856b9319785fe7a3acd391372cab0cb447f84d99,thymine_ribose_conf2_wb97xd_pcm_water.log,valid,90,32,optimized.xyz
calc_6d597551171e62f1,data/calculations/calc_6d597551171e62f1/record.json,421e5bb2be7277ddd591a7cbd95d375b4cc067f32b93aed1d7dd4182bbac536a,6d597551171e62f1f7f051ab5992ae6a6a599a5ae12face04293b8cebcfe8e48,uracil_ribose_conf4_wb97xd_pcm_water.log,valid,81,29,optimized.xyz
calc_49089228618d7685,data/calculations/calc_49089228618d7685/record.json,4c7e639ca62a967240fda5027fa696d6cf7c63ffa01fcb8bc89de806579c38fe,49089228618d76850e7a603867c545dc1720afef3c1401d037c0b2f9b4bd275f,adenine_ribose_smd_water.log,valid,90,32,optimized.xyz
calc_bdba36e59c4d6113,data/calculations/calc_bdba36e59c4d6113/record.json,a54ff00595e96494435ad19388fab9ac3e334815701d3cbab135ddb9141f66fd,bdba36e59c4d611394733259566a8a3e8175936d4cb00ff87d4305426a55fcad,adenine_ribose_phosphate_smd_water.log,valid,105,37,optimized.xyz
calc_d5e211cca1fc1961,data/calculations/calc_d5e211cca1fc1961/record.json,c899ca31dfa236c1593203ce36a399729515927e8ef2cf20d85ad9c0e254a0fd,d5e211cca1fc19615e89c75733acd1a8e869dfd9e28c6a6b37611b8ad369b454,barbituric_acid_Clink_ribose_phosphate_smd_water.log,valid,99,35,optimized.xyz
calc_632ac16308aa7835,data/calculations/calc_632ac16308aa7835/record.json,04806f60792f3ff6d11c8e9f0e74bcb01cdfac4ca35975a7a6f4537fb5e7e2e6,632ac16308aa7835183b93eb77c2a968b4896f82ed4ce7bf68ca0f76c0f64bb6,cytosine_ribose_smd_water.log,valid,84,30,optimized.xyz
calc_a2c73d7b05c86175,data/calculations/calc_a2c73d7b05c86175/record.json,5c40ea118a666626c18075e554d3b4f537c974f4c13788d132834e48a22f02c5,a2c73d7b05c86175f7772225449f32443fd065f2f0d001c0fc90bb84080dab5a,cytosine_ribose_phosphate_smd_water.log,valid,99,35,optimized.xyz
calc_5beadd79f0a9afce,data/calculations/calc_5beadd79f0a9afce/record.json,1fe1e4d2f84eebabbc7cfcf7798da53bde6eede58fb2279494d72b47ffb43c29,5beadd79f0a9afce447bd4517f561d61d108cc7cf681ab3ae9b107c8c8cf81cf,guanine_ribose_smd_water.log,valid,93,33,optimized.xyz
calc_aedaa4b1b97764b6,data/calculations/calc_aedaa4b1b97764b6/record.json,4262f4608589cb6853c66b39586f6a45e885b4399cacc15a4137736714cb7561,aedaa4b1b97764b6a158288dbf10a0011a749ee6e48df3fe69c09028c0c53981,guanine_ribose_phosphate_smd_water.log,valid,108,38,optimized.xyz
calc_9f3d4bba17d5da13,data/calculations/calc_9f3d4bba17d5da13/record.json,2cd94ac528445dd364bd6d7a790e307c61dce029dca75db49783505d5d0c932d,9f3d4bba17d5da13eff1b10998be7f8a84d4da6015331f57fd9f406e4f493c65,imidazole_ribose_phosphate_smd_water.log,valid,87,31,optimized.xyz
calc_b246a77642599b0d,data/calculations/calc_b246a77642599b0d/record.json,e4faa9309ea9b94b4a720cdec7e5a83c324f0deae7db637d19ebe0f2dafa69da,b246a77642599b0de910f0506b53099f9e155fa7ac39c297fca6ad25020c0779,melamine_ribose_phosphate_smd_water.log,valid,105,37,optimized.xyz
calc_06acefa3904aa477,data/calculations/calc_06acefa3904aa477/record.json,5878200f7e019cde5b14a90379e0535bbdb93360ad356f065eba0294cc551afd,06acefa3904aa477dd8b8951141684e0bf2099ce4a3721aa8c2c0d441d272278,tap_C5link_ribose_phosphate_smd_water.log,valid,108,38,optimized.xyz
calc_64bda940952af5ef,data/calculations/calc_64bda940952af5ef/record.json,fe6464f377a0a1a3b112e85f8c31e797f68ca4184e3899e782423cc62c957f94,64bda940952af5eff98571b5b585e5202e7bd2c206f269d6f22ec751b6a66dd6,thymine_ribose_smd_water.log,valid,90,32,optimized.xyz
calc_8d8e4f819cf4d5b8,data/calculations/calc_8d8e4f819cf4d5b8/record.json,0b573a370c69d9ceb9d6c79f92ba098d3f29515eb928a814c16be7d22c278f33,8d8e4f819cf4d5b86073cf1d1d2be8380ffc050d6523252715f2cc5ff571a8e1,thymine_ribose_phosphate_smd_water.log,valid,105,37,optimized.xyz
calc_33f0d89cd9d3b947,data/calculations/calc_33f0d89cd9d3b947/record.json,ff4134c6a4ba88f36c93d696002ed1d313b6defeb7a2d2327390667b547bdccc,33f0d89cd9d3b947e13ccbbec67bb4b966179a04a38d1179b8bfeb95a2ca8586,uracil_ribose_smd_water.log,valid,81,29,optimized.xyz
calc_71e4fd9c80d17df9,data/calculations/calc_71e4fd9c80d17df9/record.json,1a1714871c3a162d90ed00a3d7140c6e7a02ea6ad6d31ab188af9aa8bb38ba68,71e4fd9c80d17df96ccd903ee71de196653c8f0885f526ad41c99d87f56b63ed,uracil_ribose_phosphate_smd_water.log,valid,96,34,optimized.xyz
calc_8562808cff7d009e,data/calculations/calc_8562808cff7d009e/record.json,82e8ddb78ba39d4a4c3c01edabefbb4208aa3063f2cfca1c18003092b10ed3ee,8562808cff7d009e1c62da3324bb75535a72adbd3d2b6ee4e066517fabc8601e,xanthine_ribose_phosphate_smd_water.log,valid,105,37,optimized.xyz
calc_d8fadd1e5364264f,data/calculations/calc_d8fadd1e5364264f/record.json,f073f4edf7cc9cd6f8f51a126225d81906d84c602d0ed9595b916bdab4503c5b,d8fadd1e5364264f72aa45baf9e58bc7eeaab046c7056adf7e68d079caf8176a,adenine_smd_water.log,valid,39,15,optimized.xyz
calc_5687d6eeed8d267c,data/calculations/calc_5687d6eeed8d267c/record.json,9dbe382ff6109ae045bd0fcde50bcb5432ecbf37500f0661a61b7e3afd57c0d5,5687d6eeed8d267cfb5812ca6e89f89dcdd3c0c946a92daa105a77e89f4055b0,barbituric_acid_Clink_smd_water.log,valid,33,13,optimized.xyz
calc_4b4dd9bef7f20064,data/calculations/calc_4b4dd9bef7f20064/record.json,11d1df05fa0ff127891cd496a9a3125c3a10d05dab87f1b155ef94e878ef51ee,4b4dd9bef7f200645cc4b425b8344473c786fd005a89c2a8a616f3a11a0f8a92,cytosine_smd_water.log,valid,33,13,optimized.xyz
calc_8626fbd01c1c40ed,data/calculations/calc_8626fbd01c1c40ed/record.json,685a61ad5d1109f61fd0e35231ed0188019df5f4b580f2ecc0dc50b78782ab0b,8626fbd01c1c40ed7968b95b32489d20ca07e95e1e4630be9d6430159892a31e,guanine_smd_water.log,valid,42,16,optimized.xyz
calc_3a261bbad3062bff,data/calculations/calc_3a261bbad3062bff/record.json,1fdc322351721a54f0e0804291a26829a80a1b85c69f7ea82fa6594e8ff3ad41,3a261bbad3062bfff2da975ce1a2f15c553929fb1717bab9637500ef92a3cd8c,imidazole_smd_water.log,valid,21,9,optimized.xyz
calc_1632baec8f23be35,data/calculations/calc_1632baec8f23be35/record.json,c7da2d897ee31454c16d1421553357de01619432543fca2ece16d15ec48880ac,1632baec8f23be351628dce2964ee43d0836b715518c6e974e5e805139ec6c59,melamine_smd_water.log,valid,39,15,optimized.xyz
calc_dba554ab032f7da2,data/calculations/calc_dba554ab032f7da2/record.json,933ab223f78a596ae15dc140a83010d0b340bf020b12b59056b41cdeb82ed606,dba554ab032f7da2b6996e83f4bd9c9171bc0f53faf0bbbc737f4d0cd24c30ef,phosphate_smd_water.log,valid,18,8,optimized.xyz
calc_73513eb6dbf3d59a,data/calculations/calc_73513eb6dbf3d59a/record.json,eb90a2873df9a4b6db96df7f13b958f92db439e62e1bd84b8facbecc85407740,73513eb6dbf3d59af67c6168573471e8dd1eb13339bb577fb86d30f74e7eead9,ribose_smd_water.log,valid,54,20,optimized.xyz
calc_37224311d98c4c49,data/calculations/calc_37224311d98c4c49/record.json,3ccbb5ae8fd61fd16f23079b37d999f679940be5a69e88c0b7d355ab47e7e1d7,37224311d98c4c490b2c0807c94b79c03ed9a37ce6dd4652f3fe44a540f93ef5,tap_C5link_smd_water.log,valid,42,16,optimized.xyz
calc_1c7a5355de31f415,data/calculations/calc_1c7a5355de31f415/record.json,ff53ff49800f352d0143a4948ab193e8b22276bb5ba565308a7a022463945039,1c7a5355de31f41597184fe798fbc06b0126411ddb2539aacff8075743b84774,thymine_smd_water.log,valid,39,15,optimized.xyz
calc_0f12ea6b595a93ec,data/calculations/calc_0f12ea6b595a93ec/record.json,747a491bd61e84eb072d6ed4fcf02304364ca4eb5baf476b0755f93160075906,0f12ea6b595a93ec35e6ea35194b29696682e8e08122d57da1bec6d10f4dd7f9,uracil_smd_water.log,valid,30,12,optimized.xyz
calc_6f45fb9022587d2a,data/calculations/calc_6f45fb9022587d2a/record.json,7ef4d085c83a7180021d1401ad7ad61b8218c7b9b71ddebe8c30904a6d13156f,6f45fb9022587d2a9a2f874d10a885958c06ef59d8efd9f64862eec6ae0cd178,water_smd_water.log,valid,3,3,optimized.xyz
calc_6e5426e1ce41021c,data/calculations/calc_6e5426e1ce41021c/record.json,68d2fb134c4e2b83bdc15b545ce4759cb4a31891ee6a11ef80fb06ca2bf92665,6e5426e1ce41021c2a8179a5e3d88fd27c21ff568bf73f8c8ab3ddb3711fefbd,xanthine_smd_water.log,valid,39,15,optimized.xyz
calc_09eaa4c6091a5f08,data/calculations/calc_09eaa4c6091a5f08/record.json,c076ea7d1cef3a02fab8d4f03fb9789830a345b607f1c3a257d91f93514569ef,09eaa4c6091a5f080fd0f7b61b8b4534e8f3452e14ee9f3b64181713487cd9b3,adenine_ribose_phosphate_conf13_wb97xd_smd_water.log,valid,105,37,optimized.xyz
calc_04f63a231dca7906,data/calculations/calc_04f63a231dca7906/record.json,ab56f13ff43d7dc010ffa93b935c0b99b904d9e2d56b6b0c9625c76f370a6cd7,04f63a231dca79061170397823490f9cf9ae58c43ea7b25baa7051c7b273d53a,barbituric_acid_Clink_ribose_phosphate_conf1_wb97xd_smd_water.log,valid,99,35,optimized.xyz
calc_bc421ebce09a5829,data/calculations/calc_bc421ebce09a5829/record.json,066cc6be4348ae301d989db1ce9ea1c4aadb5d82cdeeb994e9b48bed80d59893,bc421ebce09a582955474b32bb6f6115b340b60773bedc2ac817df152a0381f9,cytosine_ribose_phosphate_conf2_wb97xd_smd_water.log,valid,99,35,optimized.xyz
calc_78f81024d1ff47cb,data/calculations/calc_78f81024d1ff47cb/record.json,3662ca911e9068421706b2847431098839c045fbe62376367fb5597a736191e6,78f81024d1ff47cbc780d9e4d3a2e99790b6de60fbf328d84c0bc8e7500b53e7,guanine_ribose_phosphate_conf87_wb97xd_smd_water.log,valid,108,38,optimized.xyz
calc_0e4c7aa3a97c6d8c,data/calculations/calc_0e4c7aa3a97c6d8c/record.json,b06b5f68370d9747a407fd5d30386d16a4158c1144ac0ed9eb18a3779ba4a74e,0e4c7aa3a97c6d8cda03f1159f1ca2991f68dbc6a4b94b6d22bd43efe4c2c16c,imidazole_ribose_phosphate_conf11_wb97xd_smd_water.log,valid,87,31,optimized.xyz
calc_7a8ceeb16edf502a,data/calculations/calc_7a8ceeb16edf502a/record.json,b55d3fe7c240468fdec89f91db4ed7de0a713069eb14a12f35c2a3b3f931238f,7a8ceeb16edf502a2fb6fbeffb2eb97166014f0f14a45df409eb5fc5d7dcb7f3,melamine_ribose_phosphate_conf79_wb97xd_smd_water.log,valid,105,37,optimized.xyz
calc_7cd543fe94878ff7,data/calculations/calc_7cd543fe94878ff7/record.json,fd3cc237f626faa9ac46b994304b56e0fa0a420a306e64e5266e65df88beb1cc,7cd543fe94878ff78c5e8d753cdbd3db379b05673c809c56ce37d7ed3f0931a3,tap_C5link_ribose_phosphate_dft_seed_wb97xd_smd_water.log,valid,108,38,optimized.xyz
calc_52d11e5c99c1522e,data/calculations/calc_52d11e5c99c1522e/record.json,79fe4e3d00ba3b8312342e563637536c801cb50f1811fb795cddb53b6b6fc3dd,52d11e5c99c1522ebe370c23efee5471ff44466dd12f86ea8dada3927e437b41,thymine_ribose_phosphate_conf46_wb97xd_smd_water.log,valid,105,37,optimized.xyz
calc_3100ea350ac9136c,data/calculations/calc_3100ea350ac9136c/record.json,4417a01d9ca57b21407af153231d24ab0273d7c5f5be3da9b2690a18ffae0d2d,3100ea350ac9136cfc779af0f7f4024767fc72679bedfe68c110264b12509082,uracil_ribose_phosphate_conf65_wb97xd_smd_water.log,valid,96,34,optimized.xyz
calc_65ed7cea79d02289,data/calculations/calc_65ed7cea79d02289/record.json,080a7d5ca863a6e4c5497315dc319f42a155675adc9d89038b3158e180d5845f,65ed7cea79d02289f0ff50659b074afb73a457e6d689ba01a61e60f1bf18397d,xanthine_ribose_phosphate_dft_seed_wb97xd_smd_water.log,valid,105,37,optimized.xyz
calc_d6e0ee5600c77646,data/calculations/calc_d6e0ee5600c77646/record.json,70b178632088d433b3c1cb7e024d6a66460c8c7b23c65aa35536005dfe9fa437,d6e0ee5600c77646085f1e0bfe7b4be826b8a3b0d599068d36b11612c2f1e74d,adenine_ribose_conf1_wb97xd_smd_water.log,valid,90,32,optimized.xyz
calc_3c5a4da3a0e261eb,data/calculations/calc_3c5a4da3a0e261eb/record.json,2b0428d0efb006471696f7d2a474def7f76ed071bfe3d3975d3dcb2efa806fdd,3c5a4da3a0e261eba692757cf59beb4e8aeb1a7b44533990fd81a6823544397d,cytosine_ribose_conf1_wb97xd_smd_water.log,valid,84,30,optimized.xyz
calc_cfb3c19a9a0d5966,data/calculations/calc_cfb3c19a9a0d5966/record.json,71b3c2c2f66da723b86e3026a01d4c70bd437a1a71752b2bdcc80efa7f799add,cfb3c19a9a0d596629eb1eace21e2809ebc78a956860bcec1b6332bf1239e023,guanine_ribose_conf1_wb97xd_smd_water.log,valid,93,33,optimized.xyz
calc_fd81a34f6634214c,data/calculations/calc_fd81a34f6634214c/record.json,f4af5353fc0d770a5daaf684b24e5e339437eba6fe81e166a05e74dd7c0e1662,fd81a34f6634214cee59457c33b0b0e63ea95f2d8093e87609ba769d8a579a11,thymine_ribose_conf2_wb97xd_smd_water.log,valid,90,32,optimized.xyz
calc_cc34f0ef71265eca,data/calculations/calc_cc34f0ef71265eca/record.json,6d1d6f0a9964e3a4509366c18dea3efbaabf725344ebc7ebae15ea6661d2023b,cc34f0ef71265ecae52d43f3d1fe14f674c83cf8a0d2afa1451d3708466e74fb,uracil_ribose_conf4_wb97xd_smd_water.log,valid,81,29,optimized.xyz
calc_146ced27141c723d,data/calculations/calc_146ced27141c723d/record.json,7f6f4018b923289b765790c0ebe36fcf08f582a765e2176b1e91b579844b5c67,146ced27141c723d41cd70250bbc4937a79a351a787391469dd82185092229b7,adenine_ribose_phosphate_conf13_w2_splitA_pcm_water.log,valid,123,43,optimized.xyz
calc_c8ba0d588d9f5799,data/calculations/calc_c8ba0d588d9f5799/record.json,ca5bbd20f21b2862d819028285433117a1e8df47e11495ade288e5289d1ce407,c8ba0d588d9f5799420f2186eb7b2ff854dfec738f21e3cc2f3b6623d2dfed4c,adenine_ribose_phosphate_conf13_w2_splitB_pcm_water.log,valid,123,43,optimized.xyz
calc_c03413cefe275eaf,data/calculations/calc_c03413cefe275eaf/record.json,fe8266a33edd1755df9425e204d8c001ec43fd97fd7f1b9a50ca4c099bbb4b94,c03413cefe275eaf5c2347c03aae744afc738a032bc3d416a97ea109f47ebe94,cytosine_ribose_phosphate_conf2_w2_splitA_pcm_water.log,valid,117,41,optimized.xyz
calc_209cce8566547aff,data/calculations/calc_209cce8566547aff/record.json,c4c7871f33b60cfc538bc9629ac88162ce13a7db964c62072a7a42b860169adb,209cce8566547aff3ea2d577e6a4d3b9b96c4ac800fb6989c8c1255f49a790a4,cytosine_ribose_phosphate_conf2_w2_splitB_pcm_water.log,valid,117,41,optimized.xyz
calc_1b5f66f735355281,data/calculations/calc_1b5f66f735355281/record.json,d32bb3d0ce16a961aae29b9fd3e8416235092dc614bafd9f97c03d1d12ef4441,1b5f66f735355281685103f09a0707d44f44b3fe4cc1cbd9f53788b3da95c4c9,guanine_ribose_phosphate_conf87_w2_splitA_pcm_water.log,valid,126,44,optimized.xyz
calc_9e9d5987647e1684,data/calculations/calc_9e9d5987647e1684/record.json,84181c75d1b119f32e0a26154c3ccdb6d49a728e889734ad551230cf5eb73e8a,9e9d5987647e16849b50c3e63c88bc2ec3e41ad078af07e3e497859cd4b0dcbd,tap_C5link_ribose_phosphate_dft_seed_w2_splitA_pcm_water.log,valid,126,44,optimized.xyz
calc_c9a679f675491f42,data/calculations/calc_c9a679f675491f42/record.json,49e9a2cb4689ac45ea07f05ef2ce4b9f283908b1b8a8fa0465325690d2cf8438,c9a679f675491f42fd02077fd0a7eeb992844c21eefb4e2720f486feddd1d770,tap_C5link_ribose_phosphate_dft_seed_w2_splitB_pcm_water.log,valid,126,44,optimized.xyz
calc_4988b19d69c57b7e,data/calculations/calc_4988b19d69c57b7e/record.json,4498f56d4200c1807dcb5667b3ce602cbe9d5df6e508d882d4f0a0e4b690db49,4988b19d69c57b7edfa65a70efe1188f14f1a1331f6c2bbed9476ce36aa61c3c,melamine_ribose_phosphate_conf79_w2_splitA_pcm_water.log,valid,123,43,optimized.xyz
calc_a821ef954e5ab9d9,data/calculations/calc_a821ef954e5ab9d9/record.json,27018eb121215d52c342cbebb36aa201aa44edad2f35cc8b531dcf7f19a28fa5,a821ef954e5ab9d917b8b9e0da0a568701e865dcae30be717019b8b68af5695a,melamine_ribose_phosphate_conf79_w2_splitB_pcm_water.log,valid,123,43,optimized.xyz
calc_d4b4aa8b53070bb4,data/calculations/calc_d4b4aa8b53070bb4/record.json,e3784dc42fe02e1c828bc6b93fd2b0bcee8bae917d9ceb7201dd6a3845c86fdd,d4b4aa8b53070bb44574bd22973a6842794e097f9635682f819e70841c785c80,imidazole_ribose_phosphate_conf11_w2_splitA_pcm_water.log,valid,105,37,optimized.xyz
calc_ae92928552ba62b6,data/calculations/calc_ae92928552ba62b6/record.json,ea8f304199d08e9cee5e6151356be5ef0dbcd6010393e5b4b7e15d91d31aad19,ae92928552ba62b6177addb5ae4605667f0652ac1987edc4c10cf856982d33cf,imidazole_ribose_phosphate_conf11_w2_splitB_pcm_water.log,valid,105,37,optimized.xyz
calc_ffa6ab27e97bdf79,data/calculations/calc_ffa6ab27e97bdf79/record.json,f96dfd34e26f97ce04d54e8e279d825223d39771da864a43d1baa44a94a2ad92,ffa6ab27e97bdf790a0c8ecad9e099b10cbc810bde2869bc5113f6e011403c7f,guanine_ribose_phosphate_conf87_w2_splitB_internal_repair_pcm_water.log,valid,126,44,optimized.xyz
