treatment,choice_bits,adenine_candidate_id,cytosine_candidate_id,imidazole_candidate_id,melamine_candidate_id,tap_candidate_id,guanine_candidate_id,rank_order,c_minus_a_kcal_mol,pairwise_retained,ac_top_two
harmonic,000000,adenine_ribose_phosphate_conf13_w2_splitA_pcm_water,cytosine_ribose_phosphate_conf2_w2_splitA_pcm_water,imidazole_ribose_phosphate_conf11_w2_splitA_pcm_water,melamine_ribose_phosphate_conf79_w2_splitA_pcm_water,tap_C5link_ribose_phosphate_dft_seed_w2_splitA_pcm_water,guanine_ribose_phosphate_conf87_w2_splitA_pcm_water,cytosine < tap < imidazole < adenine < melamine < guanine,-2.0800734247886705,9,False
harmonic,000001,adenine_ribose_phosphate_conf13_w2_splitA_pcm_water,cytosine_ribose_phosphate_conf2_w2_splitA_pcm_water,imidazole_ribose_phosphate_conf11_w2_splitA_pcm_water,melamine_ribose_phosphate_conf79_w2_splitA_pcm_water,tap_C5link_ribose_phosphate_dft_seed_w2_splitA_pcm_water,guanine_ribose_phosphate_conf87_w2_splitB_internal_repair_pcm_water,cytosine < tap < imidazole < adenine < guanine < melamine,-2.0800734247886705,8,False
harmonic,000010,adenine_ribose_phosphate_conf13_w2_splitA_pcm_water,cytosine_ribose_phosphate_conf2_w2_splitA_pcm_water,imidazole_ribose_phosphate_conf11_w2_splitA_pcm_water,melamine_ribose_phosphate_conf79_w2_splitA_pcm_water,tap_C5link_ribose_phosphate_dft_seed_w2_splitB_pcm_water,guanine_ribose_phosphate_conf87_w2_splitA_pcm_water,cytosine < imidazole < adenine < tap < melamine < guanine,-2.0800734247886705,11,False
harmonic,000011,adenine_ribose_phosphate_conf13_w2_splitA_pcm_water,cytosine_ribose_phosphate_conf2_w2_splitA_pcm_water,imidazole_ribose_phosphate_conf11_w2_splitA_pcm_water,melamine_ribose_phosphate_conf79_w2_splitA_pcm_water,tap_C5link_ribose_phosphate_dft_seed_w2_splitB_pcm_water,guanine_ribose_phosphate_conf87_w2_splitB_internal_repair_pcm_water,cytosine < imidazole < adenine < tap < guanine < melamine,-2.0800734247886705,10,False
harmonic,000100,adenine_ribose_phosphate_conf13_w2_splitA_pcm_water,cytosine_ribose_phosphate_conf2_w2_splitA_pcm_water,imidazole_ribose_phosphate_conf11_w2_splitA_pcm_water,melamine_ribose_phosphate_conf79_w2_splitB_pcm_water,tap_C5link_ribose_phosphate_dft_seed_w2_splitA_pcm_water,guanine_ribose_phosphate_conf87_w2_splitA_pcm_water,cytosine < melamine < tap < imidazole < adenine < guanine,-2.0800734247886705,10,False
harmonic,000101,adenine_ribose_phosphate_conf13_w2_splitA_pcm_water,cytosine_ribose_phosphate_conf2_w2_splitA_pcm_water,imidazole_ribose_phosphate_conf11_w2_splitA_pcm_water,melamine_ribose_phosphate_conf79_w2_splitB_pcm_water,tap_C5link_ribose_phosphate_dft_seed_w2_splitA_pcm_water,guanine_ribose_phosphate_conf87_w2_splitB_internal_repair_pcm_water,cytosine < melamine < tap < imidazole < adenine < guanine,-2.0800734247886705,10,False
harmonic,000110,adenine_ribose_phosphate_conf13_w2_splitA_pcm_water,cytosine_ribose_phosphate_conf2_w2_splitA_pcm_water,imidazole_ribose_phosphate_conf11_w2_splitA_pcm_water,melamine_ribose_phosphate_conf79_w2_splitB_pcm_water,tap_C5link_ribose_phosphate_dft_seed_w2_splitB_pcm_water,guanine_ribose_phosphate_conf87_w2_splitA_pcm_water,cytosine < melamine < imidazole < adenine < tap < guanine,-2.0800734247886705,12,False
harmonic,000111,adenine_ribose_phosphate_conf13_w2_splitA_pcm_water,cytosine_ribose_phosphate_conf2_w2_splitA_pcm_water,imidazole_ribose_phosphate_conf11_w2_splitA_pcm_water,melamine_ribose_phosphate_conf79_w2_splitB_pcm_water,tap_C5link_ribose_phosphate_dft_seed_w2_splitB_pcm_water,guanine_ribose_phosphate_conf87_w2_splitB_internal_repair_pcm_water,cytosine < melamine < imidazole < adenine < tap < guanine,-2.0800734247886705,12,False
harmonic,001000,adenine_ribose_phosphate_conf13_w2_splitA_pcm_water,cytosine_ribose_phosphate_conf2_w2_splitA_pcm_water,imidazole_ribose_phosphate_conf11_w2_splitB_pcm_water,melamine_ribose_phosphate_conf79_w2_splitA_pcm_water,tap_C5link_ribose_phosphate_dft_seed_w2_splitA_pcm_water,guanine_ribose_phosphate_conf87_w2_splitA_pcm_water,cytosine < imidazole < tap < adenine < melamine < guanine,-2.0800734247886705,10,False
harmonic,001001,adenine_ribose_phosphate_conf13_w2_splitA_pcm_water,cytosine_ribose_phosphate_conf2_w2_splitA_pcm_water,imidazole_ribose_phosphate_conf11_w2_splitB_pcm_water,melamine_ribose_phosphate_conf79_w2_splitA_pcm_water,tap_C5link_ribose_phosphate_dft_seed_w2_splitA_pcm_water,guanine_ribose_phosphate_conf87_w2_splitB_internal_repair_pcm_water,cytosine < imidazole < tap < adenine < guanine < melamine,-2.0800734247886705,9,False
harmonic,001010,adenine_ribose_phosphate_conf13_w2_splitA_pcm_water,cytosine_ribose_phosphate_conf2_w2_splitA_pcm_water,imidazole_ribose_phosphate_conf11_w2_splitB_pcm_water,melamine_ribose_phosphate_conf79_w2_splitA_pcm_water,tap_C5link_ribose_phosphate_dft_seed_w2_splitB_pcm_water,guanine_ribose_phosphate_conf87_w2_splitA_pcm_water,cytosine < imidazole < adenine < tap < melamine < guanine,-2.0800734247886705,11,False
harmonic,001011,adenine_ribose_phosphate_conf13_w2_splitA_pcm_water,cytosine_ribose_phosphate_conf2_w2_splitA_pcm_water,imidazole_ribose_phosphate_conf11_w2_splitB_pcm_water,melamine_ribose_phosphate_conf79_w2_splitA_pcm_water,tap_C5link_ribose_phosphate_dft_seed_w2_splitB_pcm_water,guanine_ribose_phosphate_conf87_w2_splitB_internal_repair_pcm_water,cytosine < imidazole < adenine < tap < guanine < melamine,-2.0800734247886705,10,False
harmonic,001100,adenine_ribose_phosphate_conf13_w2_splitA_pcm_water,cytosine_ribose_phosphate_conf2_w2_splitA_pcm_water,imidazole_ribose_phosphate_conf11_w2_splitB_pcm_water,melamine_ribose_phosphate_conf79_w2_splitB_pcm_water,tap_C5link_ribose_phosphate_dft_seed_w2_splitA_pcm_water,guanine_ribose_phosphate_conf87_w2_splitA_pcm_water,cytosine < imidazole < melamine < tap < adenine < guanine,-2.0800734247886705,10,False
harmonic,001101,adenine_ribose_phosphate_conf13_w2_splitA_pcm_water,cytosine_ribose_phosphate_conf2_w2_splitA_pcm_water,imidazole_ribose_phosphate_conf11_w2_splitB_pcm_water,melamine_ribose_phosphate_conf79_w2_splitB_pcm_water,tap_C5link_ribose_phosphate_dft_seed_w2_splitA_pcm_water,guanine_ribose_phosphate_conf87_w2_splitB_internal_repair_pcm_water,cytosine < imidazole < melamine < tap < adenine < guanine,-2.0800734247886705,10,False
harmonic,001110,adenine_ribose_phosphate_conf13_w2_splitA_pcm_water,cytosine_ribose_phosphate_conf2_w2_splitA_pcm_water,imidazole_ribose_phosphate_conf11_w2_splitB_pcm_water,melamine_ribose_phosphate_conf79_w2_splitB_pcm_water,tap_C5link_ribose_phosphate_dft_seed_w2_splitB_pcm_water,guanine_ribose_phosphate_conf87_w2_splitA_pcm_water,cytosine < imidazole < melamine < adenine < tap < guanine,-2.0800734247886705,11,False
harmonic,001111,adenine_ribose_phosphate_conf13_w2_splitA_pcm_water,cytosine_ribose_phosphate_conf2_w2_splitA_pcm_water,imidazole_ribose_phosphate_conf11_w2_splitB_pcm_water,melamine_ribose_phosphate_conf79_w2_splitB_pcm_water,tap_C5link_ribose_phosphate_dft_seed_w2_splitB_pcm_water,guanine_ribose_phosphate_conf87_w2_splitB_internal_repair_pcm_water,cytosine < imidazole < melamine < adenine < tap < guanine,-2.0800734247886705,11,False
harmonic,010000,adenine_ribose_phosphate_conf13_w2_splitA_pcm_water,cytosine_ribose_phosphate_conf2_w2_splitB_pcm_water,imidazole_ribose_phosphate_conf11_w2_splitA_pcm_water,melamine_ribose_phosphate_conf79_w2_splitA_pcm_water,tap_C5link_ribose_phosphate_dft_seed_w2_splitA_pcm_water,guanine_ribose_phosphate_conf87_w2_splitA_pcm_water,cytosine < tap < imidazole < adenine < melamine < guanine,-4.259595805878478,9,False
harmonic,010001,adenine_ribose_phosphate_conf13_w2_splitA_pcm_water,cytosine_ribose_phosphate_conf2_w2_splitB_pcm_water,imidazole_ribose_phosphate_conf11_w2_splitA_pcm_water,melamine_ribose_phosphate_conf79_w2_splitA_pcm_water,tap_C5link_ribose_phosphate_dft_seed_w2_splitA_pcm_water,guanine_ribose_phosphate_conf87_w2_splitB_internal_repair_pcm_water,cytosine < tap < imidazole < adenine < guanine < melamine,-4.259595805878478,8,False
harmonic,010010,adenine_ribose_phosphate_conf13_w2_splitA_pcm_water,cytosine_ribose_phosphate_conf2_w2_splitB_pcm_water,imidazole_ribose_phosphate_conf11_w2_splitA_pcm_water,melamine_ribose_phosphate_conf79_w2_splitA_pcm_water,tap_C5link_ribose_phosphate_dft_seed_w2_splitB_pcm_water,guanine_ribose_phosphate_conf87_w2_splitA_pcm_water,cytosine < imidazole < adenine < tap < melamine < guanine,-4.259595805878478,11,False
harmonic,010011,adenine_ribose_phosphate_conf13_w2_splitA_pcm_water,cytosine_ribose_phosphate_conf2_w2_splitB_pcm_water,imidazole_ribose_phosphate_conf11_w2_splitA_pcm_water,melamine_ribose_phosphate_conf79_w2_splitA_pcm_water,tap_C5link_ribose_phosphate_dft_seed_w2_splitB_pcm_water,guanine_ribose_phosphate_conf87_w2_splitB_internal_repair_pcm_water,cytosine < imidazole < adenine < tap < guanine < melamine,-4.259595805878478,10,False
harmonic,010100,adenine_ribose_phosphate_conf13_w2_splitA_pcm_water,cytosine_ribose_phosphate_conf2_w2_splitB_pcm_water,imidazole_ribose_phosphate_conf11_w2_splitA_pcm_water,melamine_ribose_phosphate_conf79_w2_splitB_pcm_water,tap_C5link_ribose_phosphate_dft_seed_w2_splitA_pcm_water,guanine_ribose_phosphate_conf87_w2_splitA_pcm_water,cytosine < melamine < tap < imidazole < adenine < guanine,-4.259595805878478,10,False
harmonic,010101,adenine_ribose_phosphate_conf13_w2_splitA_pcm_water,cytosine_ribose_phosphate_conf2_w2_splitB_pcm_water,imidazole_ribose_phosphate_conf11_w2_splitA_pcm_water,melamine_ribose_phosphate_conf79_w2_splitB_pcm_water,tap_C5link_ribose_phosphate_dft_seed_w2_splitA_pcm_water,guanine_ribose_phosphate_conf87_w2_splitB_internal_repair_pcm_water,cytosine < melamine < tap < imidazole < adenine < guanine,-4.259595805878478,10,False
harmonic,010110,adenine_ribose_phosphate_conf13_w2_splitA_pcm_water,cytosine_ribose_phosphate_conf2_w2_splitB_pcm_water,imidazole_ribose_phosphate_conf11_w2_splitA_pcm_water,melamine_ribose_phosphate_conf79_w2_splitB_pcm_water,tap_C5link_ribose_phosphate_dft_seed_w2_splitB_pcm_water,guanine_ribose_phosphate_conf87_w2_splitA_pcm_water,cytosine < melamine < imidazole < adenine < tap < guanine,-4.259595805878478,12,False
harmonic,010111,adenine_ribose_phosphate_conf13_w2_splitA_pcm_water,cytosine_ribose_phosphate_conf2_w2_splitB_pcm_water,imidazole_ribose_phosphate_conf11_w2_splitA_pcm_water,melamine_ribose_phosphate_conf79_w2_splitB_pcm_water,tap_C5link_ribose_phosphate_dft_seed_w2_splitB_pcm_water,guanine_ribose_phosphate_conf87_w2_splitB_internal_repair_pcm_water,cytosine < melamine < imidazole < adenine < tap < guanine,-4.259595805878478,12,False
harmonic,011000,adenine_ribose_phosphate_conf13_w2_splitA_pcm_water,cytosine_ribose_phosphate_conf2_w2_splitB_pcm_water,imidazole_ribose_phosphate_conf11_w2_splitB_pcm_water,melamine_ribose_phosphate_conf79_w2_splitA_pcm_water,tap_C5link_ribose_phosphate_dft_seed_w2_splitA_pcm_water,guanine_ribose_phosphate_conf87_w2_splitA_pcm_water,cytosine < imidazole < tap < adenine < melamine < guanine,-4.259595805878478,10,False
harmonic,011001,adenine_ribose_phosphate_conf13_w2_splitA_pcm_water,cytosine_ribose_phosphate_conf2_w2_splitB_pcm_water,imidazole_ribose_phosphate_conf11_w2_splitB_pcm_water,melamine_ribose_phosphate_conf79_w2_splitA_pcm_water,tap_C5link_ribose_phosphate_dft_seed_w2_splitA_pcm_water,guanine_ribose_phosphate_conf87_w2_splitB_internal_repair_pcm_water,cytosine < imidazole < tap < adenine < guanine < melamine,-4.259595805878478,9,False
harmonic,011010,adenine_ribose_phosphate_conf13_w2_splitA_pcm_water,cytosine_ribose_phosphate_conf2_w2_splitB_pcm_water,imidazole_ribose_phosphate_conf11_w2_splitB_pcm_water,melamine_ribose_phosphate_conf79_w2_splitA_pcm_water,tap_C5link_ribose_phosphate_dft_seed_w2_splitB_pcm_water,guanine_ribose_phosphate_conf87_w2_splitA_pcm_water,cytosine < imidazole < adenine < tap < melamine < guanine,-4.259595805878478,11,False
harmonic,011011,adenine_ribose_phosphate_conf13_w2_splitA_pcm_water,cytosine_ribose_phosphate_conf2_w2_splitB_pcm_water,imidazole_ribose_phosphate_conf11_w2_splitB_pcm_water,melamine_ribose_phosphate_conf79_w2_splitA_pcm_water,tap_C5link_ribose_phosphate_dft_seed_w2_splitB_pcm_water,guanine_ribose_phosphate_conf87_w2_splitB_internal_repair_pcm_water,cytosine < imidazole < adenine < tap < guanine < melamine,-4.259595805878478,10,False
harmonic,011100,adenine_ribose_phosphate_conf13_w2_splitA_pcm_water,cytosine_ribose_phosphate_conf2_w2_splitB_pcm_water,imidazole_ribose_phosphate_conf11_w2_splitB_pcm_water,melamine_ribose_phosphate_conf79_w2_splitB_pcm_water,tap_C5link_ribose_phosphate_dft_seed_w2_splitA_pcm_water,guanine_ribose_phosphate_conf87_w2_splitA_pcm_water,cytosine < imidazole < melamine < tap < adenine < guanine,-4.259595805878478,10,False
harmonic,011101,adenine_ribose_phosphate_conf13_w2_splitA_pcm_water,cytosine_ribose_phosphate_conf2_w2_splitB_pcm_water,imidazole_ribose_phosphate_conf11_w2_splitB_pcm_water,melamine_ribose_phosphate_conf79_w2_splitB_pcm_water,tap_C5link_ribose_phosphate_dft_seed_w2_splitA_pcm_water,guanine_ribose_phosphate_conf87_w2_splitB_internal_repair_pcm_water,cytosine < imidazole < melamine < tap < adenine < guanine,-4.259595805878478,10,False
harmonic,011110,adenine_ribose_phosphate_conf13_w2_splitA_pcm_water,cytosine_ribose_phosphate_conf2_w2_splitB_pcm_water,imidazole_ribose_phosphate_conf11_w2_splitB_pcm_water,melamine_ribose_phosphate_conf79_w2_splitB_pcm_water,tap_C5link_ribose_phosphate_dft_seed_w2_splitB_pcm_water,guanine_ribose_phosphate_conf87_w2_splitA_pcm_water,cytosine < imidazole < melamine < adenine < tap < guanine,-4.259595805878478,11,False
harmonic,011111,adenine_ribose_phosphate_conf13_w2_splitA_pcm_water,cytosine_ribose_phosphate_conf2_w2_splitB_pcm_water,imidazole_ribose_phosphate_conf11_w2_splitB_pcm_water,melamine_ribose_phosphate_conf79_w2_splitB_pcm_water,tap_C5link_ribose_phosphate_dft_seed_w2_splitB_pcm_water,guanine_ribose_phosphate_conf87_w2_splitB_internal_repair_pcm_water,cytosine < imidazole < melamine < adenine < tap < guanine,-4.259595805878478,11,False
harmonic,100000,adenine_ribose_phosphate_conf13_w2_splitB_pcm_water,cytosine_ribose_phosphate_conf2_w2_splitA_pcm_water,imidazole_ribose_phosphate_conf11_w2_splitA_pcm_water,melamine_ribose_phosphate_conf79_w2_splitA_pcm_water,tap_C5link_ribose_phosphate_dft_seed_w2_splitA_pcm_water,guanine_ribose_phosphate_conf87_w2_splitA_pcm_water,adenine < cytosine < tap < imidazole < melamine < guanine,1.7371859327539692,12,True
harmonic,100001,adenine_ribose_phosphate_conf13_w2_splitB_pcm_water,cytosine_ribose_phosphate_conf2_w2_splitA_pcm_water,imidazole_ribose_phosphate_conf11_w2_splitA_pcm_water,melamine_ribose_phosphate_conf79_w2_splitA_pcm_water,tap_C5link_ribose_phosphate_dft_seed_w2_splitA_pcm_water,guanine_ribose_phosphate_conf87_w2_splitB_internal_repair_pcm_water,adenine < cytosine < tap < imidazole < guanine < melamine,1.7371859327539692,11,True
harmonic,100010,adenine_ribose_phosphate_conf13_w2_splitB_pcm_water,cytosine_ribose_phosphate_conf2_w2_splitA_pcm_water,imidazole_ribose_phosphate_conf11_w2_splitA_pcm_water,melamine_ribose_phosphate_conf79_w2_splitA_pcm_water,tap_C5link_ribose_phosphate_dft_seed_w2_splitB_pcm_water,guanine_ribose_phosphate_conf87_w2_splitA_pcm_water,adenine < cytosine < imidazole < tap < melamine < guanine,1.7371859327539692,13,True
harmonic,100011,adenine_ribose_phosphate_conf13_w2_splitB_pcm_water,cytosine_ribose_phosphate_conf2_w2_splitA_pcm_water,imidazole_ribose_phosphate_conf11_w2_splitA_pcm_water,melamine_ribose_phosphate_conf79_w2_splitA_pcm_water,tap_C5link_ribose_phosphate_dft_seed_w2_splitB_pcm_water,guanine_ribose_phosphate_conf87_w2_splitB_internal_repair_pcm_water,adenine < cytosine < imidazole < tap < guanine < melamine,1.7371859327539692,12,True
harmonic,100100,adenine_ribose_phosphate_conf13_w2_splitB_pcm_water,cytosine_ribose_phosphate_conf2_w2_splitA_pcm_water,imidazole_ribose_phosphate_conf11_w2_splitA_pcm_water,melamine_ribose_phosphate_conf79_w2_splitB_pcm_water,tap_C5link_ribose_phosphate_dft_seed_w2_splitA_pcm_water,guanine_ribose_phosphate_conf87_w2_splitA_pcm_water,adenine < cytosine < melamine < tap < imidazole < guanine,1.7371859327539692,14,True
harmonic,100101,adenine_ribose_phosphate_conf13_w2_splitB_pcm_water,cytosine_ribose_phosphate_conf2_w2_splitA_pcm_water,imidazole_ribose_phosphate_conf11_w2_splitA_pcm_water,melamine_ribose_phosphate_conf79_w2_splitB_pcm_water,tap_C5link_ribose_phosphate_dft_seed_w2_splitA_pcm_water,guanine_ribose_phosphate_conf87_w2_splitB_internal_repair_pcm_water,adenine < cytosine < melamine < tap < imidazole < guanine,1.7371859327539692,14,True
harmonic,100110,adenine_ribose_phosphate_conf13_w2_splitB_pcm_water,cytosine_ribose_phosphate_conf2_w2_splitA_pcm_water,imidazole_ribose_phosphate_conf11_w2_splitA_pcm_water,melamine_ribose_phosphate_conf79_w2_splitB_pcm_water,tap_C5link_ribose_phosphate_dft_seed_w2_splitB_pcm_water,guanine_ribose_phosphate_conf87_w2_splitA_pcm_water,adenine < cytosine < melamine < imidazole < tap < guanine,1.7371859327539692,15,True
harmonic,100111,adenine_ribose_phosphate_conf13_w2_splitB_pcm_water,cytosine_ribose_phosphate_conf2_w2_splitA_pcm_water,imidazole_ribose_phosphate_conf11_w2_splitA_pcm_water,melamine_ribose_phosphate_conf79_w2_splitB_pcm_water,tap_C5link_ribose_phosphate_dft_seed_w2_splitB_pcm_water,guanine_ribose_phosphate_conf87_w2_splitB_internal_repair_pcm_water,adenine < cytosine < melamine < imidazole < tap < guanine,1.7371859327539692,15,True
harmonic,101000,adenine_ribose_phosphate_conf13_w2_splitB_pcm_water,cytosine_ribose_phosphate_conf2_w2_splitA_pcm_water,imidazole_ribose_phosphate_conf11_w2_splitB_pcm_water,melamine_ribose_phosphate_conf79_w2_splitA_pcm_water,tap_C5link_ribose_phosphate_dft_seed_w2_splitA_pcm_water,guanine_ribose_phosphate_conf87_w2_splitA_pcm_water,adenine < cytosine < imidazole < tap < melamine < guanine,1.7371859327539692,13,True
harmonic,101001,adenine_ribose_phosphate_conf13_w2_splitB_pcm_water,cytosine_ribose_phosphate_conf2_w2_splitA_pcm_water,imidazole_ribose_phosphate_conf11_w2_splitB_pcm_water,melamine_ribose_phosphate_conf79_w2_splitA_pcm_water,tap_C5link_ribose_phosphate_dft_seed_w2_splitA_pcm_water,guanine_ribose_phosphate_conf87_w2_splitB_internal_repair_pcm_water,adenine < cytosine < imidazole < tap < guanine < melamine,1.7371859327539692,12,True
harmonic,101010,adenine_ribose_phosphate_conf13_w2_splitB_pcm_water,cytosine_ribose_phosphate_conf2_w2_splitA_pcm_water,imidazole_ribose_phosphate_conf11_w2_splitB_pcm_water,melamine_ribose_phosphate_conf79_w2_splitA_pcm_water,tap_C5link_ribose_phosphate_dft_seed_w2_splitB_pcm_water,guanine_ribose_phosphate_conf87_w2_splitA_pcm_water,adenine < cytosine < imidazole < tap < melamine < guanine,1.7371859327539692,13,True
harmonic,101011,adenine_ribose_phosphate_conf13_w2_splitB_pcm_water,cytosine_ribose_phosphate_conf2_w2_splitA_pcm_water,imidazole_ribose_phosphate_conf11_w2_splitB_pcm_water,melamine_ribose_phosphate_conf79_w2_splitA_pcm_water,tap_C5link_ribose_phosphate_dft_seed_w2_splitB_pcm_water,guanine_ribose_phosphate_conf87_w2_splitB_internal_repair_pcm_water,adenine < cytosine < imidazole < tap < guanine < melamine,1.7371859327539692,12,True
harmonic,101100,adenine_ribose_phosphate_conf13_w2_splitB_pcm_water,cytosine_ribose_phosphate_conf2_w2_splitA_pcm_water,imidazole_ribose_phosphate_conf11_w2_splitB_pcm_water,melamine_ribose_phosphate_conf79_w2_splitB_pcm_water,tap_C5link_ribose_phosphate_dft_seed_w2_splitA_pcm_water,guanine_ribose_phosphate_conf87_w2_splitA_pcm_water,adenine < cytosine < imidazole < melamine < tap < guanine,1.7371859327539692,14,True
harmonic,101101,adenine_ribose_phosphate_conf13_w2_splitB_pcm_water,cytosine_ribose_phosphate_conf2_w2_splitA_pcm_water,imidazole_ribose_phosphate_conf11_w2_splitB_pcm_water,melamine_ribose_phosphate_conf79_w2_splitB_pcm_water,tap_C5link_ribose_phosphate_dft_seed_w2_splitA_pcm_water,guanine_ribose_phosphate_conf87_w2_splitB_internal_repair_pcm_water,adenine < cytosine < imidazole < melamine < tap < guanine,1.7371859327539692,14,True
harmonic,101110,adenine_ribose_phosphate_conf13_w2_splitB_pcm_water,cytosine_ribose_phosphate_conf2_w2_splitA_pcm_water,imidazole_ribose_phosphate_conf11_w2_splitB_pcm_water,melamine_ribose_phosphate_conf79_w2_splitB_pcm_water,tap_C5link_ribose_phosphate_dft_seed_w2_splitB_pcm_water,guanine_ribose_phosphate_conf87_w2_splitA_pcm_water,adenine < cytosine < imidazole < melamine < tap < guanine,1.7371859327539692,14,True
harmonic,101111,adenine_ribose_phosphate_conf13_w2_splitB_pcm_water,cytosine_ribose_phosphate_conf2_w2_splitA_pcm_water,imidazole_ribose_phosphate_conf11_w2_splitB_pcm_water,melamine_ribose_phosphate_conf79_w2_splitB_pcm_water,tap_C5link_ribose_phosphate_dft_seed_w2_splitB_pcm_water,guanine_ribose_phosphate_conf87_w2_splitB_internal_repair_pcm_water,adenine < cytosine < imidazole < melamine < tap < guanine,1.7371859327539692,14,True
harmonic,110000,adenine_ribose_phosphate_conf13_w2_splitB_pcm_water,cytosine_ribose_phosphate_conf2_w2_splitB_pcm_water,imidazole_ribose_phosphate_conf11_w2_splitA_pcm_water,melamine_ribose_phosphate_conf79_w2_splitA_pcm_water,tap_C5link_ribose_phosphate_dft_seed_w2_splitA_pcm_water,guanine_ribose_phosphate_conf87_w2_splitA_pcm_water,cytosine < adenine < tap < imidazole < melamine < guanine,-0.44233644833583785,11,True
harmonic,110001,adenine_ribose_phosphate_conf13_w2_splitB_pcm_water,cytosine_ribose_phosphate_conf2_w2_splitB_pcm_water,imidazole_ribose_phosphate_conf11_w2_splitA_pcm_water,melamine_ribose_phosphate_conf79_w2_splitA_pcm_water,tap_C5link_ribose_phosphate_dft_seed_w2_splitA_pcm_water,guanine_ribose_phosphate_conf87_w2_splitB_internal_repair_pcm_water,cytosine < adenine < tap < imidazole < guanine < melamine,-0.44233644833583785,10,True
harmonic,110010,adenine_ribose_phosphate_conf13_w2_splitB_pcm_water,cytosine_ribose_phosphate_conf2_w2_splitB_pcm_water,imidazole_ribose_phosphate_conf11_w2_splitA_pcm_water,melamine_ribose_phosphate_conf79_w2_splitA_pcm_water,tap_C5link_ribose_phosphate_dft_seed_w2_splitB_pcm_water,guanine_ribose_phosphate_conf87_w2_splitA_pcm_water,cytosine < adenine < imidazole < tap < melamine < guanine,-0.44233644833583785,12,True
harmonic,110011,adenine_ribose_phosphate_conf13_w2_splitB_pcm_water,cytosine_ribose_phosphate_conf2_w2_splitB_pcm_water,imidazole_ribose_phosphate_conf11_w2_splitA_pcm_water,melamine_ribose_phosphate_conf79_w2_splitA_pcm_water,tap_C5link_ribose_phosphate_dft_seed_w2_splitB_pcm_water,guanine_ribose_phosphate_conf87_w2_splitB_internal_repair_pcm_water,cytosine < adenine < imidazole < tap < guanine < melamine,-0.44233644833583785,11,True
harmonic,110100,adenine_ribose_phosphate_conf13_w2_splitB_pcm_water,cytosine_ribose_phosphate_conf2_w2_splitB_pcm_water,imidazole_ribose_phosphate_conf11_w2_splitA_pcm_water,melamine_ribose_phosphate_conf79_w2_splitB_pcm_water,tap_C5link_ribose_phosphate_dft_seed_w2_splitA_pcm_water,guanine_ribose_phosphate_conf87_w2_splitA_pcm_water,cytosine < adenine < melamine < tap < imidazole < guanine,-0.44233644833583785,13,True
harmonic,110101,adenine_ribose_phosphate_conf13_w2_splitB_pcm_water,cytosine_ribose_phosphate_conf2_w2_splitB_pcm_water,imidazole_ribose_phosphate_conf11_w2_splitA_pcm_water,melamine_ribose_phosphate_conf79_w2_splitB_pcm_water,tap_C5link_ribose_phosphate_dft_seed_w2_splitA_pcm_water,guanine_ribose_phosphate_conf87_w2_splitB_internal_repair_pcm_water,cytosine < adenine < melamine < tap < imidazole < guanine,-0.44233644833583785,13,True
harmonic,110110,adenine_ribose_phosphate_conf13_w2_splitB_pcm_water,cytosine_ribose_phosphate_conf2_w2_splitB_pcm_water,imidazole_ribose_phosphate_conf11_w2_splitA_pcm_water,melamine_ribose_phosphate_conf79_w2_splitB_pcm_water,tap_C5link_ribose_phosphate_dft_seed_w2_splitB_pcm_water,guanine_ribose_phosphate_conf87_w2_splitA_pcm_water,cytosine < adenine < melamine < imidazole < tap < guanine,-0.44233644833583785,14,True
harmonic,110111,adenine_ribose_phosphate_conf13_w2_splitB_pcm_water,cytosine_ribose_phosphate_conf2_w2_splitB_pcm_water,imidazole_ribose_phosphate_conf11_w2_splitA_pcm_water,melamine_ribose_phosphate_conf79_w2_splitB_pcm_water,tap_C5link_ribose_phosphate_dft_seed_w2_splitB_pcm_water,guanine_ribose_phosphate_conf87_w2_splitB_internal_repair_pcm_water,cytosine < adenine < melamine < imidazole < tap < guanine,-0.44233644833583785,14,True
harmonic,111000,adenine_ribose_phosphate_conf13_w2_splitB_pcm_water,cytosine_ribose_phosphate_conf2_w2_splitB_pcm_water,imidazole_ribose_phosphate_conf11_w2_splitB_pcm_water,melamine_ribose_phosphate_conf79_w2_splitA_pcm_water,tap_C5link_ribose_phosphate_dft_seed_w2_splitA_pcm_water,guanine_ribose_phosphate_conf87_w2_splitA_pcm_water,cytosine < adenine < imidazole < tap < melamine < guanine,-0.44233644833583785,12,True
harmonic,111001,adenine_ribose_phosphate_conf13_w2_splitB_pcm_water,cytosine_ribose_phosphate_conf2_w2_splitB_pcm_water,imidazole_ribose_phosphate_conf11_w2_splitB_pcm_water,melamine_ribose_phosphate_conf79_w2_splitA_pcm_water,tap_C5link_ribose_phosphate_dft_seed_w2_splitA_pcm_water,guanine_ribose_phosphate_conf87_w2_splitB_internal_repair_pcm_water,cytosine < adenine < imidazole < tap < guanine < melamine,-0.44233644833583785,11,True
harmonic,111010,adenine_ribose_phosphate_conf13_w2_splitB_pcm_water,cytosine_ribose_phosphate_conf2_w2_splitB_pcm_water,imidazole_ribose_phosphate_conf11_w2_splitB_pcm_water,melamine_ribose_phosphate_conf79_w2_splitA_pcm_water,tap_C5link_ribose_phosphate_dft_seed_w2_splitB_pcm_water,guanine_ribose_phosphate_conf87_w2_splitA_pcm_water,cytosine < adenine < imidazole < tap < melamine < guanine,-0.44233644833583785,12,True
harmonic,111011,adenine_ribose_phosphate_conf13_w2_splitB_pcm_water,cytosine_ribose_phosphate_conf2_w2_splitB_pcm_water,imidazole_ribose_phosphate_conf11_w2_splitB_pcm_water,melamine_ribose_phosphate_conf79_w2_splitA_pcm_water,tap_C5link_ribose_phosphate_dft_seed_w2_splitB_pcm_water,guanine_ribose_phosphate_conf87_w2_splitB_internal_repair_pcm_water,cytosine < adenine < imidazole < tap < guanine < melamine,-0.44233644833583785,11,True
harmonic,111100,adenine_ribose_phosphate_conf13_w2_splitB_pcm_water,cytosine_ribose_phosphate_conf2_w2_splitB_pcm_water,imidazole_ribose_phosphate_conf11_w2_splitB_pcm_water,melamine_ribose_phosphate_conf79_w2_splitB_pcm_water,tap_C5link_ribose_phosphate_dft_seed_w2_splitA_pcm_water,guanine_ribose_phosphate_conf87_w2_splitA_pcm_water,cytosine < adenine < imidazole < melamine < tap < guanine,-0.44233644833583785,13,True
harmonic,111101,adenine_ribose_phosphate_conf13_w2_splitB_pcm_water,cytosine_ribose_phosphate_conf2_w2_splitB_pcm_water,imidazole_ribose_phosphate_conf11_w2_splitB_pcm_water,melamine_ribose_phosphate_conf79_w2_splitB_pcm_water,tap_C5link_ribose_phosphate_dft_seed_w2_splitA_pcm_water,guanine_ribose_phosphate_conf87_w2_splitB_internal_repair_pcm_water,cytosine < adenine < imidazole < melamine < tap < guanine,-0.44233644833583785,13,True
harmonic,111110,adenine_ribose_phosphate_conf13_w2_splitB_pcm_water,cytosine_ribose_phosphate_conf2_w2_splitB_pcm_water,imidazole_ribose_phosphate_conf11_w2_splitB_pcm_water,melamine_ribose_phosphate_conf79_w2_splitB_pcm_water,tap_C5link_ribose_phosphate_dft_seed_w2_splitB_pcm_water,guanine_ribose_phosphate_conf87_w2_splitA_pcm_water,cytosine < adenine < imidazole < melamine < tap < guanine,-0.44233644833583785,13,True
harmonic,111111,adenine_ribose_phosphate_conf13_w2_splitB_pcm_water,cytosine_ribose_phosphate_conf2_w2_splitB_pcm_water,imidazole_ribose_phosphate_conf11_w2_splitB_pcm_water,melamine_ribose_phosphate_conf79_w2_splitB_pcm_water,tap_C5link_ribose_phosphate_dft_seed_w2_splitB_pcm_water,guanine_ribose_phosphate_conf87_w2_splitB_internal_repair_pcm_water,cytosine < adenine < imidazole < melamine < tap < guanine,-0.44233644833583785,13,True
floor_50,000000,adenine_ribose_phosphate_conf13_w2_splitA_pcm_water,cytosine_ribose_phosphate_conf2_w2_splitA_pcm_water,imidazole_ribose_phosphate_conf11_w2_splitA_pcm_water,melamine_ribose_phosphate_conf79_w2_splitA_pcm_water,tap_C5link_ribose_phosphate_dft_seed_w2_splitA_pcm_water,guanine_ribose_phosphate_conf87_w2_splitA_pcm_water,cytosine < tap < adenine < imidazole < melamine < guanine,-3.433801286468161,11,False
floor_50,000001,adenine_ribose_phosphate_conf13_w2_splitA_pcm_water,cytosine_ribose_phosphate_conf2_w2_splitA_pcm_water,imidazole_ribose_phosphate_conf11_w2_splitA_pcm_water,melamine_ribose_phosphate_conf79_w2_splitA_pcm_water,tap_C5link_ribose_phosphate_dft_seed_w2_splitA_pcm_water,guanine_ribose_phosphate_conf87_w2_splitB_internal_repair_pcm_water,cytosine < tap < adenine < imidazole < guanine < melamine,-3.433801286468161,10,False
floor_50,000010,adenine_ribose_phosphate_conf13_w2_splitA_pcm_water,cytosine_ribose_phosphate_conf2_w2_splitA_pcm_water,imidazole_ribose_phosphate_conf11_w2_splitA_pcm_water,melamine_ribose_phosphate_conf79_w2_splitA_pcm_water,tap_C5link_ribose_phosphate_dft_seed_w2_splitB_pcm_water,guanine_ribose_phosphate_conf87_w2_splitA_pcm_water,cytosine < tap < adenine < imidazole < melamine < guanine,-3.433801286468161,11,False
floor_50,000011,adenine_ribose_phosphate_conf13_w2_splitA_pcm_water,cytosine_ribose_phosphate_conf2_w2_splitA_pcm_water,imidazole_ribose_phosphate_conf11_w2_splitA_pcm_water,melamine_ribose_phosphate_conf79_w2_splitA_pcm_water,tap_C5link_ribose_phosphate_dft_seed_w2_splitB_pcm_water,guanine_ribose_phosphate_conf87_w2_splitB_internal_repair_pcm_water,cytosine < tap < adenine < imidazole < guanine < melamine,-3.433801286468161,10,False
floor_50,000100,adenine_ribose_phosphate_conf13_w2_splitA_pcm_water,cytosine_ribose_phosphate_conf2_w2_splitA_pcm_water,imidazole_ribose_phosphate_conf11_w2_splitA_pcm_water,melamine_ribose_phosphate_conf79_w2_splitB_pcm_water,tap_C5link_ribose_phosphate_dft_seed_w2_splitA_pcm_water,guanine_ribose_phosphate_conf87_w2_splitA_pcm_water,cytosine < melamine < tap < adenine < imidazole < guanine,-3.433801286468161,10,False
floor_50,000101,adenine_ribose_phosphate_conf13_w2_splitA_pcm_water,cytosine_ribose_phosphate_conf2_w2_splitA_pcm_water,imidazole_ribose_phosphate_conf11_w2_splitA_pcm_water,melamine_ribose_phosphate_conf79_w2_splitB_pcm_water,tap_C5link_ribose_phosphate_dft_seed_w2_splitA_pcm_water,guanine_ribose_phosphate_conf87_w2_splitB_internal_repair_pcm_water,cytosine < melamine < tap < adenine < imidazole < guanine,-3.433801286468161,10,False
floor_50,000110,adenine_ribose_phosphate_conf13_w2_splitA_pcm_water,cytosine_ribose_phosphate_conf2_w2_splitA_pcm_water,imidazole_ribose_phosphate_conf11_w2_splitA_pcm_water,melamine_ribose_phosphate_conf79_w2_splitB_pcm_water,tap_C5link_ribose_phosphate_dft_seed_w2_splitB_pcm_water,guanine_ribose_phosphate_conf87_w2_splitA_pcm_water,cytosine < melamine < tap < adenine < imidazole < guanine,-3.433801286468161,10,False
floor_50,000111,adenine_ribose_phosphate_conf13_w2_splitA_pcm_water,cytosine_ribose_phosphate_conf2_w2_splitA_pcm_water,imidazole_ribose_phosphate_conf11_w2_splitA_pcm_water,melamine_ribose_phosphate_conf79_w2_splitB_pcm_water,tap_C5link_ribose_phosphate_dft_seed_w2_splitB_pcm_water,guanine_ribose_phosphate_conf87_w2_splitB_internal_repair_pcm_water,cytosine < melamine < tap < adenine < imidazole < guanine,-3.433801286468161,10,False
floor_50,001000,adenine_ribose_phosphate_conf13_w2_splitA_pcm_water,cytosine_ribose_phosphate_conf2_w2_splitA_pcm_water,imidazole_ribose_phosphate_conf11_w2_splitB_pcm_water,melamine_ribose_phosphate_conf79_w2_splitA_pcm_water,tap_C5link_ribose_phosphate_dft_seed_w2_splitA_pcm_water,guanine_ribose_phosphate_conf87_w2_splitA_pcm_water,cytosine < imidazole < tap < adenine < melamine < guanine,-3.433801286468161,11,False
floor_50,001001,adenine_ribose_phosphate_conf13_w2_splitA_pcm_water,cytosine_ribose_phosphate_conf2_w2_splitA_pcm_water,imidazole_ribose_phosphate_conf11_w2_splitB_pcm_water,melamine_ribose_phosphate_conf79_w2_splitA_pcm_water,tap_C5link_ribose_phosphate_dft_seed_w2_splitA_pcm_water,guanine_ribose_phosphate_conf87_w2_splitB_internal_repair_pcm_water,cytosine < imidazole < tap < adenine < guanine < melamine,-3.433801286468161,10,False
floor_50,001010,adenine_ribose_phosphate_conf13_w2_splitA_pcm_water,cytosine_ribose_phosphate_conf2_w2_splitA_pcm_water,imidazole_ribose_phosphate_conf11_w2_splitB_pcm_water,melamine_ribose_phosphate_conf79_w2_splitA_pcm_water,tap_C5link_ribose_phosphate_dft_seed_w2_splitB_pcm_water,guanine_ribose_phosphate_conf87_w2_splitA_pcm_water,cytosine < imidazole < tap < adenine < melamine < guanine,-3.433801286468161,11,False
floor_50,001011,adenine_ribose_phosphate_conf13_w2_splitA_pcm_water,cytosine_ribose_phosphate_conf2_w2_splitA_pcm_water,imidazole_ribose_phosphate_conf11_w2_splitB_pcm_water,melamine_ribose_phosphate_conf79_w2_splitA_pcm_water,tap_C5link_ribose_phosphate_dft_seed_w2_splitB_pcm_water,guanine_ribose_phosphate_conf87_w2_splitB_internal_repair_pcm_water,cytosine < imidazole < tap < adenine < guanine < melamine,-3.433801286468161,10,False
floor_50,001100,adenine_ribose_phosphate_conf13_w2_splitA_pcm_water,cytosine_ribose_phosphate_conf2_w2_splitA_pcm_water,imidazole_ribose_phosphate_conf11_w2_splitB_pcm_water,melamine_ribose_phosphate_conf79_w2_splitB_pcm_water,tap_C5link_ribose_phosphate_dft_seed_w2_splitA_pcm_water,guanine_ribose_phosphate_conf87_w2_splitA_pcm_water,cytosine < imidazole < melamine < tap < adenine < guanine,-3.433801286468161,11,False
floor_50,001101,adenine_ribose_phosphate_conf13_w2_splitA_pcm_water,cytosine_ribose_phosphate_conf2_w2_splitA_pcm_water,imidazole_ribose_phosphate_conf11_w2_splitB_pcm_water,melamine_ribose_phosphate_conf79_w2_splitB_pcm_water,tap_C5link_ribose_phosphate_dft_seed_w2_splitA_pcm_water,guanine_ribose_phosphate_conf87_w2_splitB_internal_repair_pcm_water,cytosine < imidazole < melamine < tap < adenine < guanine,-3.433801286468161,11,False
floor_50,001110,adenine_ribose_phosphate_conf13_w2_splitA_pcm_water,cytosine_ribose_phosphate_conf2_w2_splitA_pcm_water,imidazole_ribose_phosphate_conf11_w2_splitB_pcm_water,melamine_ribose_phosphate_conf79_w2_splitB_pcm_water,tap_C5link_ribose_phosphate_dft_seed_w2_splitB_pcm_water,guanine_ribose_phosphate_conf87_w2_splitA_pcm_water,cytosine < imidazole < melamine < tap < adenine < guanine,-3.433801286468161,11,False
floor_50,001111,adenine_ribose_phosphate_conf13_w2_splitA_pcm_water,cytosine_ribose_phosphate_conf2_w2_splitA_pcm_water,imidazole_ribose_phosphate_conf11_w2_splitB_pcm_water,melamine_ribose_phosphate_conf79_w2_splitB_pcm_water,tap_C5link_ribose_phosphate_dft_seed_w2_splitB_pcm_water,guanine_ribose_phosphate_conf87_w2_splitB_internal_repair_pcm_water,cytosine < imidazole < melamine < tap < adenine < guanine,-3.433801286468161,11,False
floor_50,010000,adenine_ribose_phosphate_conf13_w2_splitA_pcm_water,cytosine_ribose_phosphate_conf2_w2_splitB_pcm_water,imidazole_ribose_phosphate_conf11_w2_splitA_pcm_water,melamine_ribose_phosphate_conf79_w2_splitA_pcm_water,tap_C5link_ribose_phosphate_dft_seed_w2_splitA_pcm_water,guanine_ribose_phosphate_conf87_w2_splitA_pcm_water,cytosine < tap < adenine < imidazole < melamine < guanine,-5.0971675138532975,11,False
floor_50,010001,adenine_ribose_phosphate_conf13_w2_splitA_pcm_water,cytosine_ribose_phosphate_conf2_w2_splitB_pcm_water,imidazole_ribose_phosphate_conf11_w2_splitA_pcm_water,melamine_ribose_phosphate_conf79_w2_splitA_pcm_water,tap_C5link_ribose_phosphate_dft_seed_w2_splitA_pcm_water,guanine_ribose_phosphate_conf87_w2_splitB_internal_repair_pcm_water,cytosine < tap < adenine < imidazole < guanine < melamine,-5.0971675138532975,10,False
floor_50,010010,adenine_ribose_phosphate_conf13_w2_splitA_pcm_water,cytosine_ribose_phosphate_conf2_w2_splitB_pcm_water,imidazole_ribose_phosphate_conf11_w2_splitA_pcm_water,melamine_ribose_phosphate_conf79_w2_splitA_pcm_water,tap_C5link_ribose_phosphate_dft_seed_w2_splitB_pcm_water,guanine_ribose_phosphate_conf87_w2_splitA_pcm_water,cytosine < tap < adenine < imidazole < melamine < guanine,-5.0971675138532975,11,False
floor_50,010011,adenine_ribose_phosphate_conf13_w2_splitA_pcm_water,cytosine_ribose_phosphate_conf2_w2_splitB_pcm_water,imidazole_ribose_phosphate_conf11_w2_splitA_pcm_water,melamine_ribose_phosphate_conf79_w2_splitA_pcm_water,tap_C5link_ribose_phosphate_dft_seed_w2_splitB_pcm_water,guanine_ribose_phosphate_conf87_w2_splitB_internal_repair_pcm_water,cytosine < tap < adenine < imidazole < guanine < melamine,-5.0971675138532975,10,False
floor_50,010100,adenine_ribose_phosphate_conf13_w2_splitA_pcm_water,cytosine_ribose_phosphate_conf2_w2_splitB_pcm_water,imidazole_ribose_phosphate_conf11_w2_splitA_pcm_water,melamine_ribose_phosphate_conf79_w2_splitB_pcm_water,tap_C5link_ribose_phosphate_dft_seed_w2_splitA_pcm_water,guanine_ribose_phosphate_conf87_w2_splitA_pcm_water,cytosine < melamine < tap < adenine < imidazole < guanine,-5.0971675138532975,10,False
floor_50,010101,adenine_ribose_phosphate_conf13_w2_splitA_pcm_water,cytosine_ribose_phosphate_conf2_w2_splitB_pcm_water,imidazole_ribose_phosphate_conf11_w2_splitA_pcm_water,melamine_ribose_phosphate_conf79_w2_splitB_pcm_water,tap_C5link_ribose_phosphate_dft_seed_w2_splitA_pcm_water,guanine_ribose_phosphate_conf87_w2_splitB_internal_repair_pcm_water,cytosine < melamine < tap < adenine < imidazole < guanine,-5.0971675138532975,10,False
floor_50,010110,adenine_ribose_phosphate_conf13_w2_splitA_pcm_water,cytosine_ribose_phosphate_conf2_w2_splitB_pcm_water,imidazole_ribose_phosphate_conf11_w2_splitA_pcm_water,melamine_ribose_phosphate_conf79_w2_splitB_pcm_water,tap_C5link_ribose_phosphate_dft_seed_w2_splitB_pcm_water,guanine_ribose_phosphate_conf87_w2_splitA_pcm_water,cytosine < melamine < tap < adenine < imidazole < guanine,-5.0971675138532975,10,False
floor_50,010111,adenine_ribose_phosphate_conf13_w2_splitA_pcm_water,cytosine_ribose_phosphate_conf2_w2_splitB_pcm_water,imidazole_ribose_phosphate_conf11_w2_splitA_pcm_water,melamine_ribose_phosphate_conf79_w2_splitB_pcm_water,tap_C5link_ribose_phosphate_dft_seed_w2_splitB_pcm_water,guanine_ribose_phosphate_conf87_w2_splitB_internal_repair_pcm_water,cytosine < melamine < tap < adenine < imidazole < guanine,-5.0971675138532975,10,False
floor_50,011000,adenine_ribose_phosphate_conf13_w2_splitA_pcm_water,cytosine_ribose_phosphate_conf2_w2_splitB_pcm_water,imidazole_ribose_phosphate_conf11_w2_splitB_pcm_water,melamine_ribose_phosphate_conf79_w2_splitA_pcm_water,tap_C5link_ribose_phosphate_dft_seed_w2_splitA_pcm_water,guanine_ribose_phosphate_conf87_w2_splitA_pcm_water,cytosine < imidazole < tap < adenine < melamine < guanine,-5.0971675138532975,11,False
floor_50,011001,adenine_ribose_phosphate_conf13_w2_splitA_pcm_water,cytosine_ribose_phosphate_conf2_w2_splitB_pcm_water,imidazole_ribose_phosphate_conf11_w2_splitB_pcm_water,melamine_ribose_phosphate_conf79_w2_splitA_pcm_water,tap_C5link_ribose_phosphate_dft_seed_w2_splitA_pcm_water,guanine_ribose_phosphate_conf87_w2_splitB_internal_repair_pcm_water,cytosine < imidazole < tap < adenine < guanine < melamine,-5.0971675138532975,10,False
floor_50,011010,adenine_ribose_phosphate_conf13_w2_splitA_pcm_water,cytosine_ribose_phosphate_conf2_w2_splitB_pcm_water,imidazole_ribose_phosphate_conf11_w2_splitB_pcm_water,melamine_ribose_phosphate_conf79_w2_splitA_pcm_water,tap_C5link_ribose_phosphate_dft_seed_w2_splitB_pcm_water,guanine_ribose_phosphate_conf87_w2_splitA_pcm_water,cytosine < imidazole < tap < adenine < melamine < guanine,-5.0971675138532975,11,False
floor_50,011011,adenine_ribose_phosphate_conf13_w2_splitA_pcm_water,cytosine_ribose_phosphate_conf2_w2_splitB_pcm_water,imidazole_ribose_phosphate_conf11_w2_splitB_pcm_water,melamine_ribose_phosphate_conf79_w2_splitA_pcm_water,tap_C5link_ribose_phosphate_dft_seed_w2_splitB_pcm_water,guanine_ribose_phosphate_conf87_w2_splitB_internal_repair_pcm_water,cytosine < imidazole < tap < adenine < guanine < melamine,-5.0971675138532975,10,False
floor_50,011100,adenine_ribose_phosphate_conf13_w2_splitA_pcm_water,cytosine_ribose_phosphate_conf2_w2_splitB_pcm_water,imidazole_ribose_phosphate_conf11_w2_splitB_pcm_water,melamine_ribose_phosphate_conf79_w2_splitB_pcm_water,tap_C5link_ribose_phosphate_dft_seed_w2_splitA_pcm_water,guanine_ribose_phosphate_conf87_w2_splitA_pcm_water,cytosine < imidazole < melamine < tap < adenine < guanine,-5.0971675138532975,11,False
floor_50,011101,adenine_ribose_phosphate_conf13_w2_splitA_pcm_water,cytosine_ribose_phosphate_conf2_w2_splitB_pcm_water,imidazole_ribose_phosphate_conf11_w2_splitB_pcm_water,melamine_ribose_phosphate_conf79_w2_splitB_pcm_water,tap_C5link_ribose_phosphate_dft_seed_w2_splitA_pcm_water,guanine_ribose_phosphate_conf87_w2_splitB_internal_repair_pcm_water,cytosine < imidazole < melamine < tap < adenine < guanine,-5.0971675138532975,11,False
floor_50,011110,adenine_ribose_phosphate_conf13_w2_splitA_pcm_water,cytosine_ribose_phosphate_conf2_w2_splitB_pcm_water,imidazole_ribose_phosphate_conf11_w2_splitB_pcm_water,melamine_ribose_phosphate_conf79_w2_splitB_pcm_water,tap_C5link_ribose_phosphate_dft_seed_w2_splitB_pcm_water,guanine_ribose_phosphate_conf87_w2_splitA_pcm_water,cytosine < imidazole < melamine < tap < adenine < guanine,-5.0971675138532975,11,False
floor_50,011111,adenine_ribose_phosphate_conf13_w2_splitA_pcm_water,cytosine_ribose_phosphate_conf2_w2_splitB_pcm_water,imidazole_ribose_phosphate_conf11_w2_splitB_pcm_water,melamine_ribose_phosphate_conf79_w2_splitB_pcm_water,tap_C5link_ribose_phosphate_dft_seed_w2_splitB_pcm_water,guanine_ribose_phosphate_conf87_w2_splitB_internal_repair_pcm_water,cytosine < imidazole < melamine < tap < adenine < guanine,-5.0971675138532975,11,False
floor_50,100000,adenine_ribose_phosphate_conf13_w2_splitB_pcm_water,cytosine_ribose_phosphate_conf2_w2_splitA_pcm_water,imidazole_ribose_phosphate_conf11_w2_splitA_pcm_water,melamine_ribose_phosphate_conf79_w2_splitA_pcm_water,tap_C5link_ribose_phosphate_dft_seed_w2_splitA_pcm_water,guanine_ribose_phosphate_conf87_w2_splitA_pcm_water,adenine < cytosine < tap < imidazole < melamine < guanine,1.5921082842317773,13,True
floor_50,100001,adenine_ribose_phosphate_conf13_w2_splitB_pcm_water,cytosine_ribose_phosphate_conf2_w2_splitA_pcm_water,imidazole_ribose_phosphate_conf11_w2_splitA_pcm_water,melamine_ribose_phosphate_conf79_w2_splitA_pcm_water,tap_C5link_ribose_phosphate_dft_seed_w2_splitA_pcm_water,guanine_ribose_phosphate_conf87_w2_splitB_internal_repair_pcm_water,adenine < cytosine < tap < imidazole < guanine < melamine,1.5921082842317773,12,True
floor_50,100010,adenine_ribose_phosphate_conf13_w2_splitB_pcm_water,cytosine_ribose_phosphate_conf2_w2_splitA_pcm_water,imidazole_ribose_phosphate_conf11_w2_splitA_pcm_water,melamine_ribose_phosphate_conf79_w2_splitA_pcm_water,tap_C5link_ribose_phosphate_dft_seed_w2_splitB_pcm_water,guanine_ribose_phosphate_conf87_w2_splitA_pcm_water,adenine < cytosine < tap < imidazole < melamine < guanine,1.5921082842317773,13,True
floor_50,100011,adenine_ribose_phosphate_conf13_w2_splitB_pcm_water,cytosine_ribose_phosphate_conf2_w2_splitA_pcm_water,imidazole_ribose_phosphate_conf11_w2_splitA_pcm_water,melamine_ribose_phosphate_conf79_w2_splitA_pcm_water,tap_C5link_ribose_phosphate_dft_seed_w2_splitB_pcm_water,guanine_ribose_phosphate_conf87_w2_splitB_internal_repair_pcm_water,adenine < cytosine < tap < imidazole < guanine < melamine,1.5921082842317773,12,True
floor_50,100100,adenine_ribose_phosphate_conf13_w2_splitB_pcm_water,cytosine_ribose_phosphate_conf2_w2_splitA_pcm_water,imidazole_ribose_phosphate_conf11_w2_splitA_pcm_water,melamine_ribose_phosphate_conf79_w2_splitB_pcm_water,tap_C5link_ribose_phosphate_dft_seed_w2_splitA_pcm_water,guanine_ribose_phosphate_conf87_w2_splitA_pcm_water,adenine < cytosine < melamine < tap < imidazole < guanine,1.5921082842317773,13,True
floor_50,100101,adenine_ribose_phosphate_conf13_w2_splitB_pcm_water,cytosine_ribose_phosphate_conf2_w2_splitA_pcm_water,imidazole_ribose_phosphate_conf11_w2_splitA_pcm_water,melamine_ribose_phosphate_conf79_w2_splitB_pcm_water,tap_C5link_ribose_phosphate_dft_seed_w2_splitA_pcm_water,guanine_ribose_phosphate_conf87_w2_splitB_internal_repair_pcm_water,adenine < cytosine < melamine < tap < imidazole < guanine,1.5921082842317773,13,True
floor_50,100110,adenine_ribose_phosphate_conf13_w2_splitB_pcm_water,cytosine_ribose_phosphate_conf2_w2_splitA_pcm_water,imidazole_ribose_phosphate_conf11_w2_splitA_pcm_water,melamine_ribose_phosphate_conf79_w2_splitB_pcm_water,tap_C5link_ribose_phosphate_dft_seed_w2_splitB_pcm_water,guanine_ribose_phosphate_conf87_w2_splitA_pcm_water,adenine < cytosine < melamine < tap < imidazole < guanine,1.5921082842317773,13,True
floor_50,100111,adenine_ribose_phosphate_conf13_w2_splitB_pcm_water,cytosine_ribose_phosphate_conf2_w2_splitA_pcm_water,imidazole_ribose_phosphate_conf11_w2_splitA_pcm_water,melamine_ribose_phosphate_conf79_w2_splitB_pcm_water,tap_C5link_ribose_phosphate_dft_seed_w2_splitB_pcm_water,guanine_ribose_phosphate_conf87_w2_splitB_internal_repair_pcm_water,adenine < cytosine < melamine < tap < imidazole < guanine,1.5921082842317773,13,True
floor_50,101000,adenine_ribose_phosphate_conf13_w2_splitB_pcm_water,cytosine_ribose_phosphate_conf2_w2_splitA_pcm_water,imidazole_ribose_phosphate_conf11_w2_splitB_pcm_water,melamine_ribose_phosphate_conf79_w2_splitA_pcm_water,tap_C5link_ribose_phosphate_dft_seed_w2_splitA_pcm_water,guanine_ribose_phosphate_conf87_w2_splitA_pcm_water,adenine < cytosine < imidazole < tap < melamine < guanine,1.5921082842317773,14,True
floor_50,101001,adenine_ribose_phosphate_conf13_w2_splitB_pcm_water,cytosine_ribose_phosphate_conf2_w2_splitA_pcm_water,imidazole_ribose_phosphate_conf11_w2_splitB_pcm_water,melamine_ribose_phosphate_conf79_w2_splitA_pcm_water,tap_C5link_ribose_phosphate_dft_seed_w2_splitA_pcm_water,guanine_ribose_phosphate_conf87_w2_splitB_internal_repair_pcm_water,adenine < cytosine < imidazole < tap < guanine < melamine,1.5921082842317773,13,True
floor_50,101010,adenine_ribose_phosphate_conf13_w2_splitB_pcm_water,cytosine_ribose_phosphate_conf2_w2_splitA_pcm_water,imidazole_ribose_phosphate_conf11_w2_splitB_pcm_water,melamine_ribose_phosphate_conf79_w2_splitA_pcm_water,tap_C5link_ribose_phosphate_dft_seed_w2_splitB_pcm_water,guanine_ribose_phosphate_conf87_w2_splitA_pcm_water,adenine < cytosine < imidazole < tap < melamine < guanine,1.5921082842317773,14,True
floor_50,101011,adenine_ribose_phosphate_conf13_w2_splitB_pcm_water,cytosine_ribose_phosphate_conf2_w2_splitA_pcm_water,imidazole_ribose_phosphate_conf11_w2_splitB_pcm_water,melamine_ribose_phosphate_conf79_w2_splitA_pcm_water,tap_C5link_ribose_phosphate_dft_seed_w2_splitB_pcm_water,guanine_ribose_phosphate_conf87_w2_splitB_internal_repair_pcm_water,adenine < cytosine < imidazole < tap < guanine < melamine,1.5921082842317773,13,True
floor_50,101100,adenine_ribose_phosphate_conf13_w2_splitB_pcm_water,cytosine_ribose_phosphate_conf2_w2_splitA_pcm_water,imidazole_ribose_phosphate_conf11_w2_splitB_pcm_water,melamine_ribose_phosphate_conf79_w2_splitB_pcm_water,tap_C5link_ribose_phosphate_dft_seed_w2_splitA_pcm_water,guanine_ribose_phosphate_conf87_w2_splitA_pcm_water,adenine < cytosine < imidazole < melamine < tap < guanine,1.5921082842317773,15,True
floor_50,101101,adenine_ribose_phosphate_conf13_w2_splitB_pcm_water,cytosine_ribose_phosphate_conf2_w2_splitA_pcm_water,imidazole_ribose_phosphate_conf11_w2_splitB_pcm_water,melamine_ribose_phosphate_conf79_w2_splitB_pcm_water,tap_C5link_ribose_phosphate_dft_seed_w2_splitA_pcm_water,guanine_ribose_phosphate_conf87_w2_splitB_internal_repair_pcm_water,adenine < cytosine < imidazole < melamine < tap < guanine,1.5921082842317773,15,True
floor_50,101110,adenine_ribose_phosphate_conf13_w2_splitB_pcm_water,cytosine_ribose_phosphate_conf2_w2_splitA_pcm_water,imidazole_ribose_phosphate_conf11_w2_splitB_pcm_water,melamine_ribose_phosphate_conf79_w2_splitB_pcm_water,tap_C5link_ribose_phosphate_dft_seed_w2_splitB_pcm_water,guanine_ribose_phosphate_conf87_w2_splitA_pcm_water,adenine < cytosine < imidazole < melamine < tap < guanine,1.5921082842317773,15,True
floor_50,101111,adenine_ribose_phosphate_conf13_w2_splitB_pcm_water,cytosine_ribose_phosphate_conf2_w2_splitA_pcm_water,imidazole_ribose_phosphate_conf11_w2_splitB_pcm_water,melamine_ribose_phosphate_conf79_w2_splitB_pcm_water,tap_C5link_ribose_phosphate_dft_seed_w2_splitB_pcm_water,guanine_ribose_phosphate_conf87_w2_splitB_internal_repair_pcm_water,adenine < cytosine < imidazole < melamine < tap < guanine,1.5921082842317773,15,True
floor_50,110000,adenine_ribose_phosphate_conf13_w2_splitB_pcm_water,cytosine_ribose_phosphate_conf2_w2_splitB_pcm_water,imidazole_ribose_phosphate_conf11_w2_splitA_pcm_water,melamine_ribose_phosphate_conf79_w2_splitA_pcm_water,tap_C5link_ribose_phosphate_dft_seed_w2_splitA_pcm_water,guanine_ribose_phosphate_conf87_w2_splitA_pcm_water,cytosine < adenine < tap < imidazole < melamine < guanine,-0.07125794315335966,12,True
floor_50,110001,adenine_ribose_phosphate_conf13_w2_splitB_pcm_water,cytosine_ribose_phosphate_conf2_w2_splitB_pcm_water,imidazole_ribose_phosphate_conf11_w2_splitA_pcm_water,melamine_ribose_phosphate_conf79_w2_splitA_pcm_water,tap_C5link_ribose_phosphate_dft_seed_w2_splitA_pcm_water,guanine_ribose_phosphate_conf87_w2_splitB_internal_repair_pcm_water,cytosine < adenine < tap < imidazole < guanine < melamine,-0.07125794315335966,11,True
floor_50,110010,adenine_ribose_phosphate_conf13_w2_splitB_pcm_water,cytosine_ribose_phosphate_conf2_w2_splitB_pcm_water,imidazole_ribose_phosphate_conf11_w2_splitA_pcm_water,melamine_ribose_phosphate_conf79_w2_splitA_pcm_water,tap_C5link_ribose_phosphate_dft_seed_w2_splitB_pcm_water,guanine_ribose_phosphate_conf87_w2_splitA_pcm_water,cytosine < adenine < tap < imidazole < melamine < guanine,-0.07125794315335966,12,True
floor_50,110011,adenine_ribose_phosphate_conf13_w2_splitB_pcm_water,cytosine_ribose_phosphate_conf2_w2_splitB_pcm_water,imidazole_ribose_phosphate_conf11_w2_splitA_pcm_water,melamine_ribose_phosphate_conf79_w2_splitA_pcm_water,tap_C5link_ribose_phosphate_dft_seed_w2_splitB_pcm_water,guanine_ribose_phosphate_conf87_w2_splitB_internal_repair_pcm_water,cytosine < adenine < tap < imidazole < guanine < melamine,-0.07125794315335966,11,True
floor_50,110100,adenine_ribose_phosphate_conf13_w2_splitB_pcm_water,cytosine_ribose_phosphate_conf2_w2_splitB_pcm_water,imidazole_ribose_phosphate_conf11_w2_splitA_pcm_water,melamine_ribose_phosphate_conf79_w2_splitB_pcm_water,tap_C5link_ribose_phosphate_dft_seed_w2_splitA_pcm_water,guanine_ribose_phosphate_conf87_w2_splitA_pcm_water,cytosine < adenine < melamine < tap < imidazole < guanine,-0.07125794315335966,12,True
floor_50,110101,adenine_ribose_phosphate_conf13_w2_splitB_pcm_water,cytosine_ribose_phosphate_conf2_w2_splitB_pcm_water,imidazole_ribose_phosphate_conf11_w2_splitA_pcm_water,melamine_ribose_phosphate_conf79_w2_splitB_pcm_water,tap_C5link_ribose_phosphate_dft_seed_w2_splitA_pcm_water,guanine_ribose_phosphate_conf87_w2_splitB_internal_repair_pcm_water,cytosine < adenine < melamine < tap < imidazole < guanine,-0.07125794315335966,12,True
floor_50,110110,adenine_ribose_phosphate_conf13_w2_splitB_pcm_water,cytosine_ribose_phosphate_conf2_w2_splitB_pcm_water,imidazole_ribose_phosphate_conf11_w2_splitA_pcm_water,melamine_ribose_phosphate_conf79_w2_splitB_pcm_water,tap_C5link_ribose_phosphate_dft_seed_w2_splitB_pcm_water,guanine_ribose_phosphate_conf87_w2_splitA_pcm_water,cytosine < adenine < melamine < tap < imidazole < guanine,-0.07125794315335966,12,True
floor_50,110111,adenine_ribose_phosphate_conf13_w2_splitB_pcm_water,cytosine_ribose_phosphate_conf2_w2_splitB_pcm_water,imidazole_ribose_phosphate_conf11_w2_splitA_pcm_water,melamine_ribose_phosphate_conf79_w2_splitB_pcm_water,tap_C5link_ribose_phosphate_dft_seed_w2_splitB_pcm_water,guanine_ribose_phosphate_conf87_w2_splitB_internal_repair_pcm_water,cytosine < adenine < melamine < tap < imidazole < guanine,-0.07125794315335966,12,True
floor_50,111000,adenine_ribose_phosphate_conf13_w2_splitB_pcm_water,cytosine_ribose_phosphate_conf2_w2_splitB_pcm_water,imidazole_ribose_phosphate_conf11_w2_splitB_pcm_water,melamine_ribose_phosphate_conf79_w2_splitA_pcm_water,tap_C5link_ribose_phosphate_dft_seed_w2_splitA_pcm_water,guanine_ribose_phosphate_conf87_w2_splitA_pcm_water,cytosine < adenine < imidazole < tap < melamine < guanine,-0.07125794315335966,13,True
floor_50,111001,adenine_ribose_phosphate_conf13_w2_splitB_pcm_water,cytosine_ribose_phosphate_conf2_w2_splitB_pcm_water,imidazole_ribose_phosphate_conf11_w2_splitB_pcm_water,melamine_ribose_phosphate_conf79_w2_splitA_pcm_water,tap_C5link_ribose_phosphate_dft_seed_w2_splitA_pcm_water,guanine_ribose_phosphate_conf87_w2_splitB_internal_repair_pcm_water,cytosine < adenine < imidazole < tap < guanine < melamine,-0.07125794315335966,12,True
floor_50,111010,adenine_ribose_phosphate_conf13_w2_splitB_pcm_water,cytosine_ribose_phosphate_conf2_w2_splitB_pcm_water,imidazole_ribose_phosphate_conf11_w2_splitB_pcm_water,melamine_ribose_phosphate_conf79_w2_splitA_pcm_water,tap_C5link_ribose_phosphate_dft_seed_w2_splitB_pcm_water,guanine_ribose_phosphate_conf87_w2_splitA_pcm_water,cytosine < adenine < imidazole < tap < melamine < guanine,-0.07125794315335966,13,True
floor_50,111011,adenine_ribose_phosphate_conf13_w2_splitB_pcm_water,cytosine_ribose_phosphate_conf2_w2_splitB_pcm_water,imidazole_ribose_phosphate_conf11_w2_splitB_pcm_water,melamine_ribose_phosphate_conf79_w2_splitA_pcm_water,tap_C5link_ribose_phosphate_dft_seed_w2_splitB_pcm_water,guanine_ribose_phosphate_conf87_w2_splitB_internal_repair_pcm_water,cytosine < adenine < imidazole < tap < guanine < melamine,-0.07125794315335966,12,True
floor_50,111100,adenine_ribose_phosphate_conf13_w2_splitB_pcm_water,cytosine_ribose_phosphate_conf2_w2_splitB_pcm_water,imidazole_ribose_phosphate_conf11_w2_splitB_pcm_water,melamine_ribose_phosphate_conf79_w2_splitB_pcm_water,tap_C5link_ribose_phosphate_dft_seed_w2_splitA_pcm_water,guanine_ribose_phosphate_conf87_w2_splitA_pcm_water,cytosine < adenine < imidazole < melamine < tap < guanine,-0.07125794315335966,14,True
floor_50,111101,adenine_ribose_phosphate_conf13_w2_splitB_pcm_water,cytosine_ribose_phosphate_conf2_w2_splitB_pcm_water,imidazole_ribose_phosphate_conf11_w2_splitB_pcm_water,melamine_ribose_phosphate_conf79_w2_splitB_pcm_water,tap_C5link_ribose_phosphate_dft_seed_w2_splitA_pcm_water,guanine_ribose_phosphate_conf87_w2_splitB_internal_repair_pcm_water,cytosine < adenine < imidazole < melamine < tap < guanine,-0.07125794315335966,14,True
floor_50,111110,adenine_ribose_phosphate_conf13_w2_splitB_pcm_water,cytosine_ribose_phosphate_conf2_w2_splitB_pcm_water,imidazole_ribose_phosphate_conf11_w2_splitB_pcm_water,melamine_ribose_phosphate_conf79_w2_splitB_pcm_water,tap_C5link_ribose_phosphate_dft_seed_w2_splitB_pcm_water,guanine_ribose_phosphate_conf87_w2_splitA_pcm_water,cytosine < adenine < imidazole < melamine < tap < guanine,-0.07125794315335966,14,True
floor_50,111111,adenine_ribose_phosphate_conf13_w2_splitB_pcm_water,cytosine_ribose_phosphate_conf2_w2_splitB_pcm_water,imidazole_ribose_phosphate_conf11_w2_splitB_pcm_water,melamine_ribose_phosphate_conf79_w2_splitB_pcm_water,tap_C5link_ribose_phosphate_dft_seed_w2_splitB_pcm_water,guanine_ribose_phosphate_conf87_w2_splitB_internal_repair_pcm_water,cytosine < adenine < imidazole < melamine < tap < guanine,-0.07125794315335966,14,True
floor_100,000000,adenine_ribose_phosphate_conf13_w2_splitA_pcm_water,cytosine_ribose_phosphate_conf2_w2_splitA_pcm_water,imidazole_ribose_phosphate_conf11_w2_splitA_pcm_water,melamine_ribose_phosphate_conf79_w2_splitA_pcm_water,tap_C5link_ribose_phosphate_dft_seed_w2_splitA_pcm_water,guanine_ribose_phosphate_conf87_w2_splitA_pcm_water,cytosine < adenine < tap < imidazole < guanine < melamine,-4.14478567812614,12,True
floor_100,000001,adenine_ribose_phosphate_conf13_w2_splitA_pcm_water,cytosine_ribose_phosphate_conf2_w2_splitA_pcm_water,imidazole_ribose_phosphate_conf11_w2_splitA_pcm_water,melamine_ribose_phosphate_conf79_w2_splitA_pcm_water,tap_C5link_ribose_phosphate_dft_seed_w2_splitA_pcm_water,guanine_ribose_phosphate_conf87_w2_splitB_internal_repair_pcm_water,cytosine < adenine < tap < imidazole < guanine < melamine,-4.14478567812614,12,True
floor_100,000010,adenine_ribose_phosphate_conf13_w2_splitA_pcm_water,cytosine_ribose_phosphate_conf2_w2_splitA_pcm_water,imidazole_ribose_phosphate_conf11_w2_splitA_pcm_water,melamine_ribose_phosphate_conf79_w2_splitA_pcm_water,tap_C5link_ribose_phosphate_dft_seed_w2_splitB_pcm_water,guanine_ribose_phosphate_conf87_w2_splitA_pcm_water,cytosine < tap < adenine < imidazole < guanine < melamine,-4.14478567812614,11,False
floor_100,000011,adenine_ribose_phosphate_conf13_w2_splitA_pcm_water,cytosine_ribose_phosphate_conf2_w2_splitA_pcm_water,imidazole_ribose_phosphate_conf11_w2_splitA_pcm_water,melamine_ribose_phosphate_conf79_w2_splitA_pcm_water,tap_C5link_ribose_phosphate_dft_seed_w2_splitB_pcm_water,guanine_ribose_phosphate_conf87_w2_splitB_internal_repair_pcm_water,cytosine < tap < adenine < imidazole < guanine < melamine,-4.14478567812614,11,False
floor_100,000100,adenine_ribose_phosphate_conf13_w2_splitA_pcm_water,cytosine_ribose_phosphate_conf2_w2_splitA_pcm_water,imidazole_ribose_phosphate_conf11_w2_splitA_pcm_water,melamine_ribose_phosphate_conf79_w2_splitB_pcm_water,tap_C5link_ribose_phosphate_dft_seed_w2_splitA_pcm_water,guanine_ribose_phosphate_conf87_w2_splitA_pcm_water,cytosine < melamine < adenine < tap < imidazole < guanine,-4.14478567812614,12,False
floor_100,000101,adenine_ribose_phosphate_conf13_w2_splitA_pcm_water,cytosine_ribose_phosphate_conf2_w2_splitA_pcm_water,imidazole_ribose_phosphate_conf11_w2_splitA_pcm_water,melamine_ribose_phosphate_conf79_w2_splitB_pcm_water,tap_C5link_ribose_phosphate_dft_seed_w2_splitA_pcm_water,guanine_ribose_phosphate_conf87_w2_splitB_internal_repair_pcm_water,cytosine < melamine < adenine < tap < imidazole < guanine,-4.14478567812614,12,False
floor_100,000110,adenine_ribose_phosphate_conf13_w2_splitA_pcm_water,cytosine_ribose_phosphate_conf2_w2_splitA_pcm_water,imidazole_ribose_phosphate_conf11_w2_splitA_pcm_water,melamine_ribose_phosphate_conf79_w2_splitB_pcm_water,tap_C5link_ribose_phosphate_dft_seed_w2_splitB_pcm_water,guanine_ribose_phosphate_conf87_w2_splitA_pcm_water,cytosine < melamine < tap < adenine < imidazole < guanine,-4.14478567812614,11,False
floor_100,000111,adenine_ribose_phosphate_conf13_w2_splitA_pcm_water,cytosine_ribose_phosphate_conf2_w2_splitA_pcm_water,imidazole_ribose_phosphate_conf11_w2_splitA_pcm_water,melamine_ribose_phosphate_conf79_w2_splitB_pcm_water,tap_C5link_ribose_phosphate_dft_seed_w2_splitB_pcm_water,guanine_ribose_phosphate_conf87_w2_splitB_internal_repair_pcm_water,cytosine < melamine < tap < adenine < imidazole < guanine,-4.14478567812614,11,False
floor_100,001000,adenine_ribose_phosphate_conf13_w2_splitA_pcm_water,cytosine_ribose_phosphate_conf2_w2_splitA_pcm_water,imidazole_ribose_phosphate_conf11_w2_splitB_pcm_water,melamine_ribose_phosphate_conf79_w2_splitA_pcm_water,tap_C5link_ribose_phosphate_dft_seed_w2_splitA_pcm_water,guanine_ribose_phosphate_conf87_w2_splitA_pcm_water,cytosine < imidazole < adenine < tap < guanine < melamine,-4.14478567812614,12,False
floor_100,001001,adenine_ribose_phosphate_conf13_w2_splitA_pcm_water,cytosine_ribose_phosphate_conf2_w2_splitA_pcm_water,imidazole_ribose_phosphate_conf11_w2_splitB_pcm_water,melamine_ribose_phosphate_conf79_w2_splitA_pcm_water,tap_C5link_ribose_phosphate_dft_seed_w2_splitA_pcm_water,guanine_ribose_phosphate_conf87_w2_splitB_internal_repair_pcm_water,cytosine < imidazole < adenine < tap < guanine < melamine,-4.14478567812614,12,False
floor_100,001010,adenine_ribose_phosphate_conf13_w2_splitA_pcm_water,cytosine_ribose_phosphate_conf2_w2_splitA_pcm_water,imidazole_ribose_phosphate_conf11_w2_splitB_pcm_water,melamine_ribose_phosphate_conf79_w2_splitA_pcm_water,tap_C5link_ribose_phosphate_dft_seed_w2_splitB_pcm_water,guanine_ribose_phosphate_conf87_w2_splitA_pcm_water,cytosine < imidazole < tap < adenine < guanine < melamine,-4.14478567812614,11,False
floor_100,001011,adenine_ribose_phosphate_conf13_w2_splitA_pcm_water,cytosine_ribose_phosphate_conf2_w2_splitA_pcm_water,imidazole_ribose_phosphate_conf11_w2_splitB_pcm_water,melamine_ribose_phosphate_conf79_w2_splitA_pcm_water,tap_C5link_ribose_phosphate_dft_seed_w2_splitB_pcm_water,guanine_ribose_phosphate_conf87_w2_splitB_internal_repair_pcm_water,cytosine < imidazole < tap < adenine < guanine < melamine,-4.14478567812614,11,False
floor_100,001100,adenine_ribose_phosphate_conf13_w2_splitA_pcm_water,cytosine_ribose_phosphate_conf2_w2_splitA_pcm_water,imidazole_ribose_phosphate_conf11_w2_splitB_pcm_water,melamine_ribose_phosphate_conf79_w2_splitB_pcm_water,tap_C5link_ribose_phosphate_dft_seed_w2_splitA_pcm_water,guanine_ribose_phosphate_conf87_w2_splitA_pcm_water,cytosine < imidazole < melamine < adenine < tap < guanine,-4.14478567812614,13,False
floor_100,001101,adenine_ribose_phosphate_conf13_w2_splitA_pcm_water,cytosine_ribose_phosphate_conf2_w2_splitA_pcm_water,imidazole_ribose_phosphate_conf11_w2_splitB_pcm_water,melamine_ribose_phosphate_conf79_w2_splitB_pcm_water,tap_C5link_ribose_phosphate_dft_seed_w2_splitA_pcm_water,guanine_ribose_phosphate_conf87_w2_splitB_internal_repair_pcm_water,cytosine < imidazole < melamine < adenine < tap < guanine,-4.14478567812614,13,False
floor_100,001110,adenine_ribose_phosphate_conf13_w2_splitA_pcm_water,cytosine_ribose_phosphate_conf2_w2_splitA_pcm_water,imidazole_ribose_phosphate_conf11_w2_splitB_pcm_water,melamine_ribose_phosphate_conf79_w2_splitB_pcm_water,tap_C5link_ribose_phosphate_dft_seed_w2_splitB_pcm_water,guanine_ribose_phosphate_conf87_w2_splitA_pcm_water,cytosine < imidazole < melamine < tap < adenine < guanine,-4.14478567812614,12,False
floor_100,001111,adenine_ribose_phosphate_conf13_w2_splitA_pcm_water,cytosine_ribose_phosphate_conf2_w2_splitA_pcm_water,imidazole_ribose_phosphate_conf11_w2_splitB_pcm_water,melamine_ribose_phosphate_conf79_w2_splitB_pcm_water,tap_C5link_ribose_phosphate_dft_seed_w2_splitB_pcm_water,guanine_ribose_phosphate_conf87_w2_splitB_internal_repair_pcm_water,cytosine < imidazole < melamine < tap < adenine < guanine,-4.14478567812614,12,False
floor_100,010000,adenine_ribose_phosphate_conf13_w2_splitA_pcm_water,cytosine_ribose_phosphate_conf2_w2_splitB_pcm_water,imidazole_ribose_phosphate_conf11_w2_splitA_pcm_water,melamine_ribose_phosphate_conf79_w2_splitA_pcm_water,tap_C5link_ribose_phosphate_dft_seed_w2_splitA_pcm_water,guanine_ribose_phosphate_conf87_w2_splitA_pcm_water,cytosine < adenine < tap < imidazole < guanine < melamine,-5.07568261982449,12,True
floor_100,010001,adenine_ribose_phosphate_conf13_w2_splitA_pcm_water,cytosine_ribose_phosphate_conf2_w2_splitB_pcm_water,imidazole_ribose_phosphate_conf11_w2_splitA_pcm_water,melamine_ribose_phosphate_conf79_w2_splitA_pcm_water,tap_C5link_ribose_phosphate_dft_seed_w2_splitA_pcm_water,guanine_ribose_phosphate_conf87_w2_splitB_internal_repair_pcm_water,cytosine < adenine < tap < imidazole < guanine < melamine,-5.07568261982449,12,True
floor_100,010010,adenine_ribose_phosphate_conf13_w2_splitA_pcm_water,cytosine_ribose_phosphate_conf2_w2_splitB_pcm_water,imidazole_ribose_phosphate_conf11_w2_splitA_pcm_water,melamine_ribose_phosphate_conf79_w2_splitA_pcm_water,tap_C5link_ribose_phosphate_dft_seed_w2_splitB_pcm_water,guanine_ribose_phosphate_conf87_w2_splitA_pcm_water,cytosine < tap < adenine < imidazole < guanine < melamine,-5.07568261982449,11,False
floor_100,010011,adenine_ribose_phosphate_conf13_w2_splitA_pcm_water,cytosine_ribose_phosphate_conf2_w2_splitB_pcm_water,imidazole_ribose_phosphate_conf11_w2_splitA_pcm_water,melamine_ribose_phosphate_conf79_w2_splitA_pcm_water,tap_C5link_ribose_phosphate_dft_seed_w2_splitB_pcm_water,guanine_ribose_phosphate_conf87_w2_splitB_internal_repair_pcm_water,cytosine < tap < adenine < imidazole < guanine < melamine,-5.07568261982449,11,False
floor_100,010100,adenine_ribose_phosphate_conf13_w2_splitA_pcm_water,cytosine_ribose_phosphate_conf2_w2_splitB_pcm_water,imidazole_ribose_phosphate_conf11_w2_splitA_pcm_water,melamine_ribose_phosphate_conf79_w2_splitB_pcm_water,tap_C5link_ribose_phosphate_dft_seed_w2_splitA_pcm_water,guanine_ribose_phosphate_conf87_w2_splitA_pcm_water,cytosine < melamine < adenine < tap < imidazole < guanine,-5.07568261982449,12,False
floor_100,010101,adenine_ribose_phosphate_conf13_w2_splitA_pcm_water,cytosine_ribose_phosphate_conf2_w2_splitB_pcm_water,imidazole_ribose_phosphate_conf11_w2_splitA_pcm_water,melamine_ribose_phosphate_conf79_w2_splitB_pcm_water,tap_C5link_ribose_phosphate_dft_seed_w2_splitA_pcm_water,guanine_ribose_phosphate_conf87_w2_splitB_internal_repair_pcm_water,cytosine < melamine < adenine < tap < imidazole < guanine,-5.07568261982449,12,False
floor_100,010110,adenine_ribose_phosphate_conf13_w2_splitA_pcm_water,cytosine_ribose_phosphate_conf2_w2_splitB_pcm_water,imidazole_ribose_phosphate_conf11_w2_splitA_pcm_water,melamine_ribose_phosphate_conf79_w2_splitB_pcm_water,tap_C5link_ribose_phosphate_dft_seed_w2_splitB_pcm_water,guanine_ribose_phosphate_conf87_w2_splitA_pcm_water,cytosine < melamine < tap < adenine < imidazole < guanine,-5.07568261982449,11,False
floor_100,010111,adenine_ribose_phosphate_conf13_w2_splitA_pcm_water,cytosine_ribose_phosphate_conf2_w2_splitB_pcm_water,imidazole_ribose_phosphate_conf11_w2_splitA_pcm_water,melamine_ribose_phosphate_conf79_w2_splitB_pcm_water,tap_C5link_ribose_phosphate_dft_seed_w2_splitB_pcm_water,guanine_ribose_phosphate_conf87_w2_splitB_internal_repair_pcm_water,cytosine < melamine < tap < adenine < imidazole < guanine,-5.07568261982449,11,False
floor_100,011000,adenine_ribose_phosphate_conf13_w2_splitA_pcm_water,cytosine_ribose_phosphate_conf2_w2_splitB_pcm_water,imidazole_ribose_phosphate_conf11_w2_splitB_pcm_water,melamine_ribose_phosphate_conf79_w2_splitA_pcm_water,tap_C5link_ribose_phosphate_dft_seed_w2_splitA_pcm_water,guanine_ribose_phosphate_conf87_w2_splitA_pcm_water,cytosine < imidazole < adenine < tap < guanine < melamine,-5.07568261982449,12,False
floor_100,011001,adenine_ribose_phosphate_conf13_w2_splitA_pcm_water,cytosine_ribose_phosphate_conf2_w2_splitB_pcm_water,imidazole_ribose_phosphate_conf11_w2_splitB_pcm_water,melamine_ribose_phosphate_conf79_w2_splitA_pcm_water,tap_C5link_ribose_phosphate_dft_seed_w2_splitA_pcm_water,guanine_ribose_phosphate_conf87_w2_splitB_internal_repair_pcm_water,cytosine < imidazole < adenine < tap < guanine < melamine,-5.07568261982449,12,False
floor_100,011010,adenine_ribose_phosphate_conf13_w2_splitA_pcm_water,cytosine_ribose_phosphate_conf2_w2_splitB_pcm_water,imidazole_ribose_phosphate_conf11_w2_splitB_pcm_water,melamine_ribose_phosphate_conf79_w2_splitA_pcm_water,tap_C5link_ribose_phosphate_dft_seed_w2_splitB_pcm_water,guanine_ribose_phosphate_conf87_w2_splitA_pcm_water,cytosine < imidazole < tap < adenine < guanine < melamine,-5.07568261982449,11,False
floor_100,011011,adenine_ribose_phosphate_conf13_w2_splitA_pcm_water,cytosine_ribose_phosphate_conf2_w2_splitB_pcm_water,imidazole_ribose_phosphate_conf11_w2_splitB_pcm_water,melamine_ribose_phosphate_conf79_w2_splitA_pcm_water,tap_C5link_ribose_phosphate_dft_seed_w2_splitB_pcm_water,guanine_ribose_phosphate_conf87_w2_splitB_internal_repair_pcm_water,cytosine < imidazole < tap < adenine < guanine < melamine,-5.07568261982449,11,False
floor_100,011100,adenine_ribose_phosphate_conf13_w2_splitA_pcm_water,cytosine_ribose_phosphate_conf2_w2_splitB_pcm_water,imidazole_ribose_phosphate_conf11_w2_splitB_pcm_water,melamine_ribose_phosphate_conf79_w2_splitB_pcm_water,tap_C5link_ribose_phosphate_dft_seed_w2_splitA_pcm_water,guanine_ribose_phosphate_conf87_w2_splitA_pcm_water,cytosine < imidazole < melamine < adenine < tap < guanine,-5.07568261982449,13,False
floor_100,011101,adenine_ribose_phosphate_conf13_w2_splitA_pcm_water,cytosine_ribose_phosphate_conf2_w2_splitB_pcm_water,imidazole_ribose_phosphate_conf11_w2_splitB_pcm_water,melamine_ribose_phosphate_conf79_w2_splitB_pcm_water,tap_C5link_ribose_phosphate_dft_seed_w2_splitA_pcm_water,guanine_ribose_phosphate_conf87_w2_splitB_internal_repair_pcm_water,cytosine < imidazole < melamine < adenine < tap < guanine,-5.07568261982449,13,False
floor_100,011110,adenine_ribose_phosphate_conf13_w2_splitA_pcm_water,cytosine_ribose_phosphate_conf2_w2_splitB_pcm_water,imidazole_ribose_phosphate_conf11_w2_splitB_pcm_water,melamine_ribose_phosphate_conf79_w2_splitB_pcm_water,tap_C5link_ribose_phosphate_dft_seed_w2_splitB_pcm_water,guanine_ribose_phosphate_conf87_w2_splitA_pcm_water,cytosine < imidazole < melamine < tap < adenine < guanine,-5.07568261982449,12,False
floor_100,011111,adenine_ribose_phosphate_conf13_w2_splitA_pcm_water,cytosine_ribose_phosphate_conf2_w2_splitB_pcm_water,imidazole_ribose_phosphate_conf11_w2_splitB_pcm_water,melamine_ribose_phosphate_conf79_w2_splitB_pcm_water,tap_C5link_ribose_phosphate_dft_seed_w2_splitB_pcm_water,guanine_ribose_phosphate_conf87_w2_splitB_internal_repair_pcm_water,cytosine < imidazole < melamine < tap < adenine < guanine,-5.07568261982449,12,False
floor_100,100000,adenine_ribose_phosphate_conf13_w2_splitB_pcm_water,cytosine_ribose_phosphate_conf2_w2_splitA_pcm_water,imidazole_ribose_phosphate_conf11_w2_splitA_pcm_water,melamine_ribose_phosphate_conf79_w2_splitA_pcm_water,tap_C5link_ribose_phosphate_dft_seed_w2_splitA_pcm_water,guanine_ribose_phosphate_conf87_w2_splitA_pcm_water,adenine < cytosine < tap < imidazole < guanine < melamine,0.9196743773241643,11,True
floor_100,100001,adenine_ribose_phosphate_conf13_w2_splitB_pcm_water,cytosine_ribose_phosphate_conf2_w2_splitA_pcm_water,imidazole_ribose_phosphate_conf11_w2_splitA_pcm_water,melamine_ribose_phosphate_conf79_w2_splitA_pcm_water,tap_C5link_ribose_phosphate_dft_seed_w2_splitA_pcm_water,guanine_ribose_phosphate_conf87_w2_splitB_internal_repair_pcm_water,adenine < cytosine < tap < imidazole < guanine < melamine,0.9196743773241643,11,True
floor_100,100010,adenine_ribose_phosphate_conf13_w2_splitB_pcm_water,cytosine_ribose_phosphate_conf2_w2_splitA_pcm_water,imidazole_ribose_phosphate_conf11_w2_splitA_pcm_water,melamine_ribose_phosphate_conf79_w2_splitA_pcm_water,tap_C5link_ribose_phosphate_dft_seed_w2_splitB_pcm_water,guanine_ribose_phosphate_conf87_w2_splitA_pcm_water,adenine < cytosine < tap < imidazole < guanine < melamine,0.9196743773241643,11,True
floor_100,100011,adenine_ribose_phosphate_conf13_w2_splitB_pcm_water,cytosine_ribose_phosphate_conf2_w2_splitA_pcm_water,imidazole_ribose_phosphate_conf11_w2_splitA_pcm_water,melamine_ribose_phosphate_conf79_w2_splitA_pcm_water,tap_C5link_ribose_phosphate_dft_seed_w2_splitB_pcm_water,guanine_ribose_phosphate_conf87_w2_splitB_internal_repair_pcm_water,adenine < cytosine < tap < imidazole < guanine < melamine,0.9196743773241643,11,True
floor_100,100100,adenine_ribose_phosphate_conf13_w2_splitB_pcm_water,cytosine_ribose_phosphate_conf2_w2_splitA_pcm_water,imidazole_ribose_phosphate_conf11_w2_splitA_pcm_water,melamine_ribose_phosphate_conf79_w2_splitB_pcm_water,tap_C5link_ribose_phosphate_dft_seed_w2_splitA_pcm_water,guanine_ribose_phosphate_conf87_w2_splitA_pcm_water,adenine < cytosine < melamine < tap < imidazole < guanine,0.9196743773241643,12,True
floor_100,100101,adenine_ribose_phosphate_conf13_w2_splitB_pcm_water,cytosine_ribose_phosphate_conf2_w2_splitA_pcm_water,imidazole_ribose_phosphate_conf11_w2_splitA_pcm_water,melamine_ribose_phosphate_conf79_w2_splitB_pcm_water,tap_C5link_ribose_phosphate_dft_seed_w2_splitA_pcm_water,guanine_ribose_phosphate_conf87_w2_splitB_internal_repair_pcm_water,adenine < cytosine < melamine < tap < imidazole < guanine,0.9196743773241643,12,True
floor_100,100110,adenine_ribose_phosphate_conf13_w2_splitB_pcm_water,cytosine_ribose_phosphate_conf2_w2_splitA_pcm_water,imidazole_ribose_phosphate_conf11_w2_splitA_pcm_water,melamine_ribose_phosphate_conf79_w2_splitB_pcm_water,tap_C5link_ribose_phosphate_dft_seed_w2_splitB_pcm_water,guanine_ribose_phosphate_conf87_w2_splitA_pcm_water,adenine < cytosine < melamine < tap < imidazole < guanine,0.9196743773241643,12,True
floor_100,100111,adenine_ribose_phosphate_conf13_w2_splitB_pcm_water,cytosine_ribose_phosphate_conf2_w2_splitA_pcm_water,imidazole_ribose_phosphate_conf11_w2_splitA_pcm_water,melamine_ribose_phosphate_conf79_w2_splitB_pcm_water,tap_C5link_ribose_phosphate_dft_seed_w2_splitB_pcm_water,guanine_ribose_phosphate_conf87_w2_splitB_internal_repair_pcm_water,adenine < cytosine < melamine < tap < imidazole < guanine,0.9196743773241643,12,True
floor_100,101000,adenine_ribose_phosphate_conf13_w2_splitB_pcm_water,cytosine_ribose_phosphate_conf2_w2_splitA_pcm_water,imidazole_ribose_phosphate_conf11_w2_splitB_pcm_water,melamine_ribose_phosphate_conf79_w2_splitA_pcm_water,tap_C5link_ribose_phosphate_dft_seed_w2_splitA_pcm_water,guanine_ribose_phosphate_conf87_w2_splitA_pcm_water,adenine < cytosine < imidazole < tap < guanine < melamine,0.9196743773241643,12,True
floor_100,101001,adenine_ribose_phosphate_conf13_w2_splitB_pcm_water,cytosine_ribose_phosphate_conf2_w2_splitA_pcm_water,imidazole_ribose_phosphate_conf11_w2_splitB_pcm_water,melamine_ribose_phosphate_conf79_w2_splitA_pcm_water,tap_C5link_ribose_phosphate_dft_seed_w2_splitA_pcm_water,guanine_ribose_phosphate_conf87_w2_splitB_internal_repair_pcm_water,adenine < cytosine < imidazole < tap < guanine < melamine,0.9196743773241643,12,True
floor_100,101010,adenine_ribose_phosphate_conf13_w2_splitB_pcm_water,cytosine_ribose_phosphate_conf2_w2_splitA_pcm_water,imidazole_ribose_phosphate_conf11_w2_splitB_pcm_water,melamine_ribose_phosphate_conf79_w2_splitA_pcm_water,tap_C5link_ribose_phosphate_dft_seed_w2_splitB_pcm_water,guanine_ribose_phosphate_conf87_w2_splitA_pcm_water,adenine < cytosine < imidazole < tap < guanine < melamine,0.9196743773241643,12,True
floor_100,101011,adenine_ribose_phosphate_conf13_w2_splitB_pcm_water,cytosine_ribose_phosphate_conf2_w2_splitA_pcm_water,imidazole_ribose_phosphate_conf11_w2_splitB_pcm_water,melamine_ribose_phosphate_conf79_w2_splitA_pcm_water,tap_C5link_ribose_phosphate_dft_seed_w2_splitB_pcm_water,guanine_ribose_phosphate_conf87_w2_splitB_internal_repair_pcm_water,adenine < cytosine < imidazole < tap < guanine < melamine,0.9196743773241643,12,True
floor_100,101100,adenine_ribose_phosphate_conf13_w2_splitB_pcm_water,cytosine_ribose_phosphate_conf2_w2_splitA_pcm_water,imidazole_ribose_phosphate_conf11_w2_splitB_pcm_water,melamine_ribose_phosphate_conf79_w2_splitB_pcm_water,tap_C5link_ribose_phosphate_dft_seed_w2_splitA_pcm_water,guanine_ribose_phosphate_conf87_w2_splitA_pcm_water,adenine < cytosine < imidazole < melamine < tap < guanine,0.9196743773241643,14,True
floor_100,101101,adenine_ribose_phosphate_conf13_w2_splitB_pcm_water,cytosine_ribose_phosphate_conf2_w2_splitA_pcm_water,imidazole_ribose_phosphate_conf11_w2_splitB_pcm_water,melamine_ribose_phosphate_conf79_w2_splitB_pcm_water,tap_C5link_ribose_phosphate_dft_seed_w2_splitA_pcm_water,guanine_ribose_phosphate_conf87_w2_splitB_internal_repair_pcm_water,adenine < cytosine < imidazole < melamine < tap < guanine,0.9196743773241643,14,True
floor_100,101110,adenine_ribose_phosphate_conf13_w2_splitB_pcm_water,cytosine_ribose_phosphate_conf2_w2_splitA_pcm_water,imidazole_ribose_phosphate_conf11_w2_splitB_pcm_water,melamine_ribose_phosphate_conf79_w2_splitB_pcm_water,tap_C5link_ribose_phosphate_dft_seed_w2_splitB_pcm_water,guanine_ribose_phosphate_conf87_w2_splitA_pcm_water,adenine < cytosine < imidazole < melamine < tap < guanine,0.9196743773241643,14,True
floor_100,101111,adenine_ribose_phosphate_conf13_w2_splitB_pcm_water,cytosine_ribose_phosphate_conf2_w2_splitA_pcm_water,imidazole_ribose_phosphate_conf11_w2_splitB_pcm_water,melamine_ribose_phosphate_conf79_w2_splitB_pcm_water,tap_C5link_ribose_phosphate_dft_seed_w2_splitB_pcm_water,guanine_ribose_phosphate_conf87_w2_splitB_internal_repair_pcm_water,adenine < cytosine < imidazole < melamine < tap < guanine,0.9196743773241643,14,True
floor_100,110000,adenine_ribose_phosphate_conf13_w2_splitB_pcm_water,cytosine_ribose_phosphate_conf2_w2_splitB_pcm_water,imidazole_ribose_phosphate_conf11_w2_splitA_pcm_water,melamine_ribose_phosphate_conf79_w2_splitA_pcm_water,tap_C5link_ribose_phosphate_dft_seed_w2_splitA_pcm_water,guanine_ribose_phosphate_conf87_w2_splitA_pcm_water,cytosine < adenine < tap < imidazole < guanine < melamine,-0.011222564374185874,12,True
floor_100,110001,adenine_ribose_phosphate_conf13_w2_splitB_pcm_water,cytosine_ribose_phosphate_conf2_w2_splitB_pcm_water,imidazole_ribose_phosphate_conf11_w2_splitA_pcm_water,melamine_ribose_phosphate_conf79_w2_splitA_pcm_water,tap_C5link_ribose_phosphate_dft_seed_w2_splitA_pcm_water,guanine_ribose_phosphate_conf87_w2_splitB_internal_repair_pcm_water,cytosine < adenine < tap < imidazole < guanine < melamine,-0.011222564374185874,12,True
floor_100,110010,adenine_ribose_phosphate_conf13_w2_splitB_pcm_water,cytosine_ribose_phosphate_conf2_w2_splitB_pcm_water,imidazole_ribose_phosphate_conf11_w2_splitA_pcm_water,melamine_ribose_phosphate_conf79_w2_splitA_pcm_water,tap_C5link_ribose_phosphate_dft_seed_w2_splitB_pcm_water,guanine_ribose_phosphate_conf87_w2_splitA_pcm_water,cytosine < adenine < tap < imidazole < guanine < melamine,-0.011222564374185874,12,True
floor_100,110011,adenine_ribose_phosphate_conf13_w2_splitB_pcm_water,cytosine_ribose_phosphate_conf2_w2_splitB_pcm_water,imidazole_ribose_phosphate_conf11_w2_splitA_pcm_water,melamine_ribose_phosphate_conf79_w2_splitA_pcm_water,tap_C5link_ribose_phosphate_dft_seed_w2_splitB_pcm_water,guanine_ribose_phosphate_conf87_w2_splitB_internal_repair_pcm_water,cytosine < adenine < tap < imidazole < guanine < melamine,-0.011222564374185874,12,True
floor_100,110100,adenine_ribose_phosphate_conf13_w2_splitB_pcm_water,cytosine_ribose_phosphate_conf2_w2_splitB_pcm_water,imidazole_ribose_phosphate_conf11_w2_splitA_pcm_water,melamine_ribose_phosphate_conf79_w2_splitB_pcm_water,tap_C5link_ribose_phosphate_dft_seed_w2_splitA_pcm_water,guanine_ribose_phosphate_conf87_w2_splitA_pcm_water,cytosine < adenine < melamine < tap < imidazole < guanine,-0.011222564374185874,13,True
floor_100,110101,adenine_ribose_phosphate_conf13_w2_splitB_pcm_water,cytosine_ribose_phosphate_conf2_w2_splitB_pcm_water,imidazole_ribose_phosphate_conf11_w2_splitA_pcm_water,melamine_ribose_phosphate_conf79_w2_splitB_pcm_water,tap_C5link_ribose_phosphate_dft_seed_w2_splitA_pcm_water,guanine_ribose_phosphate_conf87_w2_splitB_internal_repair_pcm_water,cytosine < adenine < melamine < tap < imidazole < guanine,-0.011222564374185874,13,True
floor_100,110110,adenine_ribose_phosphate_conf13_w2_splitB_pcm_water,cytosine_ribose_phosphate_conf2_w2_splitB_pcm_water,imidazole_ribose_phosphate_conf11_w2_splitA_pcm_water,melamine_ribose_phosphate_conf79_w2_splitB_pcm_water,tap_C5link_ribose_phosphate_dft_seed_w2_splitB_pcm_water,guanine_ribose_phosphate_conf87_w2_splitA_pcm_water,cytosine < adenine < melamine < tap < imidazole < guanine,-0.011222564374185874,13,True
floor_100,110111,adenine_ribose_phosphate_conf13_w2_splitB_pcm_water,cytosine_ribose_phosphate_conf2_w2_splitB_pcm_water,imidazole_ribose_phosphate_conf11_w2_splitA_pcm_water,melamine_ribose_phosphate_conf79_w2_splitB_pcm_water,tap_C5link_ribose_phosphate_dft_seed_w2_splitB_pcm_water,guanine_ribose_phosphate_conf87_w2_splitB_internal_repair_pcm_water,cytosine < adenine < melamine < tap < imidazole < guanine,-0.011222564374185874,13,True
floor_100,111000,adenine_ribose_phosphate_conf13_w2_splitB_pcm_water,cytosine_ribose_phosphate_conf2_w2_splitB_pcm_water,imidazole_ribose_phosphate_conf11_w2_splitB_pcm_water,melamine_ribose_phosphate_conf79_w2_splitA_pcm_water,tap_C5link_ribose_phosphate_dft_seed_w2_splitA_pcm_water,guanine_ribose_phosphate_conf87_w2_splitA_pcm_water,cytosine < adenine < imidazole < tap < guanine < melamine,-0.011222564374185874,13,True
floor_100,111001,adenine_ribose_phosphate_conf13_w2_splitB_pcm_water,cytosine_ribose_phosphate_conf2_w2_splitB_pcm_water,imidazole_ribose_phosphate_conf11_w2_splitB_pcm_water,melamine_ribose_phosphate_conf79_w2_splitA_pcm_water,tap_C5link_ribose_phosphate_dft_seed_w2_splitA_pcm_water,guanine_ribose_phosphate_conf87_w2_splitB_internal_repair_pcm_water,cytosine < adenine < imidazole < tap < guanine < melamine,-0.011222564374185874,13,True
floor_100,111010,adenine_ribose_phosphate_conf13_w2_splitB_pcm_water,cytosine_ribose_phosphate_conf2_w2_splitB_pcm_water,imidazole_ribose_phosphate_conf11_w2_splitB_pcm_water,melamine_ribose_phosphate_conf79_w2_splitA_pcm_water,tap_C5link_ribose_phosphate_dft_seed_w2_splitB_pcm_water,guanine_ribose_phosphate_conf87_w2_splitA_pcm_water,cytosine < adenine < imidazole < tap < guanine < melamine,-0.011222564374185874,13,True
floor_100,111011,adenine_ribose_phosphate_conf13_w2_splitB_pcm_water,cytosine_ribose_phosphate_conf2_w2_splitB_pcm_water,imidazole_ribose_phosphate_conf11_w2_splitB_pcm_water,melamine_ribose_phosphate_conf79_w2_splitA_pcm_water,tap_C5link_ribose_phosphate_dft_seed_w2_splitB_pcm_water,guanine_ribose_phosphate_conf87_w2_splitB_internal_repair_pcm_water,cytosine < adenine < imidazole < tap < guanine < melamine,-0.011222564374185874,13,True
floor_100,111100,adenine_ribose_phosphate_conf13_w2_splitB_pcm_water,cytosine_ribose_phosphate_conf2_w2_splitB_pcm_water,imidazole_ribose_phosphate_conf11_w2_splitB_pcm_water,melamine_ribose_phosphate_conf79_w2_splitB_pcm_water,tap_C5link_ribose_phosphate_dft_seed_w2_splitA_pcm_water,guanine_ribose_phosphate_conf87_w2_splitA_pcm_water,cytosine < adenine < imidazole < melamine < tap < guanine,-0.011222564374185874,15,True
floor_100,111101,adenine_ribose_phosphate_conf13_w2_splitB_pcm_water,cytosine_ribose_phosphate_conf2_w2_splitB_pcm_water,imidazole_ribose_phosphate_conf11_w2_splitB_pcm_water,melamine_ribose_phosphate_conf79_w2_splitB_pcm_water,tap_C5link_ribose_phosphate_dft_seed_w2_splitA_pcm_water,guanine_ribose_phosphate_conf87_w2_splitB_internal_repair_pcm_water,cytosine < adenine < imidazole < melamine < tap < guanine,-0.011222564374185874,15,True
floor_100,111110,adenine_ribose_phosphate_conf13_w2_splitB_pcm_water,cytosine_ribose_phosphate_conf2_w2_splitB_pcm_water,imidazole_ribose_phosphate_conf11_w2_splitB_pcm_water,melamine_ribose_phosphate_conf79_w2_splitB_pcm_water,tap_C5link_ribose_phosphate_dft_seed_w2_splitB_pcm_water,guanine_ribose_phosphate_conf87_w2_splitA_pcm_water,cytosine < adenine < imidazole < melamine < tap < guanine,-0.011222564374185874,15,True
floor_100,111111,adenine_ribose_phosphate_conf13_w2_splitB_pcm_water,cytosine_ribose_phosphate_conf2_w2_splitB_pcm_water,imidazole_ribose_phosphate_conf11_w2_splitB_pcm_water,melamine_ribose_phosphate_conf79_w2_splitB_pcm_water,tap_C5link_ribose_phosphate_dft_seed_w2_splitB_pcm_water,guanine_ribose_phosphate_conf87_w2_splitB_internal_repair_pcm_water,cytosine < adenine < imidazole < melamine < tap < guanine,-0.011222564374185874,15,True
grimme_qrrho_100,000000,adenine_ribose_phosphate_conf13_w2_splitA_pcm_water,cytosine_ribose_phosphate_conf2_w2_splitA_pcm_water,imidazole_ribose_phosphate_conf11_w2_splitA_pcm_water,melamine_ribose_phosphate_conf79_w2_splitA_pcm_water,tap_C5link_ribose_phosphate_dft_seed_w2_splitA_pcm_water,guanine_ribose_phosphate_conf87_w2_splitA_pcm_water,cytosine < tap < adenine < imidazole < melamine < guanine,-3.5092284225394534,12,False
grimme_qrrho_100,000001,adenine_ribose_phosphate_conf13_w2_splitA_pcm_water,cytosine_ribose_phosphate_conf2_w2_splitA_pcm_water,imidazole_ribose_phosphate_conf11_w2_splitA_pcm_water,melamine_ribose_phosphate_conf79_w2_splitA_pcm_water,tap_C5link_ribose_phosphate_dft_seed_w2_splitA_pcm_water,guanine_ribose_phosphate_conf87_w2_splitB_internal_repair_pcm_water,cytosine < tap < adenine < imidazole < guanine < melamine,-3.5092284225394534,11,False
grimme_qrrho_100,000010,adenine_ribose_phosphate_conf13_w2_splitA_pcm_water,cytosine_ribose_phosphate_conf2_w2_splitA_pcm_water,imidazole_ribose_phosphate_conf11_w2_splitA_pcm_water,melamine_ribose_phosphate_conf79_w2_splitA_pcm_water,tap_C5link_ribose_phosphate_dft_seed_w2_splitB_pcm_water,guanine_ribose_phosphate_conf87_w2_splitA_pcm_water,cytosine < tap < adenine < imidazole < melamine < guanine,-3.5092284225394534,12,False
grimme_qrrho_100,000011,adenine_ribose_phosphate_conf13_w2_splitA_pcm_water,cytosine_ribose_phosphate_conf2_w2_splitA_pcm_water,imidazole_ribose_phosphate_conf11_w2_splitA_pcm_water,melamine_ribose_phosphate_conf79_w2_splitA_pcm_water,tap_C5link_ribose_phosphate_dft_seed_w2_splitB_pcm_water,guanine_ribose_phosphate_conf87_w2_splitB_internal_repair_pcm_water,cytosine < tap < adenine < imidazole < guanine < melamine,-3.5092284225394534,11,False
grimme_qrrho_100,000100,adenine_ribose_phosphate_conf13_w2_splitA_pcm_water,cytosine_ribose_phosphate_conf2_w2_splitA_pcm_water,imidazole_ribose_phosphate_conf11_w2_splitA_pcm_water,melamine_ribose_phosphate_conf79_w2_splitB_pcm_water,tap_C5link_ribose_phosphate_dft_seed_w2_splitA_pcm_water,guanine_ribose_phosphate_conf87_w2_splitA_pcm_water,cytosine < melamine < tap < adenine < imidazole < guanine,-3.5092284225394534,11,False
grimme_qrrho_100,000101,adenine_ribose_phosphate_conf13_w2_splitA_pcm_water,cytosine_ribose_phosphate_conf2_w2_splitA_pcm_water,imidazole_ribose_phosphate_conf11_w2_splitA_pcm_water,melamine_ribose_phosphate_conf79_w2_splitB_pcm_water,tap_C5link_ribose_phosphate_dft_seed_w2_splitA_pcm_water,guanine_ribose_phosphate_conf87_w2_splitB_internal_repair_pcm_water,cytosine < melamine < tap < adenine < imidazole < guanine,-3.5092284225394534,11,False
grimme_qrrho_100,000110,adenine_ribose_phosphate_conf13_w2_splitA_pcm_water,cytosine_ribose_phosphate_conf2_w2_splitA_pcm_water,imidazole_ribose_phosphate_conf11_w2_splitA_pcm_water,melamine_ribose_phosphate_conf79_w2_splitB_pcm_water,tap_C5link_ribose_phosphate_dft_seed_w2_splitB_pcm_water,guanine_ribose_phosphate_conf87_w2_splitA_pcm_water,cytosine < melamine < tap < adenine < imidazole < guanine,-3.5092284225394534,11,False
grimme_qrrho_100,000111,adenine_ribose_phosphate_conf13_w2_splitA_pcm_water,cytosine_ribose_phosphate_conf2_w2_splitA_pcm_water,imidazole_ribose_phosphate_conf11_w2_splitA_pcm_water,melamine_ribose_phosphate_conf79_w2_splitB_pcm_water,tap_C5link_ribose_phosphate_dft_seed_w2_splitB_pcm_water,guanine_ribose_phosphate_conf87_w2_splitB_internal_repair_pcm_water,cytosine < melamine < tap < adenine < imidazole < guanine,-3.5092284225394534,11,False
grimme_qrrho_100,001000,adenine_ribose_phosphate_conf13_w2_splitA_pcm_water,cytosine_ribose_phosphate_conf2_w2_splitA_pcm_water,imidazole_ribose_phosphate_conf11_w2_splitB_pcm_water,melamine_ribose_phosphate_conf79_w2_splitA_pcm_water,tap_C5link_ribose_phosphate_dft_seed_w2_splitA_pcm_water,guanine_ribose_phosphate_conf87_w2_splitA_pcm_water,cytosine < imidazole < tap < adenine < melamine < guanine,-3.5092284225394534,12,False
grimme_qrrho_100,001001,adenine_ribose_phosphate_conf13_w2_splitA_pcm_water,cytosine_ribose_phosphate_conf2_w2_splitA_pcm_water,imidazole_ribose_phosphate_conf11_w2_splitB_pcm_water,melamine_ribose_phosphate_conf79_w2_splitA_pcm_water,tap_C5link_ribose_phosphate_dft_seed_w2_splitA_pcm_water,guanine_ribose_phosphate_conf87_w2_splitB_internal_repair_pcm_water,cytosine < imidazole < tap < adenine < guanine < melamine,-3.5092284225394534,11,False
grimme_qrrho_100,001010,adenine_ribose_phosphate_conf13_w2_splitA_pcm_water,cytosine_ribose_phosphate_conf2_w2_splitA_pcm_water,imidazole_ribose_phosphate_conf11_w2_splitB_pcm_water,melamine_ribose_phosphate_conf79_w2_splitA_pcm_water,tap_C5link_ribose_phosphate_dft_seed_w2_splitB_pcm_water,guanine_ribose_phosphate_conf87_w2_splitA_pcm_water,cytosine < imidazole < tap < adenine < melamine < guanine,-3.5092284225394534,12,False
grimme_qrrho_100,001011,adenine_ribose_phosphate_conf13_w2_splitA_pcm_water,cytosine_ribose_phosphate_conf2_w2_splitA_pcm_water,imidazole_ribose_phosphate_conf11_w2_splitB_pcm_water,melamine_ribose_phosphate_conf79_w2_splitA_pcm_water,tap_C5link_ribose_phosphate_dft_seed_w2_splitB_pcm_water,guanine_ribose_phosphate_conf87_w2_splitB_internal_repair_pcm_water,cytosine < imidazole < tap < adenine < guanine < melamine,-3.5092284225394534,11,False
grimme_qrrho_100,001100,adenine_ribose_phosphate_conf13_w2_splitA_pcm_water,cytosine_ribose_phosphate_conf2_w2_splitA_pcm_water,imidazole_ribose_phosphate_conf11_w2_splitB_pcm_water,melamine_ribose_phosphate_conf79_w2_splitB_pcm_water,tap_C5link_ribose_phosphate_dft_seed_w2_splitA_pcm_water,guanine_ribose_phosphate_conf87_w2_splitA_pcm_water,cytosine < imidazole < melamine < tap < adenine < guanine,-3.5092284225394534,12,False
grimme_qrrho_100,001101,adenine_ribose_phosphate_conf13_w2_splitA_pcm_water,cytosine_ribose_phosphate_conf2_w2_splitA_pcm_water,imidazole_ribose_phosphate_conf11_w2_splitB_pcm_water,melamine_ribose_phosphate_conf79_w2_splitB_pcm_water,tap_C5link_ribose_phosphate_dft_seed_w2_splitA_pcm_water,guanine_ribose_phosphate_conf87_w2_splitB_internal_repair_pcm_water,cytosine < imidazole < melamine < tap < adenine < guanine,-3.5092284225394534,12,False
grimme_qrrho_100,001110,adenine_ribose_phosphate_conf13_w2_splitA_pcm_water,cytosine_ribose_phosphate_conf2_w2_splitA_pcm_water,imidazole_ribose_phosphate_conf11_w2_splitB_pcm_water,melamine_ribose_phosphate_conf79_w2_splitB_pcm_water,tap_C5link_ribose_phosphate_dft_seed_w2_splitB_pcm_water,guanine_ribose_phosphate_conf87_w2_splitA_pcm_water,cytosine < imidazole < melamine < tap < adenine < guanine,-3.5092284225394534,12,False
grimme_qrrho_100,001111,adenine_ribose_phosphate_conf13_w2_splitA_pcm_water,cytosine_ribose_phosphate_conf2_w2_splitA_pcm_water,imidazole_ribose_phosphate_conf11_w2_splitB_pcm_water,melamine_ribose_phosphate_conf79_w2_splitB_pcm_water,tap_C5link_ribose_phosphate_dft_seed_w2_splitB_pcm_water,guanine_ribose_phosphate_conf87_w2_splitB_internal_repair_pcm_water,cytosine < imidazole < melamine < tap < adenine < guanine,-3.5092284225394534,12,False
grimme_qrrho_100,010000,adenine_ribose_phosphate_conf13_w2_splitA_pcm_water,cytosine_ribose_phosphate_conf2_w2_splitB_pcm_water,imidazole_ribose_phosphate_conf11_w2_splitA_pcm_water,melamine_ribose_phosphate_conf79_w2_splitA_pcm_water,tap_C5link_ribose_phosphate_dft_seed_w2_splitA_pcm_water,guanine_ribose_phosphate_conf87_w2_splitA_pcm_water,cytosine < tap < adenine < imidazole < melamine < guanine,-4.732547517566963,12,False
grimme_qrrho_100,010001,adenine_ribose_phosphate_conf13_w2_splitA_pcm_water,cytosine_ribose_phosphate_conf2_w2_splitB_pcm_water,imidazole_ribose_phosphate_conf11_w2_splitA_pcm_water,melamine_ribose_phosphate_conf79_w2_splitA_pcm_water,tap_C5link_ribose_phosphate_dft_seed_w2_splitA_pcm_water,guanine_ribose_phosphate_conf87_w2_splitB_internal_repair_pcm_water,cytosine < tap < adenine < imidazole < guanine < melamine,-4.732547517566963,11,False
grimme_qrrho_100,010010,adenine_ribose_phosphate_conf13_w2_splitA_pcm_water,cytosine_ribose_phosphate_conf2_w2_splitB_pcm_water,imidazole_ribose_phosphate_conf11_w2_splitA_pcm_water,melamine_ribose_phosphate_conf79_w2_splitA_pcm_water,tap_C5link_ribose_phosphate_dft_seed_w2_splitB_pcm_water,guanine_ribose_phosphate_conf87_w2_splitA_pcm_water,cytosine < tap < adenine < imidazole < melamine < guanine,-4.732547517566963,12,False
grimme_qrrho_100,010011,adenine_ribose_phosphate_conf13_w2_splitA_pcm_water,cytosine_ribose_phosphate_conf2_w2_splitB_pcm_water,imidazole_ribose_phosphate_conf11_w2_splitA_pcm_water,melamine_ribose_phosphate_conf79_w2_splitA_pcm_water,tap_C5link_ribose_phosphate_dft_seed_w2_splitB_pcm_water,guanine_ribose_phosphate_conf87_w2_splitB_internal_repair_pcm_water,cytosine < tap < adenine < imidazole < guanine < melamine,-4.732547517566963,11,False
grimme_qrrho_100,010100,adenine_ribose_phosphate_conf13_w2_splitA_pcm_water,cytosine_ribose_phosphate_conf2_w2_splitB_pcm_water,imidazole_ribose_phosphate_conf11_w2_splitA_pcm_water,melamine_ribose_phosphate_conf79_w2_splitB_pcm_water,tap_C5link_ribose_phosphate_dft_seed_w2_splitA_pcm_water,guanine_ribose_phosphate_conf87_w2_splitA_pcm_water,cytosine < melamine < tap < adenine < imidazole < guanine,-4.732547517566963,11,False
grimme_qrrho_100,010101,adenine_ribose_phosphate_conf13_w2_splitA_pcm_water,cytosine_ribose_phosphate_conf2_w2_splitB_pcm_water,imidazole_ribose_phosphate_conf11_w2_splitA_pcm_water,melamine_ribose_phosphate_conf79_w2_splitB_pcm_water,tap_C5link_ribose_phosphate_dft_seed_w2_splitA_pcm_water,guanine_ribose_phosphate_conf87_w2_splitB_internal_repair_pcm_water,cytosine < melamine < tap < adenine < imidazole < guanine,-4.732547517566963,11,False
grimme_qrrho_100,010110,adenine_ribose_phosphate_conf13_w2_splitA_pcm_water,cytosine_ribose_phosphate_conf2_w2_splitB_pcm_water,imidazole_ribose_phosphate_conf11_w2_splitA_pcm_water,melamine_ribose_phosphate_conf79_w2_splitB_pcm_water,tap_C5link_ribose_phosphate_dft_seed_w2_splitB_pcm_water,guanine_ribose_phosphate_conf87_w2_splitA_pcm_water,cytosine < melamine < tap < adenine < imidazole < guanine,-4.732547517566963,11,False
grimme_qrrho_100,010111,adenine_ribose_phosphate_conf13_w2_splitA_pcm_water,cytosine_ribose_phosphate_conf2_w2_splitB_pcm_water,imidazole_ribose_phosphate_conf11_w2_splitA_pcm_water,melamine_ribose_phosphate_conf79_w2_splitB_pcm_water,tap_C5link_ribose_phosphate_dft_seed_w2_splitB_pcm_water,guanine_ribose_phosphate_conf87_w2_splitB_internal_repair_pcm_water,cytosine < melamine < tap < adenine < imidazole < guanine,-4.732547517566963,11,False
grimme_qrrho_100,011000,adenine_ribose_phosphate_conf13_w2_splitA_pcm_water,cytosine_ribose_phosphate_conf2_w2_splitB_pcm_water,imidazole_ribose_phosphate_conf11_w2_splitB_pcm_water,melamine_ribose_phosphate_conf79_w2_splitA_pcm_water,tap_C5link_ribose_phosphate_dft_seed_w2_splitA_pcm_water,guanine_ribose_phosphate_conf87_w2_splitA_pcm_water,cytosine < imidazole < tap < adenine < melamine < guanine,-4.732547517566963,12,False
grimme_qrrho_100,011001,adenine_ribose_phosphate_conf13_w2_splitA_pcm_water,cytosine_ribose_phosphate_conf2_w2_splitB_pcm_water,imidazole_ribose_phosphate_conf11_w2_splitB_pcm_water,melamine_ribose_phosphate_conf79_w2_splitA_pcm_water,tap_C5link_ribose_phosphate_dft_seed_w2_splitA_pcm_water,guanine_ribose_phosphate_conf87_w2_splitB_internal_repair_pcm_water,cytosine < imidazole < tap < adenine < guanine < melamine,-4.732547517566963,11,False
grimme_qrrho_100,011010,adenine_ribose_phosphate_conf13_w2_splitA_pcm_water,cytosine_ribose_phosphate_conf2_w2_splitB_pcm_water,imidazole_ribose_phosphate_conf11_w2_splitB_pcm_water,melamine_ribose_phosphate_conf79_w2_splitA_pcm_water,tap_C5link_ribose_phosphate_dft_seed_w2_splitB_pcm_water,guanine_ribose_phosphate_conf87_w2_splitA_pcm_water,cytosine < imidazole < tap < adenine < melamine < guanine,-4.732547517566963,12,False
grimme_qrrho_100,011011,adenine_ribose_phosphate_conf13_w2_splitA_pcm_water,cytosine_ribose_phosphate_conf2_w2_splitB_pcm_water,imidazole_ribose_phosphate_conf11_w2_splitB_pcm_water,melamine_ribose_phosphate_conf79_w2_splitA_pcm_water,tap_C5link_ribose_phosphate_dft_seed_w2_splitB_pcm_water,guanine_ribose_phosphate_conf87_w2_splitB_internal_repair_pcm_water,cytosine < imidazole < tap < adenine < guanine < melamine,-4.732547517566963,11,False
grimme_qrrho_100,011100,adenine_ribose_phosphate_conf13_w2_splitA_pcm_water,cytosine_ribose_phosphate_conf2_w2_splitB_pcm_water,imidazole_ribose_phosphate_conf11_w2_splitB_pcm_water,melamine_ribose_phosphate_conf79_w2_splitB_pcm_water,tap_C5link_ribose_phosphate_dft_seed_w2_splitA_pcm_water,guanine_ribose_phosphate_conf87_w2_splitA_pcm_water,cytosine < imidazole < melamine < tap < adenine < guanine,-4.732547517566963,12,False
grimme_qrrho_100,011101,adenine_ribose_phosphate_conf13_w2_splitA_pcm_water,cytosine_ribose_phosphate_conf2_w2_splitB_pcm_water,imidazole_ribose_phosphate_conf11_w2_splitB_pcm_water,melamine_ribose_phosphate_conf79_w2_splitB_pcm_water,tap_C5link_ribose_phosphate_dft_seed_w2_splitA_pcm_water,guanine_ribose_phosphate_conf87_w2_splitB_internal_repair_pcm_water,cytosine < imidazole < melamine < tap < adenine < guanine,-4.732547517566963,12,False
grimme_qrrho_100,011110,adenine_ribose_phosphate_conf13_w2_splitA_pcm_water,cytosine_ribose_phosphate_conf2_w2_splitB_pcm_water,imidazole_ribose_phosphate_conf11_w2_splitB_pcm_water,melamine_ribose_phosphate_conf79_w2_splitB_pcm_water,tap_C5link_ribose_phosphate_dft_seed_w2_splitB_pcm_water,guanine_ribose_phosphate_conf87_w2_splitA_pcm_water,cytosine < imidazole < melamine < tap < adenine < guanine,-4.732547517566963,12,False
grimme_qrrho_100,011111,adenine_ribose_phosphate_conf13_w2_splitA_pcm_water,cytosine_ribose_phosphate_conf2_w2_splitB_pcm_water,imidazole_ribose_phosphate_conf11_w2_splitB_pcm_water,melamine_ribose_phosphate_conf79_w2_splitB_pcm_water,tap_C5link_ribose_phosphate_dft_seed_w2_splitB_pcm_water,guanine_ribose_phosphate_conf87_w2_splitB_internal_repair_pcm_water,cytosine < imidazole < melamine < tap < adenine < guanine,-4.732547517566963,12,False
grimme_qrrho_100,100000,adenine_ribose_phosphate_conf13_w2_splitB_pcm_water,cytosine_ribose_phosphate_conf2_w2_splitA_pcm_water,imidazole_ribose_phosphate_conf11_w2_splitA_pcm_water,melamine_ribose_phosphate_conf79_w2_splitA_pcm_water,tap_C5link_ribose_phosphate_dft_seed_w2_splitA_pcm_water,guanine_ribose_phosphate_conf87_w2_splitA_pcm_water,adenine < cytosine < tap < imidazole < melamine < guanine,0.9838433545719811,12,True
grimme_qrrho_100,100001,adenine_ribose_phosphate_conf13_w2_splitB_pcm_water,cytosine_ribose_phosphate_conf2_w2_splitA_pcm_water,imidazole_ribose_phosphate_conf11_w2_splitA_pcm_water,melamine_ribose_phosphate_conf79_w2_splitA_pcm_water,tap_C5link_ribose_phosphate_dft_seed_w2_splitA_pcm_water,guanine_ribose_phosphate_conf87_w2_splitB_internal_repair_pcm_water,adenine < cytosine < tap < imidazole < guanine < melamine,0.9838433545719811,11,True
grimme_qrrho_100,100010,adenine_ribose_phosphate_conf13_w2_splitB_pcm_water,cytosine_ribose_phosphate_conf2_w2_splitA_pcm_water,imidazole_ribose_phosphate_conf11_w2_splitA_pcm_water,melamine_ribose_phosphate_conf79_w2_splitA_pcm_water,tap_C5link_ribose_phosphate_dft_seed_w2_splitB_pcm_water,guanine_ribose_phosphate_conf87_w2_splitA_pcm_water,adenine < cytosine < tap < imidazole < melamine < guanine,0.9838433545719811,12,True
grimme_qrrho_100,100011,adenine_ribose_phosphate_conf13_w2_splitB_pcm_water,cytosine_ribose_phosphate_conf2_w2_splitA_pcm_water,imidazole_ribose_phosphate_conf11_w2_splitA_pcm_water,melamine_ribose_phosphate_conf79_w2_splitA_pcm_water,tap_C5link_ribose_phosphate_dft_seed_w2_splitB_pcm_water,guanine_ribose_phosphate_conf87_w2_splitB_internal_repair_pcm_water,adenine < cytosine < tap < imidazole < guanine < melamine,0.9838433545719811,11,True
grimme_qrrho_100,100100,adenine_ribose_phosphate_conf13_w2_splitB_pcm_water,cytosine_ribose_phosphate_conf2_w2_splitA_pcm_water,imidazole_ribose_phosphate_conf11_w2_splitA_pcm_water,melamine_ribose_phosphate_conf79_w2_splitB_pcm_water,tap_C5link_ribose_phosphate_dft_seed_w2_splitA_pcm_water,guanine_ribose_phosphate_conf87_w2_splitA_pcm_water,adenine < cytosine < melamine < tap < imidazole < guanine,0.9838433545719811,12,True
grimme_qrrho_100,100101,adenine_ribose_phosphate_conf13_w2_splitB_pcm_water,cytosine_ribose_phosphate_conf2_w2_splitA_pcm_water,imidazole_ribose_phosphate_conf11_w2_splitA_pcm_water,melamine_ribose_phosphate_conf79_w2_splitB_pcm_water,tap_C5link_ribose_phosphate_dft_seed_w2_splitA_pcm_water,guanine_ribose_phosphate_conf87_w2_splitB_internal_repair_pcm_water,adenine < cytosine < melamine < tap < imidazole < guanine,0.9838433545719811,12,True
grimme_qrrho_100,100110,adenine_ribose_phosphate_conf13_w2_splitB_pcm_water,cytosine_ribose_phosphate_conf2_w2_splitA_pcm_water,imidazole_ribose_phosphate_conf11_w2_splitA_pcm_water,melamine_ribose_phosphate_conf79_w2_splitB_pcm_water,tap_C5link_ribose_phosphate_dft_seed_w2_splitB_pcm_water,guanine_ribose_phosphate_conf87_w2_splitA_pcm_water,adenine < cytosine < melamine < tap < imidazole < guanine,0.9838433545719811,12,True
grimme_qrrho_100,100111,adenine_ribose_phosphate_conf13_w2_splitB_pcm_water,cytosine_ribose_phosphate_conf2_w2_splitA_pcm_water,imidazole_ribose_phosphate_conf11_w2_splitA_pcm_water,melamine_ribose_phosphate_conf79_w2_splitB_pcm_water,tap_C5link_ribose_phosphate_dft_seed_w2_splitB_pcm_water,guanine_ribose_phosphate_conf87_w2_splitB_internal_repair_pcm_water,adenine < cytosine < melamine < tap < imidazole < guanine,0.9838433545719811,12,True
grimme_qrrho_100,101000,adenine_ribose_phosphate_conf13_w2_splitB_pcm_water,cytosine_ribose_phosphate_conf2_w2_splitA_pcm_water,imidazole_ribose_phosphate_conf11_w2_splitB_pcm_water,melamine_ribose_phosphate_conf79_w2_splitA_pcm_water,tap_C5link_ribose_phosphate_dft_seed_w2_splitA_pcm_water,guanine_ribose_phosphate_conf87_w2_splitA_pcm_water,adenine < cytosine < imidazole < tap < melamine < guanine,0.9838433545719811,13,True
grimme_qrrho_100,101001,adenine_ribose_phosphate_conf13_w2_splitB_pcm_water,cytosine_ribose_phosphate_conf2_w2_splitA_pcm_water,imidazole_ribose_phosphate_conf11_w2_splitB_pcm_water,melamine_ribose_phosphate_conf79_w2_splitA_pcm_water,tap_C5link_ribose_phosphate_dft_seed_w2_splitA_pcm_water,guanine_ribose_phosphate_conf87_w2_splitB_internal_repair_pcm_water,adenine < cytosine < imidazole < tap < guanine < melamine,0.9838433545719811,12,True
grimme_qrrho_100,101010,adenine_ribose_phosphate_conf13_w2_splitB_pcm_water,cytosine_ribose_phosphate_conf2_w2_splitA_pcm_water,imidazole_ribose_phosphate_conf11_w2_splitB_pcm_water,melamine_ribose_phosphate_conf79_w2_splitA_pcm_water,tap_C5link_ribose_phosphate_dft_seed_w2_splitB_pcm_water,guanine_ribose_phosphate_conf87_w2_splitA_pcm_water,adenine < cytosine < imidazole < tap < melamine < guanine,0.9838433545719811,13,True
grimme_qrrho_100,101011,adenine_ribose_phosphate_conf13_w2_splitB_pcm_water,cytosine_ribose_phosphate_conf2_w2_splitA_pcm_water,imidazole_ribose_phosphate_conf11_w2_splitB_pcm_water,melamine_ribose_phosphate_conf79_w2_splitA_pcm_water,tap_C5link_ribose_phosphate_dft_seed_w2_splitB_pcm_water,guanine_ribose_phosphate_conf87_w2_splitB_internal_repair_pcm_water,adenine < cytosine < imidazole < tap < guanine < melamine,0.9838433545719811,12,True
grimme_qrrho_100,101100,adenine_ribose_phosphate_conf13_w2_splitB_pcm_water,cytosine_ribose_phosphate_conf2_w2_splitA_pcm_water,imidazole_ribose_phosphate_conf11_w2_splitB_pcm_water,melamine_ribose_phosphate_conf79_w2_splitB_pcm_water,tap_C5link_ribose_phosphate_dft_seed_w2_splitA_pcm_water,guanine_ribose_phosphate_conf87_w2_splitA_pcm_water,adenine < cytosine < imidazole < melamine < tap < guanine,0.9838433545719811,14,True
grimme_qrrho_100,101101,adenine_ribose_phosphate_conf13_w2_splitB_pcm_water,cytosine_ribose_phosphate_conf2_w2_splitA_pcm_water,imidazole_ribose_phosphate_conf11_w2_splitB_pcm_water,melamine_ribose_phosphate_conf79_w2_splitB_pcm_water,tap_C5link_ribose_phosphate_dft_seed_w2_splitA_pcm_water,guanine_ribose_phosphate_conf87_w2_splitB_internal_repair_pcm_water,adenine < cytosine < imidazole < melamine < tap < guanine,0.9838433545719811,14,True
grimme_qrrho_100,101110,adenine_ribose_phosphate_conf13_w2_splitB_pcm_water,cytosine_ribose_phosphate_conf2_w2_splitA_pcm_water,imidazole_ribose_phosphate_conf11_w2_splitB_pcm_water,melamine_ribose_phosphate_conf79_w2_splitB_pcm_water,tap_C5link_ribose_phosphate_dft_seed_w2_splitB_pcm_water,guanine_ribose_phosphate_conf87_w2_splitA_pcm_water,adenine < cytosine < imidazole < melamine < tap < guanine,0.9838433545719811,14,True
grimme_qrrho_100,101111,adenine_ribose_phosphate_conf13_w2_splitB_pcm_water,cytosine_ribose_phosphate_conf2_w2_splitA_pcm_water,imidazole_ribose_phosphate_conf11_w2_splitB_pcm_water,melamine_ribose_phosphate_conf79_w2_splitB_pcm_water,tap_C5link_ribose_phosphate_dft_seed_w2_splitB_pcm_water,guanine_ribose_phosphate_conf87_w2_splitB_internal_repair_pcm_water,adenine < cytosine < imidazole < melamine < tap < guanine,0.9838433545719811,14,True
grimme_qrrho_100,110000,adenine_ribose_phosphate_conf13_w2_splitB_pcm_water,cytosine_ribose_phosphate_conf2_w2_splitB_pcm_water,imidazole_ribose_phosphate_conf11_w2_splitA_pcm_water,melamine_ribose_phosphate_conf79_w2_splitA_pcm_water,tap_C5link_ribose_phosphate_dft_seed_w2_splitA_pcm_water,guanine_ribose_phosphate_conf87_w2_splitA_pcm_water,cytosine < adenine < tap < imidazole < melamine < guanine,-0.23947574045552886,13,True
grimme_qrrho_100,110001,adenine_ribose_phosphate_conf13_w2_splitB_pcm_water,cytosine_ribose_phosphate_conf2_w2_splitB_pcm_water,imidazole_ribose_phosphate_conf11_w2_splitA_pcm_water,melamine_ribose_phosphate_conf79_w2_splitA_pcm_water,tap_C5link_ribose_phosphate_dft_seed_w2_splitA_pcm_water,guanine_ribose_phosphate_conf87_w2_splitB_internal_repair_pcm_water,cytosine < adenine < tap < imidazole < guanine < melamine,-0.23947574045552886,12,True
grimme_qrrho_100,110010,adenine_ribose_phosphate_conf13_w2_splitB_pcm_water,cytosine_ribose_phosphate_conf2_w2_splitB_pcm_water,imidazole_ribose_phosphate_conf11_w2_splitA_pcm_water,melamine_ribose_phosphate_conf79_w2_splitA_pcm_water,tap_C5link_ribose_phosphate_dft_seed_w2_splitB_pcm_water,guanine_ribose_phosphate_conf87_w2_splitA_pcm_water,cytosine < adenine < tap < imidazole < melamine < guanine,-0.23947574045552886,13,True
grimme_qrrho_100,110011,adenine_ribose_phosphate_conf13_w2_splitB_pcm_water,cytosine_ribose_phosphate_conf2_w2_splitB_pcm_water,imidazole_ribose_phosphate_conf11_w2_splitA_pcm_water,melamine_ribose_phosphate_conf79_w2_splitA_pcm_water,tap_C5link_ribose_phosphate_dft_seed_w2_splitB_pcm_water,guanine_ribose_phosphate_conf87_w2_splitB_internal_repair_pcm_water,cytosine < adenine < tap < imidazole < guanine < melamine,-0.23947574045552886,12,True
grimme_qrrho_100,110100,adenine_ribose_phosphate_conf13_w2_splitB_pcm_water,cytosine_ribose_phosphate_conf2_w2_splitB_pcm_water,imidazole_ribose_phosphate_conf11_w2_splitA_pcm_water,melamine_ribose_phosphate_conf79_w2_splitB_pcm_water,tap_C5link_ribose_phosphate_dft_seed_w2_splitA_pcm_water,guanine_ribose_phosphate_conf87_w2_splitA_pcm_water,cytosine < adenine < melamine < tap < imidazole < guanine,-0.23947574045552886,13,True
grimme_qrrho_100,110101,adenine_ribose_phosphate_conf13_w2_splitB_pcm_water,cytosine_ribose_phosphate_conf2_w2_splitB_pcm_water,imidazole_ribose_phosphate_conf11_w2_splitA_pcm_water,melamine_ribose_phosphate_conf79_w2_splitB_pcm_water,tap_C5link_ribose_phosphate_dft_seed_w2_splitA_pcm_water,guanine_ribose_phosphate_conf87_w2_splitB_internal_repair_pcm_water,cytosine < adenine < melamine < tap < imidazole < guanine,-0.23947574045552886,13,True
grimme_qrrho_100,110110,adenine_ribose_phosphate_conf13_w2_splitB_pcm_water,cytosine_ribose_phosphate_conf2_w2_splitB_pcm_water,imidazole_ribose_phosphate_conf11_w2_splitA_pcm_water,melamine_ribose_phosphate_conf79_w2_splitB_pcm_water,tap_C5link_ribose_phosphate_dft_seed_w2_splitB_pcm_water,guanine_ribose_phosphate_conf87_w2_splitA_pcm_water,cytosine < adenine < melamine < tap < imidazole < guanine,-0.23947574045552886,13,True
grimme_qrrho_100,110111,adenine_ribose_phosphate_conf13_w2_splitB_pcm_water,cytosine_ribose_phosphate_conf2_w2_splitB_pcm_water,imidazole_ribose_phosphate_conf11_w2_splitA_pcm_water,melamine_ribose_phosphate_conf79_w2_splitB_pcm_water,tap_C5link_ribose_phosphate_dft_seed_w2_splitB_pcm_water,guanine_ribose_phosphate_conf87_w2_splitB_internal_repair_pcm_water,cytosine < adenine < melamine < tap < imidazole < guanine,-0.23947574045552886,13,True
grimme_qrrho_100,111000,adenine_ribose_phosphate_conf13_w2_splitB_pcm_water,cytosine_ribose_phosphate_conf2_w2_splitB_pcm_water,imidazole_ribose_phosphate_conf11_w2_splitB_pcm_water,melamine_ribose_phosphate_conf79_w2_splitA_pcm_water,tap_C5link_ribose_phosphate_dft_seed_w2_splitA_pcm_water,guanine_ribose_phosphate_conf87_w2_splitA_pcm_water,cytosine < adenine < imidazole < tap < melamine < guanine,-0.23947574045552886,14,True
grimme_qrrho_100,111001,adenine_ribose_phosphate_conf13_w2_splitB_pcm_water,cytosine_ribose_phosphate_conf2_w2_splitB_pcm_water,imidazole_ribose_phosphate_conf11_w2_splitB_pcm_water,melamine_ribose_phosphate_conf79_w2_splitA_pcm_water,tap_C5link_ribose_phosphate_dft_seed_w2_splitA_pcm_water,guanine_ribose_phosphate_conf87_w2_splitB_internal_repair_pcm_water,cytosine < adenine < imidazole < tap < guanine < melamine,-0.23947574045552886,13,True
grimme_qrrho_100,111010,adenine_ribose_phosphate_conf13_w2_splitB_pcm_water,cytosine_ribose_phosphate_conf2_w2_splitB_pcm_water,imidazole_ribose_phosphate_conf11_w2_splitB_pcm_water,melamine_ribose_phosphate_conf79_w2_splitA_pcm_water,tap_C5link_ribose_phosphate_dft_seed_w2_splitB_pcm_water,guanine_ribose_phosphate_conf87_w2_splitA_pcm_water,cytosine < adenine < imidazole < tap < melamine < guanine,-0.23947574045552886,14,True
grimme_qrrho_100,111011,adenine_ribose_phosphate_conf13_w2_splitB_pcm_water,cytosine_ribose_phosphate_conf2_w2_splitB_pcm_water,imidazole_ribose_phosphate_conf11_w2_splitB_pcm_water,melamine_ribose_phosphate_conf79_w2_splitA_pcm_water,tap_C5link_ribose_phosphate_dft_seed_w2_splitB_pcm_water,guanine_ribose_phosphate_conf87_w2_splitB_internal_repair_pcm_water,cytosine < adenine < imidazole < tap < guanine < melamine,-0.23947574045552886,13,True
grimme_qrrho_100,111100,adenine_ribose_phosphate_conf13_w2_splitB_pcm_water,cytosine_ribose_phosphate_conf2_w2_splitB_pcm_water,imidazole_ribose_phosphate_conf11_w2_splitB_pcm_water,melamine_ribose_phosphate_conf79_w2_splitB_pcm_water,tap_C5link_ribose_phosphate_dft_seed_w2_splitA_pcm_water,guanine_ribose_phosphate_conf87_w2_splitA_pcm_water,cytosine < adenine < imidazole < melamine < tap < guanine,-0.23947574045552886,15,True
grimme_qrrho_100,111101,adenine_ribose_phosphate_conf13_w2_splitB_pcm_water,cytosine_ribose_phosphate_conf2_w2_splitB_pcm_water,imidazole_ribose_phosphate_conf11_w2_splitB_pcm_water,melamine_ribose_phosphate_conf79_w2_splitB_pcm_water,tap_C5link_ribose_phosphate_dft_seed_w2_splitA_pcm_water,guanine_ribose_phosphate_conf87_w2_splitB_internal_repair_pcm_water,cytosine < adenine < imidazole < melamine < tap < guanine,-0.23947574045552886,15,True
grimme_qrrho_100,111110,adenine_ribose_phosphate_conf13_w2_splitB_pcm_water,cytosine_ribose_phosphate_conf2_w2_splitB_pcm_water,imidazole_ribose_phosphate_conf11_w2_splitB_pcm_water,melamine_ribose_phosphate_conf79_w2_splitB_pcm_water,tap_C5link_ribose_phosphate_dft_seed_w2_splitB_pcm_water,guanine_ribose_phosphate_conf87_w2_splitA_pcm_water,cytosine < adenine < imidazole < melamine < tap < guanine,-0.23947574045552886,15,True
grimme_qrrho_100,111111,adenine_ribose_phosphate_conf13_w2_splitB_pcm_water,cytosine_ribose_phosphate_conf2_w2_splitB_pcm_water,imidazole_ribose_phosphate_conf11_w2_splitB_pcm_water,melamine_ribose_phosphate_conf79_w2_splitB_pcm_water,tap_C5link_ribose_phosphate_dft_seed_w2_splitB_pcm_water,guanine_ribose_phosphate_conf87_w2_splitB_internal_repair_pcm_water,cytosine < adenine < imidazole < melamine < tap < guanine,-0.23947574045552886,15,True
