path,sha256,size_bytes
.gitattributes,705fd4d6451a31d36b3df7de96f83f30ac976c9b4a6d1e51671d8e2f33e2d0da,8
.github/workflows/reproduce.yml,75f555485860f34ddda48a9d28c29881a51de2c4aa720b472ab32c2d18f50a65,981
.gitignore,c384c13b874d1d23609ab8b0bc1cd66479e9ad79eca64a51976ef5bdc5b07640,156
NOTICE.md,d7037ef5537b89c9b1e4c0948341862bc93084ae84c971af0cc41684a0783b7f,1311
README.md,7ba44d941931fccff1d9ea03832a375171298783501366c25dcccb5a0bc9d961,4128
calculation_setup/crest/jobs/1_methyluracil/run_crest.sh,ec9bd3ab239b3cb8d8c1b50a0353c308bf0467271d953565b718b1455cdb36d2,135
calculation_setup/crest/jobs/1_methyluracil/sampling_config.json,77e543deb6945f6f2d66b8776bf850f0118bbc8b9c766c81da1871046ed3022e,233
calculation_setup/crest/jobs/1_methyluracil/seed.xyz,0a264dcf65af34263d0cb62a65f3fb147bc97ca532556104a230299288febe16,498
calculation_setup/crest/jobs/1_methyluracil_ribose/run_crest.sh,ec9bd3ab239b3cb8d8c1b50a0353c308bf0467271d953565b718b1455cdb36d2,135
calculation_setup/crest/jobs/1_methyluracil_ribose/sampling_config.json,59f48a9af99fd5cc2c3f7b2fae2362a3d487dfbf85805276f73ec15b6dbda1af,233
calculation_setup/crest/jobs/1_methyluracil_ribose/seed.xyz,f482052ad89bcc65f5a1490e495fc97cd8e224ec92b64721e6342a847ccf15ef,1012
calculation_setup/crest/jobs/1_methyluracil_ribose_phosphate/run_crest.sh,ec9bd3ab239b3cb8d8c1b50a0353c308bf0467271d953565b718b1455cdb36d2,135
calculation_setup/crest/jobs/1_methyluracil_ribose_phosphate/sampling_config.json,c752da290c29ebbf1f5926c083405db74761b94d821bca61f9d720ddbce0e7ba,233
calculation_setup/crest/jobs/1_methyluracil_ribose_phosphate/seed.xyz,7e9d47ef82dec7c9bc7b07d691b477e321a562fd120adccdd346a4e6f0bad607,1169
calculation_setup/crest/jobs/2_6_diaminopurine/run_crest.sh,ec9bd3ab239b3cb8d8c1b50a0353c308bf0467271d953565b718b1455cdb36d2,135
calculation_setup/crest/jobs/2_6_diaminopurine/sampling_config.json,58334cec217003a65d38e442e3fc5137319a47008d1afa50078d2c9e2f4fa9ad,233
calculation_setup/crest/jobs/2_6_diaminopurine/seed.xyz,d2b0858a533d496740379bf35632b67b0f9784220b158c99cdd068522b6658f0,558
calculation_setup/crest/jobs/2_6_diaminopurine_ribose/run_crest.sh,ec9bd3ab239b3cb8d8c1b50a0353c308bf0467271d953565b718b1455cdb36d2,135
calculation_setup/crest/jobs/2_6_diaminopurine_ribose/sampling_config.json,ad25d0e91fa9bea6a06cc84a189f14293ea196ab548721dd9e03990c5469dd8c,233
calculation_setup/crest/jobs/2_6_diaminopurine_ribose/seed.xyz,b8546451a6cdc55aea4eed2478c5ca0c82ddb59e676e01dfcf3e38273daa492b,1076
calculation_setup/crest/jobs/2_6_diaminopurine_ribose_phosphate/run_crest.sh,ec9bd3ab239b3cb8d8c1b50a0353c308bf0467271d953565b718b1455cdb36d2,135
calculation_setup/crest/jobs/2_6_diaminopurine_ribose_phosphate/sampling_config.json,04864c1d748d524b62b28d03e4613c4b65ab9ef182b97da9c675bc2809b5350f,233
calculation_setup/crest/jobs/2_6_diaminopurine_ribose_phosphate/seed.xyz,b21c3594f695fad76c4947b7369f89c793bbe8dd19465d7a3de30d23b08bfa4a,1223
calculation_setup/crest/jobs/5_amino_4_imidazolecarboxamide/run_crest.sh,ec9bd3ab239b3cb8d8c1b50a0353c308bf0467271d953565b718b1455cdb36d2,135
calculation_setup/crest/jobs/5_amino_4_imidazolecarboxamide/sampling_config.json,855f1bb349e1b974d7d6bf3bff7ca1078bd07e4311e5f06ca1919b4ded198599,233
calculation_setup/crest/jobs/5_amino_4_imidazolecarboxamide/seed.xyz,9c5444aff3900b5e7b7274e1085cc65308459c6f08c01e608309aa9a44ed2648,497
calculation_setup/crest/jobs/5_amino_4_imidazolecarboxamide_ribose/run_crest.sh,ec9bd3ab239b3cb8d8c1b50a0353c308bf0467271d953565b718b1455cdb36d2,135
calculation_setup/crest/jobs/5_amino_4_imidazolecarboxamide_ribose/sampling_config.json,d47c2627f50a8f2eb593fdcc104bab3ffa04e60d7d318ca8d930c4b42c4b7a09,233
calculation_setup/crest/jobs/5_amino_4_imidazolecarboxamide_ribose/seed.xyz,1bbe0d41459491c40b2ee7de6ba347695a2e89fd462073bc14a1a3acdb031e6c,1015
calculation_setup/crest/jobs/5_amino_4_imidazolecarboxamide_ribose_phosphate/run_crest.sh,ec9bd3ab239b3cb8d8c1b50a0353c308bf0467271d953565b718b1455cdb36d2,135
calculation_setup/crest/jobs/5_amino_4_imidazolecarboxamide_ribose_phosphate/sampling_config.json,4295d4353fbffc4e187c22c5dc85adf8b963dc3f5ef8f290315357617d57a9a4,233
calculation_setup/crest/jobs/5_amino_4_imidazolecarboxamide_ribose_phosphate/seed.xyz,776ca61e0b58a601f3b4321f3d53dd6afbe17a0144b7860a6327646ab1b9300b,1165
calculation_setup/crest/jobs/6_methyluracil/run_crest.sh,ec9bd3ab239b3cb8d8c1b50a0353c308bf0467271d953565b718b1455cdb36d2,135
calculation_setup/crest/jobs/6_methyluracil/sampling_config.json,819733a4b8ba7ff0574eed2992ef74dc1fede0355dc49ac3809bc146b7c7e101,233
calculation_setup/crest/jobs/6_methyluracil/seed.xyz,42829faa4da4b237c14f9144e5fd703967d5dd3702a540330716dfee7225d525,494
calculation_setup/crest/jobs/6_methyluracil_ribose/run_crest.sh,ec9bd3ab239b3cb8d8c1b50a0353c308bf0467271d953565b718b1455cdb36d2,135
calculation_setup/crest/jobs/6_methyluracil_ribose/sampling_config.json,87ea394196925cc6f3f1e364feb29fc63fbb522fcc723b666a495083a9eda497,233
calculation_setup/crest/jobs/6_methyluracil_ribose/seed.xyz,353dd25ba8830f2b8105e9bb625c412b594f141d8dbdbc9e9c2d46140fe4f38a,1014
calculation_setup/crest/jobs/6_methyluracil_ribose_phosphate/run_crest.sh,ec9bd3ab239b3cb8d8c1b50a0353c308bf0467271d953565b718b1455cdb36d2,135
calculation_setup/crest/jobs/6_methyluracil_ribose_phosphate/sampling_config.json,83d4f85b6c19bc31cad586dcb82a6c371b4f02bd9118a2876de8eaa508ed5a78,233
calculation_setup/crest/jobs/6_methyluracil_ribose_phosphate/seed.xyz,6f356286af608fce117ab1d69b22e4e1b15ad63a7db8c039bf53156835de9788,1166
calculation_setup/crest/jobs/adenine/run_crest.sh,ec9bd3ab239b3cb8d8c1b50a0353c308bf0467271d953565b718b1455cdb36d2,135
calculation_setup/crest/jobs/adenine/sampling_config.json,ae8b809b2d4f595688e9143a181b93fadbc3f700877dd3f013f8c3700a19e48a,233
calculation_setup/crest/jobs/adenine/seed.xyz,817f5e9cb1342e45368cb3bb7d79cb832591285163e6258fd6120c9ef2b9af10,500
calculation_setup/crest/jobs/adenine_ribose/run_crest.sh,ec9bd3ab239b3cb8d8c1b50a0353c308bf0467271d953565b718b1455cdb36d2,135
calculation_setup/crest/jobs/adenine_ribose/sampling_config.json,c8d547936e42ad632b534184d0f7a542990c5c2b4dcaf02cb6b4ed46ac7fa405,233
calculation_setup/crest/jobs/adenine_ribose/seed.xyz,c41ba3be727f2aba44fce9a81ee483c3c701403a7463a6f04fe0657c5bf5f4a1,1018
calculation_setup/crest/jobs/adenine_ribose_phosphate/run_crest.sh,ec9bd3ab239b3cb8d8c1b50a0353c308bf0467271d953565b718b1455cdb36d2,135
calculation_setup/crest/jobs/adenine_ribose_phosphate/sampling_config.json,4b39787b9c24fc5d5f2920614e72dca40a71ffb790e4f4ce3b2d38edd8327715,233
calculation_setup/crest/jobs/adenine_ribose_phosphate/seed.xyz,fb3d8fe326602ac6f9ad65de437c7d2072095ac8a50f40fc5034eff2d592e534,1167
calculation_setup/crest/jobs/barbituric_acid_clink/run_crest.sh,ec9bd3ab239b3cb8d8c1b50a0353c308bf0467271d953565b718b1455cdb36d2,135
calculation_setup/crest/jobs/barbituric_acid_clink/sampling_config.json,a7acc8cca3efe9fcef34ddc26f66891140a1f528bbb27599ad2525f1ea0a589c,233
calculation_setup/crest/jobs/barbituric_acid_clink/seed.xyz,218d7c2610cc7ab195ba998c4c9c3cd63b84033c75cf337a27661f5eea98f74c,438
calculation_setup/crest/jobs/barbituric_acid_clink_ribose/run_crest.sh,ec9bd3ab239b3cb8d8c1b50a0353c308bf0467271d953565b718b1455cdb36d2,135
calculation_setup/crest/jobs/barbituric_acid_clink_ribose/sampling_config.json,025ad29daa1923496a398509d2cffbfb6df4f7ae47f006c1e4f6ef5533691302,233
calculation_setup/crest/jobs/barbituric_acid_clink_ribose/seed.xyz,274063202c95235e35aecd2f82ad482ebe0a9a7e7fae508cbf5a4e14b9838f77,960
calculation_setup/crest/jobs/barbituric_acid_clink_ribose_phosphate/run_crest.sh,ec9bd3ab239b3cb8d8c1b50a0353c308bf0467271d953565b718b1455cdb36d2,135
calculation_setup/crest/jobs/barbituric_acid_clink_ribose_phosphate/sampling_config.json,c62146c1f2c432b743ec783447594a2a76a407a39e8da6806312ee786ac6bd87,233
calculation_setup/crest/jobs/barbituric_acid_clink_ribose_phosphate/seed.xyz,108909dd890e314f0318aa4dbdba7f23b2b5fa39e9251dd5dcf6dffecc63d48e,1109
calculation_setup/crest/jobs/barbituric_acid_nlink/run_crest.sh,ec9bd3ab239b3cb8d8c1b50a0353c308bf0467271d953565b718b1455cdb36d2,135
calculation_setup/crest/jobs/barbituric_acid_nlink/sampling_config.json,bdfc1be7fb885eaa721397202240cb765ddc586e09c74fa7a169c69b7feb20c1,233
calculation_setup/crest/jobs/barbituric_acid_nlink/seed.xyz,c8d0e606099674fee8b29af63d94524e713994d7307144938aee8e30e3eb4e3e,437
calculation_setup/crest/jobs/barbituric_acid_nlink_ribose/run_crest.sh,ec9bd3ab239b3cb8d8c1b50a0353c308bf0467271d953565b718b1455cdb36d2,135
calculation_setup/crest/jobs/barbituric_acid_nlink_ribose/sampling_config.json,441e40ccf8fdaac2f656e3d26f04fa75e761de34207e48582429e051ad93ec91,233
calculation_setup/crest/jobs/barbituric_acid_nlink_ribose/seed.xyz,613506b15b470d75c59a47696f07df83920e8dedc824e5577c01a672843f2cb3,957
calculation_setup/crest/jobs/barbituric_acid_nlink_ribose_phosphate/run_crest.sh,ec9bd3ab239b3cb8d8c1b50a0353c308bf0467271d953565b718b1455cdb36d2,135
calculation_setup/crest/jobs/barbituric_acid_nlink_ribose_phosphate/sampling_config.json,c378756ee22e4738c1eb642c83a80c08ebc1c1bb685a5d5f4960cadd970fb81d,233
calculation_setup/crest/jobs/barbituric_acid_nlink_ribose_phosphate/seed.xyz,fd6d80b8d7cf029586c2c05a4d543a7daec7eaff4b53ce82b3f1e68066613ef9,1108
calculation_setup/crest/jobs/cyanuric_acid_nlink/run_crest.sh,ec9bd3ab239b3cb8d8c1b50a0353c308bf0467271d953565b718b1455cdb36d2,135
calculation_setup/crest/jobs/cyanuric_acid_nlink/sampling_config.json,9f1c088a474cbe1d73ba0b8145311ddd2346a4d835cfbf23826849ba793ef706,233
calculation_setup/crest/jobs/cyanuric_acid_nlink/seed.xyz,ea2567978c6cd75370c5879a37f852941363804fdb264b4179a9dab9cfc1c341,404
calculation_setup/crest/jobs/cyanuric_acid_nlink_ribose/run_crest.sh,ec9bd3ab239b3cb8d8c1b50a0353c308bf0467271d953565b718b1455cdb36d2,135
calculation_setup/crest/jobs/cyanuric_acid_nlink_ribose/sampling_config.json,7e6dc8458ada68389a8dc19e3b1d84c3b01746051a0ebfcfe36ae8729ef3a193,233
calculation_setup/crest/jobs/cyanuric_acid_nlink_ribose/seed.xyz,41b52cc69af462d93e39adcf97785c7c6863186dcb9a06abe03d0ba9dcc96f9e,920
calculation_setup/crest/jobs/cyanuric_acid_nlink_ribose_phosphate/run_crest.sh,ec9bd3ab239b3cb8d8c1b50a0353c308bf0467271d953565b718b1455cdb36d2,135
calculation_setup/crest/jobs/cyanuric_acid_nlink_ribose_phosphate/sampling_config.json,a8debca54ad293816e879d38ffec84dcd6fa3f58e32a4adfa0dd067e35f1390c,233
calculation_setup/crest/jobs/cyanuric_acid_nlink_ribose_phosphate/seed.xyz,e8e7dc4e13c20193b7813345c3da2e32f5cb12c3621aca8dc5b9ac27922bf03c,1075
calculation_setup/crest/jobs/cytosine/run_crest.sh,ec9bd3ab239b3cb8d8c1b50a0353c308bf0467271d953565b718b1455cdb36d2,135
calculation_setup/crest/jobs/cytosine/sampling_config.json,8af170ffd44001bba214dae052a00c5d329804b4a9c0196426668177a281db3f,233
calculation_setup/crest/jobs/cytosine/seed.xyz,4db346f846198bd160017c95f8ad7c2bd73731322900a3b24fd55acc33dc320a,441
calculation_setup/crest/jobs/cytosine_ribose/run_crest.sh,ec9bd3ab239b3cb8d8c1b50a0353c308bf0467271d953565b718b1455cdb36d2,135
calculation_setup/crest/jobs/cytosine_ribose/sampling_config.json,a6dfd3e5aefc46802b8338512d99394d54301b3f18b6b2bd302f4d27a926d442,233
calculation_setup/crest/jobs/cytosine_ribose/seed.xyz,20aa48e93b1fbeb27fe701f6117a981265af8c4c5dfd45bee5135681beb1f647,954
calculation_setup/crest/jobs/cytosine_ribose_phosphate/run_crest.sh,ec9bd3ab239b3cb8d8c1b50a0353c308bf0467271d953565b718b1455cdb36d2,135
calculation_setup/crest/jobs/cytosine_ribose_phosphate/sampling_config.json,264b5509982251d96e912dc2cd3765f810726e8757cead2db8dfcaa8ef889008,233
calculation_setup/crest/jobs/cytosine_ribose_phosphate/seed.xyz,ea3d19c561cc6a71abbcee8ee08180793574ff88e6dc5e7573740a7564f2fc42,1106
calculation_setup/crest/jobs/dihydrouracil/run_crest.sh,ec9bd3ab239b3cb8d8c1b50a0353c308bf0467271d953565b718b1455cdb36d2,135
calculation_setup/crest/jobs/dihydrouracil/sampling_config.json,70fdc05638156da07d759edb1e5407e658179da8aa91b1e082532bd1897352ca,233
calculation_setup/crest/jobs/dihydrouracil/seed.xyz,3dfece71affa28ca258d2bc330c6b7f21b83329108a8255b88e8a0830c7c90b7,464
calculation_setup/crest/jobs/dihydrouracil_ribose/run_crest.sh,ec9bd3ab239b3cb8d8c1b50a0353c308bf0467271d953565b718b1455cdb36d2,135
calculation_setup/crest/jobs/dihydrouracil_ribose/sampling_config.json,d74e02cfc578061d93e72c9df8a3c2f33852645a55c2e3efcc63718fb666748a,233
calculation_setup/crest/jobs/dihydrouracil_ribose/seed.xyz,f665c3c5f2264cc9d3ebff98b0fa1aa3bd1ff94de92e71b6b44a59769a9ada95,986
calculation_setup/crest/jobs/dihydrouracil_ribose_phosphate/run_crest.sh,ec9bd3ab239b3cb8d8c1b50a0353c308bf0467271d953565b718b1455cdb36d2,135
calculation_setup/crest/jobs/dihydrouracil_ribose_phosphate/sampling_config.json,fb279587d6367ee17a7da80872ffe8d2b3e9ba4b80847e14a007b641029d1133,233
calculation_setup/crest/jobs/dihydrouracil_ribose_phosphate/seed.xyz,46c6e18cc857223f39550bfe61573aa0417c73b1938036dcc03b71bfcc4ceff4,1139
calculation_setup/crest/jobs/guanine/run_crest.sh,ec9bd3ab239b3cb8d8c1b50a0353c308bf0467271d953565b718b1455cdb36d2,135
calculation_setup/crest/jobs/guanine/sampling_config.json,df2133e8dfb1abe764a08968ebfdde5cf6d2c8b5cf300d375fad5336afe3c905,233
calculation_setup/crest/jobs/guanine/seed.xyz,bedaf6af0bb74658f36186e1eae640d22d0190dda21cc375fde2b5dfbbacaaab,526
calculation_setup/crest/jobs/guanine_ribose/run_crest.sh,ec9bd3ab239b3cb8d8c1b50a0353c308bf0467271d953565b718b1455cdb36d2,135
calculation_setup/crest/jobs/guanine_ribose/sampling_config.json,21d33f2fa99e5ffaabb9a5198bfa53f190793f299e8c37e332e80a821de25c22,233
calculation_setup/crest/jobs/guanine_ribose/seed.xyz,80eaaa0118ee16a7085eaa0a4f6fe075952684f3edc8cbad8c57b1ea3d94a9e8,1049
calculation_setup/crest/jobs/guanine_ribose_phosphate/run_crest.sh,ec9bd3ab239b3cb8d8c1b50a0353c308bf0467271d953565b718b1455cdb36d2,135
calculation_setup/crest/jobs/guanine_ribose_phosphate/sampling_config.json,f1bb9d53ff1f2efb71fde4576a12b24f13ad38ab28e1d924ee65714bbad5eb9a,233
calculation_setup/crest/jobs/guanine_ribose_phosphate/seed.xyz,08098ea5d2500a052806bcd8fc988fd43098ca1bf88ad07386259754aeb87872,1197
calculation_setup/crest/jobs/hypoxanthine/run_crest.sh,ec9bd3ab239b3cb8d8c1b50a0353c308bf0467271d953565b718b1455cdb36d2,135
calculation_setup/crest/jobs/hypoxanthine/sampling_config.json,43161681fbab092fd6360f2144fded86004d2ab79e7e2a090042a9ef74e72e92,233
calculation_setup/crest/jobs/hypoxanthine/seed.xyz,9de23730de4c935b85756a50b6a86f535104cb979e6eb80627ce6e82e81500c6,468
calculation_setup/crest/jobs/hypoxanthine_ribose/run_crest.sh,ec9bd3ab239b3cb8d8c1b50a0353c308bf0467271d953565b718b1455cdb36d2,135
calculation_setup/crest/jobs/hypoxanthine_ribose/sampling_config.json,d1dc5c8710949d73855114bce618b17ba1b853803d972c4a8610b26562ef8608,233
calculation_setup/crest/jobs/hypoxanthine_ribose/seed.xyz,f36b00382c06315d757b3d07ab9832eae95a267dc07adcf355f64e4ddcce8b0b,987
calculation_setup/crest/jobs/hypoxanthine_ribose_phosphate/run_crest.sh,ec9bd3ab239b3cb8d8c1b50a0353c308bf0467271d953565b718b1455cdb36d2,135
calculation_setup/crest/jobs/hypoxanthine_ribose_phosphate/sampling_config.json,238137b5ed70d1bcc2fda6e831fe566cec4c285cff68ed702edd77b13a658654,233
calculation_setup/crest/jobs/hypoxanthine_ribose_phosphate/seed.xyz,b493e03fee89f3ec73a5b0b38087fc19c342ddd68c54e4b0fbde8987466d39ef,1135
calculation_setup/crest/jobs/imidazole/run_crest.sh,ec9bd3ab239b3cb8d8c1b50a0353c308bf0467271d953565b718b1455cdb36d2,135
calculation_setup/crest/jobs/imidazole/sampling_config.json,1579851a98703819bfbb2b87be4edbb0f062cae58ec728ec89cf21f2d9881497,233
calculation_setup/crest/jobs/imidazole/seed.xyz,daf95e8eff3942304f4df9bde6dd8f120fa18d098cda3ebd796456dfac1ebad9,313
calculation_setup/crest/jobs/imidazole_2_carboxylic_acid/run_crest.sh,ec9bd3ab239b3cb8d8c1b50a0353c308bf0467271d953565b718b1455cdb36d2,135
calculation_setup/crest/jobs/imidazole_2_carboxylic_acid/sampling_config.json,2d55ab0f4ef9acf56d0e2ff6d2ebb4b9c9b8aceaeead455715e27ba0240a3373,233
calculation_setup/crest/jobs/imidazole_2_carboxylic_acid/seed.xyz,c4fe38f2d6998e1b7a5cb58ecf52cb6b4bed3deed25db7bc328b4fe04255ff39,403
calculation_setup/crest/jobs/imidazole_2_carboxylic_acid_ribose/run_crest.sh,ec9bd3ab239b3cb8d8c1b50a0353c308bf0467271d953565b718b1455cdb36d2,135
calculation_setup/crest/jobs/imidazole_2_carboxylic_acid_ribose/sampling_config.json,3e6c9b54977728368117d8c70a30c220b7aaf93b04215c6fae7ad0655fcaf67e,233
calculation_setup/crest/jobs/imidazole_2_carboxylic_acid_ribose/seed.xyz,5338e7470070556a9e37af4a9f2033b3be9972f503f703ecefb926f84c42027d,922
calculation_setup/crest/jobs/imidazole_2_carboxylic_acid_ribose_phosphate/run_crest.sh,ec9bd3ab239b3cb8d8c1b50a0353c308bf0467271d953565b718b1455cdb36d2,135
calculation_setup/crest/jobs/imidazole_2_carboxylic_acid_ribose_phosphate/sampling_config.json,33b76a96101ec0190c18a6bb6b3ef54fea6b3484427d29fe55daf86226955860,233
calculation_setup/crest/jobs/imidazole_2_carboxylic_acid_ribose_phosphate/seed.xyz,a1e5b695b3fab4fcbb28964ac879acda530603077f5051227751b893c28a6b4b,1075
calculation_setup/crest/jobs/imidazole_ribose/run_crest.sh,ec9bd3ab239b3cb8d8c1b50a0353c308bf0467271d953565b718b1455cdb36d2,135
calculation_setup/crest/jobs/imidazole_ribose/sampling_config.json,02635086a60200bc0daa24f768089a39a4deda05ffffd343c12ad2f87e05d0f0,233
calculation_setup/crest/jobs/imidazole_ribose/seed.xyz,dcffee07495d8c4aa0bfd1e81e1f907dfad235b2b5054257e05a5311e954d17f,830
calculation_setup/crest/jobs/imidazole_ribose_phosphate/run_crest.sh,ec9bd3ab239b3cb8d8c1b50a0353c308bf0467271d953565b718b1455cdb36d2,135
calculation_setup/crest/jobs/imidazole_ribose_phosphate/sampling_config.json,76e6bfcc3b26211bcc2f4902ebd6cdea0f7ad2cb13b3b12f97a8ec0930c8e942,233
calculation_setup/crest/jobs/imidazole_ribose_phosphate/seed.xyz,85a58de407e6ace56b663f5c68a36b410b65657edba7a10dac70af29930184d8,984
calculation_setup/crest/jobs/isocytosine/run_crest.sh,ec9bd3ab239b3cb8d8c1b50a0353c308bf0467271d953565b718b1455cdb36d2,135
calculation_setup/crest/jobs/isocytosine/sampling_config.json,fc8f787025b8b90a587ec72b64d8a078c619a5ca16ef9bc951bd804e8a04ed3d,233
calculation_setup/crest/jobs/isocytosine/seed.xyz,b4643cb39bc3babe5c68879f82d9108a8d7976b4f3f003500eede51687e91294,435
calculation_setup/crest/jobs/isocytosine_ribose/run_crest.sh,ec9bd3ab239b3cb8d8c1b50a0353c308bf0467271d953565b718b1455cdb36d2,135
calculation_setup/crest/jobs/isocytosine_ribose/sampling_config.json,f7018a6b65c885efd8620be6a542feac78eac3c1978e11c89a8c6b16cb960804,233
calculation_setup/crest/jobs/isocytosine_ribose/seed.xyz,5a9f6279cb3a26417552a4d3686d4d37e60f67062d647cea834f7f971ed38f76,957
calculation_setup/crest/jobs/isocytosine_ribose_phosphate/run_crest.sh,ec9bd3ab239b3cb8d8c1b50a0353c308bf0467271d953565b718b1455cdb36d2,135
calculation_setup/crest/jobs/isocytosine_ribose_phosphate/sampling_config.json,57047d4c631c6145299ec9c5735ecffea0c9b6092a7c43a6148b9a2d01268ce1,233
calculation_setup/crest/jobs/isocytosine_ribose_phosphate/seed.xyz,9f433992720745e6a2f71c6648ed6b42e6fcbdc04263af6c2ef981c1f93c30d0,1107
calculation_setup/crest/jobs/melamine/run_crest.sh,ec9bd3ab239b3cb8d8c1b50a0353c308bf0467271d953565b718b1455cdb36d2,135
calculation_setup/crest/jobs/melamine/sampling_config.json,df0bcb1f6752f3f0e32590112175de95119732c93c5e884c4a5ce7637ba7b9a7,233
calculation_setup/crest/jobs/melamine/seed.xyz,cd6af4d0dba9b1becc3d239af968791dc8b8f34b2c5ad73a91d59f001da06053,498
calculation_setup/crest/jobs/melamine_ribose/run_crest.sh,ec9bd3ab239b3cb8d8c1b50a0353c308bf0467271d953565b718b1455cdb36d2,135
calculation_setup/crest/jobs/melamine_ribose/sampling_config.json,3f14f65237877ed2c715e40781699bcf8708a1e3d9133d736e57bb5dbbca9b17,233
calculation_setup/crest/jobs/melamine_ribose/seed.xyz,e5b8c8a841db554dc1fe1164ac3f47d1d8f600182fb1346442b0b5e29ddf9c80,1009
calculation_setup/crest/jobs/melamine_ribose_phosphate/run_crest.sh,ec9bd3ab239b3cb8d8c1b50a0353c308bf0467271d953565b718b1455cdb36d2,135
calculation_setup/crest/jobs/melamine_ribose_phosphate/sampling_config.json,c365190a23ab809c57dc30c8d425633e3c1ebe5e331063501c5b3959b631aed5,233
calculation_setup/crest/jobs/melamine_ribose_phosphate/seed.xyz,6ee7efe809543b6b4780fccbaa9e78af853118838cda857b90297acf3edaea01,1163
calculation_setup/crest/jobs/phosphate/run_crest.sh,ec9bd3ab239b3cb8d8c1b50a0353c308bf0467271d953565b718b1455cdb36d2,135
calculation_setup/crest/jobs/phosphate/sampling_config.json,99ced22536c494f6a73887e4d1c7378717de487462974ef4d3c17e76081e84e8,233
calculation_setup/crest/jobs/phosphate/seed.xyz,dd626c136638834622c0b46db09933e3f1a7bc8630aa7bbd3600d6203807a465,281
calculation_setup/crest/jobs/purine/run_crest.sh,ec9bd3ab239b3cb8d8c1b50a0353c308bf0467271d953565b718b1455cdb36d2,135
calculation_setup/crest/jobs/purine/sampling_config.json,53a210242f887e94c6b94fdb05452e9f3cb674f89408ed9ad1e9ad8172006eb9,233
calculation_setup/crest/jobs/purine/seed.xyz,af24600932b52c6c46ab27f2f708643c9abed9759f1e23c496fd3956136188de,436
calculation_setup/crest/jobs/purine_ribose/run_crest.sh,ec9bd3ab239b3cb8d8c1b50a0353c308bf0467271d953565b718b1455cdb36d2,135
calculation_setup/crest/jobs/purine_ribose/sampling_config.json,a851beb5ae0c42bb4d6f22c220c0c02b42e9487f57659d1189fc0bb3b801e54c,233
calculation_setup/crest/jobs/purine_ribose/seed.xyz,5b2f27b5ad8b2a905e08975dd4b1e1d9f3affcc981902ef1f67e2ba5eb7d2de8,958
calculation_setup/crest/jobs/purine_ribose_phosphate/run_crest.sh,ec9bd3ab239b3cb8d8c1b50a0353c308bf0467271d953565b718b1455cdb36d2,135
calculation_setup/crest/jobs/purine_ribose_phosphate/sampling_config.json,6f3387deec543dda167c1ca4d4441f71995576ca7a9c1f925aa447d07aba1b14,233
calculation_setup/crest/jobs/purine_ribose_phosphate/seed.xyz,9684fd2adfba8613a11d5034f1bcbc8ab607a0a7634b50b535dc45236e693283,1102
calculation_setup/crest/jobs/ribo_phosphate/run_crest.sh,ec9bd3ab239b3cb8d8c1b50a0353c308bf0467271d953565b718b1455cdb36d2,135
calculation_setup/crest/jobs/ribo_phosphate/sampling_config.json,ee6faa3683cec7299e1c678ac49073d746c2223eee464ff892c376717346382a,233
calculation_setup/crest/jobs/ribo_phosphate/seed.xyz,dd4fc26464cbac5ca68095a6978b5652757f5ad18e44646448cc0de73d795ea2,807
calculation_setup/crest/jobs/ribose/run_crest.sh,ec9bd3ab239b3cb8d8c1b50a0353c308bf0467271d953565b718b1455cdb36d2,135
calculation_setup/crest/jobs/ribose/sampling_config.json,aa3f3ee2f1638c45ffe83aae21a3ada0d84d7ef35f1dbc9c8eb587e497208abd,233
calculation_setup/crest/jobs/ribose/seed.xyz,4717365e20350f74d935f527530d4e174697dd2d1b8c9df4d1c12ab1062be8d1,648
calculation_setup/crest/jobs/tap_c5link/run_crest.sh,ec9bd3ab239b3cb8d8c1b50a0353c308bf0467271d953565b718b1455cdb36d2,135
calculation_setup/crest/jobs/tap_c5link/sampling_config.json,738331d098730887d2dd22ffcb94e21fdb4631797265ed7a048bfe9d19ba4a8d,233
calculation_setup/crest/jobs/tap_c5link/seed.xyz,98c16899ed412d1653c357222008bc3990957146970ac5c7f5d59b7e4d4150fd,524
calculation_setup/crest/jobs/tap_c5link_ribose/run_crest.sh,ec9bd3ab239b3cb8d8c1b50a0353c308bf0467271d953565b718b1455cdb36d2,135
calculation_setup/crest/jobs/tap_c5link_ribose/sampling_config.json,d4133221c5416150b5908e20614fa1c0e51f4b203ac081eda857d2266989fdc2,233
calculation_setup/crest/jobs/tap_c5link_ribose/seed.xyz,fdc855be52337c8abd60a57d7b7cf64b79d70895ac7c1386a4ede3410392ae6a,1041
calculation_setup/crest/jobs/tap_c5link_ribose_phosphate/run_crest.sh,ec9bd3ab239b3cb8d8c1b50a0353c308bf0467271d953565b718b1455cdb36d2,135
calculation_setup/crest/jobs/tap_c5link_ribose_phosphate/sampling_config.json,9b0d8fefb84f36e77ade2da8bf09730fc6cd2f7b3e943bc24ac62cbc0d18a6df,233
calculation_setup/crest/jobs/tap_c5link_ribose_phosphate/seed.xyz,28182adec26b6076a1e562f6626fe2a76c299c507d22713c081efa329b27095b,1197
calculation_setup/crest/jobs/thymine/run_crest.sh,ec9bd3ab239b3cb8d8c1b50a0353c308bf0467271d953565b718b1455cdb36d2,135
calculation_setup/crest/jobs/thymine/sampling_config.json,ced35671215df07b25e4dd4ce0e57f96072165cec41cc33e4f1d72cb8172e9d0,233
calculation_setup/crest/jobs/thymine/seed.xyz,3c4f11c80dd0932f1273f3d6f839845f05c0b0379700e6aeae13cd9f60f2fef5,499
calculation_setup/crest/jobs/thymine_ribose/run_crest.sh,ec9bd3ab239b3cb8d8c1b50a0353c308bf0467271d953565b718b1455cdb36d2,135
calculation_setup/crest/jobs/thymine_ribose/sampling_config.json,70bd7447116e3cac13181aff9616f0a7589f5011ebea604555befbd764fee496,233
calculation_setup/crest/jobs/thymine_ribose/seed.xyz,ef405b72cd99fe9e00d341d59cf9995767f4048c03231bb5ecb9e9f26a00d098,1015
calculation_setup/crest/jobs/thymine_ribose_phosphate/run_crest.sh,ec9bd3ab239b3cb8d8c1b50a0353c308bf0467271d953565b718b1455cdb36d2,135
calculation_setup/crest/jobs/thymine_ribose_phosphate/sampling_config.json,1a6a4193247e3afb426a01de662c7c1f3007ffdbc44fcc479f8f3cf933bd01d7,233
calculation_setup/crest/jobs/thymine_ribose_phosphate/seed.xyz,c878ce805260620fd4f560b465d9a26abd632a9975a2ec0950dab5ef27022f55,1167
calculation_setup/crest/jobs/uracil/run_crest.sh,ec9bd3ab239b3cb8d8c1b50a0353c308bf0467271d953565b718b1455cdb36d2,135
calculation_setup/crest/jobs/uracil/sampling_config.json,72e6267c6e9ba63b6700bae6d2df4a599e685424b487e8176bbc725ac32f091c,233
calculation_setup/crest/jobs/uracil/seed.xyz,d57eaea58a52fd67608a9ca21aa1eb92446da948451acea03a3019e944c3c343,405
calculation_setup/crest/jobs/uracil_ribose/run_crest.sh,ec9bd3ab239b3cb8d8c1b50a0353c308bf0467271d953565b718b1455cdb36d2,135
calculation_setup/crest/jobs/uracil_ribose/sampling_config.json,3b60e27e05754e670d1fc95b65d5721929869b26e18a53a6a52a47fd190f00a8,233
calculation_setup/crest/jobs/uracil_ribose/seed.xyz,4603f6f8df282b3852dd6209198f485f3d3b8ec21fa97ea329f8c043d0fb900c,928
calculation_setup/crest/jobs/uracil_ribose_phosphate/run_crest.sh,ec9bd3ab239b3cb8d8c1b50a0353c308bf0467271d953565b718b1455cdb36d2,135
calculation_setup/crest/jobs/uracil_ribose_phosphate/sampling_config.json,79983a17199e64d1519b55c0459306a8142119c1ac3ede82f45db2f68e032322,233
calculation_setup/crest/jobs/uracil_ribose_phosphate/seed.xyz,627beb361491d0f3a0e787b3c6acc637ffdd6d32063f44ffd3fe0f3fb5a640f3,1074
calculation_setup/crest/jobs/xanthine/run_crest.sh,ec9bd3ab239b3cb8d8c1b50a0353c308bf0467271d953565b718b1455cdb36d2,135
calculation_setup/crest/jobs/xanthine/sampling_config.json,2c9093dcd31d36e36bfd4da2c73726e773c631d633028b7d1c48eaffcb01e5b9,233
calculation_setup/crest/jobs/xanthine/seed.xyz,027ce7d2c4fe07450496904c070b137cf9e1224fafbcf89b302c3103150880ef,498
calculation_setup/crest/jobs/xanthine_ribose/run_crest.sh,ec9bd3ab239b3cb8d8c1b50a0353c308bf0467271d953565b718b1455cdb36d2,135
calculation_setup/crest/jobs/xanthine_ribose/sampling_config.json,86438876a379a8c96f094b16e5a19b13768af1f07aee8606eb1496eff6bf17ca,233
calculation_setup/crest/jobs/xanthine_ribose/seed.xyz,6a9ee941011aec5adff21de8e660463b43495998d786f8b0f13bf3ebdeef8f5d,1013
calculation_setup/crest/jobs/xanthine_ribose_phosphate/run_crest.sh,ec9bd3ab239b3cb8d8c1b50a0353c308bf0467271d953565b718b1455cdb36d2,135
calculation_setup/crest/jobs/xanthine_ribose_phosphate/sampling_config.json,c468dddfa7667d91bb2b33e759ea2c2784f8b6fe3e0df8ee4522be3faed49d32,233
calculation_setup/crest/jobs/xanthine_ribose_phosphate/seed.xyz,a8705451c36c10e34d94e223ddec634919bbbd619e41b806086e99cee6ad7a49,1167
calculation_setup/crest/refinement/1_methyluracil/conf1.com,7b2bbcbfa4397c01ed3167aae03283bd139a0c415bc21af32307411b3f28f35a,770
calculation_setup/crest/refinement/1_methyluracil/conf1.xyz,27fedb52821840e093af47f40225eee163a20ceadbcdaf4f787132eee7373f91,509
calculation_setup/crest/refinement/1_methyluracil/dft_seed.com,a2ec367b3d2d83ac7cbbce762118581eb47869f6d5d9dcd40641297c7ca44103,778
calculation_setup/crest/refinement/1_methyluracil/dft_seed.xyz,0fed62a90f144ae8e01f7fd5dc41be039d6d5bf4d45cd34bc91554fb3b1d1aec,508
calculation_setup/crest/refinement/1_methyluracil/refinement_manifest.json,b24cbec3b8816cb615e8ac5717461fe683efaae0ee5fac175fa8987e6596ca1c,890
calculation_setup/crest/refinement/1_methyluracil_ribose/conf1.com,2bdbc0c111e4f8e1f56a69702133c2e5cd10aa6f2a1a503e203ae0dcf1338d40,1282
calculation_setup/crest/refinement/1_methyluracil_ribose/conf1.xyz,794627ca362a6322242d7add3d1dd5f4cdd9f57ee968a826fb74f26990f708d3,1021
calculation_setup/crest/refinement/1_methyluracil_ribose/conf15.com,73c9eb8bcf65ee6a6a56f5304033eb312c61a6efc40ba06a7cfea934415ea9ef,1283
calculation_setup/crest/refinement/1_methyluracil_ribose/conf15.xyz,87f9c2b1f348d1a9a805416224fdf31059e0e13408b9160a1f76b9e4a6745f6e,1019
calculation_setup/crest/refinement/1_methyluracil_ribose/conf2.com,09d3b0a914af0cf308a8d02f18f5e7733a89dfc8b10a730600c20a5ae8e7e409,1283
calculation_setup/crest/refinement/1_methyluracil_ribose/conf2.xyz,17164a791dfb8e4e6285f504906928da15da9813e925adb9ee9b226c350cb0c1,1022
calculation_setup/crest/refinement/1_methyluracil_ribose/conf4.com,6cef1b906348f3d10fdf6104c1cfdd6402f49521528cd5d7b1428e875a27c346,1284
calculation_setup/crest/refinement/1_methyluracil_ribose/conf4.xyz,3c030e8e43a2ff5a631a128735f63d9933aaafe8d4303d5a99d70741d8753317,1023
calculation_setup/crest/refinement/1_methyluracil_ribose/conf5.com,18830f6b7acd53ce618ba5095ce6ad386dc120ec94d1f4d7616411797124ade0,1284
calculation_setup/crest/refinement/1_methyluracil_ribose/conf5.xyz,2bc8febec13288ea2837fab1aef1f97d3c1e1ea1167c9fd24e1225a571109106,1023
calculation_setup/crest/refinement/1_methyluracil_ribose/dft_seed.com,f3cfd12fd36826cd1f2da67db3ef7cf3f911a46e7594e2a7ac084206ccb532ab,1292
calculation_setup/crest/refinement/1_methyluracil_ribose/dft_seed.xyz,451dea46421d746277b491daaa9bc1c09a85b0fce1519f2907eb4f5ec741595e,1022
calculation_setup/crest/refinement/1_methyluracil_ribose/refinement_manifest.json,ebdb31f4e390f4d58345958542495320f671439b47fdaeee247045ffb34721f5,1858
calculation_setup/crest/refinement/1_methyluracil_ribose_phosphate/conf1.com,d40fca9fb1c15e3e1f499610c6b13478fcfde714e27533cc90f2adb4eb821b5b,1443
calculation_setup/crest/refinement/1_methyluracil_ribose_phosphate/conf1.xyz,4325e0fc39768a38d5c31b8bf70efb4eb3a8c766367d69cfaf367e3890f031a6,1182
calculation_setup/crest/refinement/1_methyluracil_ribose_phosphate/conf2.com,d6c5da9182969114032610544bf5b4aa52709715aa2580d307bf3712c1aeb53c,1443
calculation_setup/crest/refinement/1_methyluracil_ribose_phosphate/conf2.xyz,68da10f6412242d6831ec314a0899afea42a3a828ceb6ace9b25ca1b75879629,1182
calculation_setup/crest/refinement/1_methyluracil_ribose_phosphate/dft_seed.com,ca1398132e17693b7d774da8a4599ef70405bf845625718bc32d1a103365bc12,1449
calculation_setup/crest/refinement/1_methyluracil_ribose_phosphate/dft_seed.xyz,ed9ee4ddde21442f441b5801a331216516334438a39677371fde7162963663e4,1179
calculation_setup/crest/refinement/1_methyluracil_ribose_phosphate/refinement_manifest.json,847cbc7a95eb9cf37c7d458c6fc1ce4d86f0289e100225cb4117839101039e62,1155
calculation_setup/crest/refinement/2_6_diaminopurine/conf1.com,57e2d73d836efd5e5e6327d28c0649260392a1e412a12ef02575720d45176c35,827
calculation_setup/crest/refinement/2_6_diaminopurine/conf1.xyz,2b11e01c2a816d5063e48844050d82bbe4a270a20badea1208e26aa47b0a0b98,566
calculation_setup/crest/refinement/2_6_diaminopurine/dft_seed.com,367d0f23d6cdc18529275f3004563700122c29ee2031f059ff1efc860ce0aacf,838
calculation_setup/crest/refinement/2_6_diaminopurine/dft_seed.xyz,a4d2fc63dd699491fb18d3188cf6d6abb7200bf4873160bf7a773624e8756383,568
calculation_setup/crest/refinement/2_6_diaminopurine/refinement_manifest.json,1d4c8c233436501e21509c39f7c1e19e571ac2a7dc6900e514103b4e5b4eb87b,889
calculation_setup/crest/refinement/2_6_diaminopurine_ribose/conf1.com,9e6abb50e65b7ed715c6ae226e39095e8ecd23417c3020550edc0f0e6c9366ad,1347
calculation_setup/crest/refinement/2_6_diaminopurine_ribose/conf1.xyz,278d7a1f43af494e89f28fe3892aea99bd4b90580b6445fb3808d2e539f1a226,1086
calculation_setup/crest/refinement/2_6_diaminopurine_ribose/conf14.com,442b1e0259971cb1d66e7481411bbaca8ea04c6dfd9ea03f7d1de3c4a0d76e12,1351
calculation_setup/crest/refinement/2_6_diaminopurine_ribose/conf14.xyz,deb853ee1fbe68692dc339056eeee65898ad3eb32172178e7a2b610955992b88,1087
calculation_setup/crest/refinement/2_6_diaminopurine_ribose/conf15.com,36124028124bcafe0505e9e536740484035f50f8b03a2caecace20f95cd71c1c,1351
calculation_setup/crest/refinement/2_6_diaminopurine_ribose/conf15.xyz,c1a6ff9bf0087377552c7ca6dddf55937503464b5b4eff345b8c26b2e1a22397,1087
calculation_setup/crest/refinement/2_6_diaminopurine_ribose/conf5.com,c7b85829a1e4efcf122fe1cf120a44c1677e46855a71f158ce3454901bac1ed4,1346
calculation_setup/crest/refinement/2_6_diaminopurine_ribose/conf5.xyz,e09860e25af713c02d98cf589946babab5540a364ae31958e531f97ea7f881fb,1085
calculation_setup/crest/refinement/2_6_diaminopurine_ribose/conf9.com,44d5078abe762a7c06ec4e3a664f0abc7019dfd422dec4ee601284aa5cd4e1de,1349
calculation_setup/crest/refinement/2_6_diaminopurine_ribose/conf9.xyz,c69a38bf21b5bfbeba293f18f9ae9b02b4a1391bb20532a0acff6b4c9d4633f2,1088
calculation_setup/crest/refinement/2_6_diaminopurine_ribose/dft_seed.com,7f7ac192b7206e7222cd1b42fa2096387c58f9241bd052411acbbcd91996ad5f,1356
calculation_setup/crest/refinement/2_6_diaminopurine_ribose/dft_seed.xyz,14a520757902e2bba3b631bf445295abac4c5e9b711cf3a0f6c8a5535b47ec8c,1086
calculation_setup/crest/refinement/2_6_diaminopurine_ribose/refinement_manifest.json,63132834ce178313642d66b6424ee5631ab2ffe9b90a3b39b7e9c4db0280a813,1858
calculation_setup/crest/refinement/2_6_diaminopurine_ribose_phosphate/conf1.com,cb414e551adbb98bb37a9696dcec7941a31715b6bb4d66cc53e82c73c564e16f,1502
calculation_setup/crest/refinement/2_6_diaminopurine_ribose_phosphate/conf1.xyz,d03276d57bc4742158e5cb7f6b7dfd33b35a4371c7512c1f51894eaa4668c3a2,1241
calculation_setup/crest/refinement/2_6_diaminopurine_ribose_phosphate/conf17.com,8f1f9692baa1261424577d80925efd335585716268396c95c16a396af75e9296,1513
calculation_setup/crest/refinement/2_6_diaminopurine_ribose_phosphate/conf17.xyz,03c18a03c2834c180c043d7d9882946abea4810c67ca1eda1081171bd616c18b,1249
calculation_setup/crest/refinement/2_6_diaminopurine_ribose_phosphate/conf28.com,522c4f029c02e0fae7ae6bc9c4d43e5b478eccc4061a1863f4b6db88f7ba4a6f,1514
calculation_setup/crest/refinement/2_6_diaminopurine_ribose_phosphate/conf28.xyz,2c399acd76432b9266f33ab708118943776bc1e92f1ab1d49a2c2825b9b4e26e,1250
calculation_setup/crest/refinement/2_6_diaminopurine_ribose_phosphate/conf41.com,6be9d9fd2fef372a63f753e0b6e0c657edc074e9ac46f112f59c5873b1fb32aa,1508
calculation_setup/crest/refinement/2_6_diaminopurine_ribose_phosphate/conf41.xyz,4e347f8c05705f2a888fd747548fea779738ac5d7b28f924587b8f156bb55e9a,1244
calculation_setup/crest/refinement/2_6_diaminopurine_ribose_phosphate/conf68.com,3a29987bd78ad6ceae0b71028f508edcce509bf4d5072842dc2ca2be6aa8692f,1506
calculation_setup/crest/refinement/2_6_diaminopurine_ribose_phosphate/conf68.xyz,2f01af3b8174240f736c4a78d4e7a9716d4580f9db39e811827688cfad5099ea,1242
calculation_setup/crest/refinement/2_6_diaminopurine_ribose_phosphate/conf7.com,3eb08d08f250a85bf86b72bddb06fa9a753b9d731681afd3205cbb22eb905ece,1506
calculation_setup/crest/refinement/2_6_diaminopurine_ribose_phosphate/conf7.xyz,79f3be4dab40dd264f524e02398f1488a8e3262bff5fc9ccde55d6595f3bcc9d,1245
calculation_setup/crest/refinement/2_6_diaminopurine_ribose_phosphate/dft_seed.com,a72c45c61abbc7edbdda2bd542ae2ca3b5ba4064aad416ee862a82c53a899b2b,1503
calculation_setup/crest/refinement/2_6_diaminopurine_ribose_phosphate/dft_seed.xyz,5941eefa39e612edb9ff0a009de357916021a030b8416453de4a3b9271ecb120,1233
calculation_setup/crest/refinement/2_6_diaminopurine_ribose_phosphate/refinement_manifest.json,cbaf505d1a5b9e9b523aa2e66251b15955ad37aa0c636c000e0498aa3079792d,2124
calculation_setup/crest/refinement/5_amino_4_imidazolecarboxamide/conf1.com,547d6697a962b3fa4986dfcc806b9c9462c8c49b849a7c23370eed443b303221,767
calculation_setup/crest/refinement/5_amino_4_imidazolecarboxamide/conf1.xyz,234c88de6402d881f39720409db1b9a07330c942482ebe1d1be54a7a4916b67a,506
calculation_setup/crest/refinement/5_amino_4_imidazolecarboxamide/conf2.com,46ecef769970d07d0b46c6f3e7519d84737ed948a7c295029a9a6d334c9afea4,768
calculation_setup/crest/refinement/5_amino_4_imidazolecarboxamide/conf2.xyz,03d4d91ee0aa1473b78a73b0c4d608c98891548c3373a9a32296c401325dabf2,507
calculation_setup/crest/refinement/5_amino_4_imidazolecarboxamide/dft_seed.com,743c5c33245ff2422eb42f2a5359fcfdd861eac9685a2b43b2e8ec4f3e9d446e,777
calculation_setup/crest/refinement/5_amino_4_imidazolecarboxamide/dft_seed.xyz,f4d0052641a3e1d54d08053b7a7c481a0c73d4268338b999504a7cd034eb674b,507
calculation_setup/crest/refinement/5_amino_4_imidazolecarboxamide/refinement_manifest.json,90971c2912c0dbc8db435c95aed7e678c34c6b1e1f8aa7a8f3f3955ca7a7b527,1132
calculation_setup/crest/refinement/5_amino_4_imidazolecarboxamide_ribose/conf1.com,52ebd6b432b9c6fb5f5157c80caff7a0f12a6d93f3aa768bf8d50314a8cadb3a,1286
calculation_setup/crest/refinement/5_amino_4_imidazolecarboxamide_ribose/conf1.xyz,3fac0eddd8a0ecf0dfe72472183fa19e152d53f86c3c34fa2a80375dcf078b59,1025
calculation_setup/crest/refinement/5_amino_4_imidazolecarboxamide_ribose/conf11.com,e2559f143d610fdda038079c11a0cead260b9ca21ebdb8dde5031394383db4b5,1290
calculation_setup/crest/refinement/5_amino_4_imidazolecarboxamide_ribose/conf11.xyz,93063e85488d2f20685b1f5efa8e700b5a97354437cc7bd91c155602b7e8e732,1026
calculation_setup/crest/refinement/5_amino_4_imidazolecarboxamide_ribose/conf15.com,9f46d2292e116fe7edff515c3dfa039cb45618e8ca267169335b8b682175e238,1292
calculation_setup/crest/refinement/5_amino_4_imidazolecarboxamide_ribose/conf15.xyz,71c2148925ba93d57f47ef435117fd6f142c5e8a1494eee7f581c074da89ad5f,1028
calculation_setup/crest/refinement/5_amino_4_imidazolecarboxamide_ribose/conf4.com,1e3a2f5e7c2b9b146f467544da1254281fdcf015480dab1195ae59ba3035c6e6,1286
calculation_setup/crest/refinement/5_amino_4_imidazolecarboxamide_ribose/conf4.xyz,9d55a87e5fcedca587d8ecedd310d2ebc0c83447e82e379b1f72451500a33db7,1025
calculation_setup/crest/refinement/5_amino_4_imidazolecarboxamide_ribose/conf6.com,44f6d233787dd5ef30b80bf5642dfe601f6a6f05018834cc9e6e860b4b2f3635,1285
calculation_setup/crest/refinement/5_amino_4_imidazolecarboxamide_ribose/conf6.xyz,4da1bdb9ecba572b94bcc2d1a165ed446b08ce10feef266d90fe5baadda49af8,1024
calculation_setup/crest/refinement/5_amino_4_imidazolecarboxamide_ribose/dft_seed.com,5ee9068b3cb450ba020c16161e2578948a76edc6c37786e7e2133a87bb2133b2,1295
calculation_setup/crest/refinement/5_amino_4_imidazolecarboxamide_ribose/dft_seed.xyz,0b2ff2aedc256ddcca6f5e0dd9d1c1db3830b3d2d39a5a6270538004b3ccb88c,1025
calculation_setup/crest/refinement/5_amino_4_imidazolecarboxamide_ribose/refinement_manifest.json,6d8daf0712f07471319a81021c26a80b4017e13994ce5b72c982b1410498938e,1858
calculation_setup/crest/refinement/5_amino_4_imidazolecarboxamide_ribose_phosphate/conf1.com,ca4d572b650b551dd40090bae05fe3f5fb11539929a35dbe24ae1bf2ce17287d,1437
calculation_setup/crest/refinement/5_amino_4_imidazolecarboxamide_ribose_phosphate/conf1.xyz,992e49a047827af46422c639f118961b685fa45a87345485e31944da4d0ef658,1176
calculation_setup/crest/refinement/5_amino_4_imidazolecarboxamide_ribose_phosphate/conf13.com,e6f4b4a90ba1fbfd75bf0cb685d3a485a02d0c5019cffe257431520f0b06f0b6,1441
calculation_setup/crest/refinement/5_amino_4_imidazolecarboxamide_ribose_phosphate/conf13.xyz,ad0a1fcabff9f4b0d1a1cddc8ef8148c3f8950288919c4c59f1d05e48d5a3792,1177
calculation_setup/crest/refinement/5_amino_4_imidazolecarboxamide_ribose_phosphate/conf2.com,9a3b88546d79da073079e9b983bc968200cf5f59a12c0d93bbaa9d3f833676b6,1436
calculation_setup/crest/refinement/5_amino_4_imidazolecarboxamide_ribose_phosphate/conf2.xyz,4ef46ae988dd2c9e6345658f62fd7290a97247ebb45a74191ac506a6a7ff644c,1175
calculation_setup/crest/refinement/5_amino_4_imidazolecarboxamide_ribose_phosphate/conf26.com,b98aa7010333d350c1c423660e31c0be388da6aa87146786efe82f84f36026c5,1438
calculation_setup/crest/refinement/5_amino_4_imidazolecarboxamide_ribose_phosphate/conf26.xyz,e0058c5ff69262ba1a8d41dd811eca8dae7e5e4e2bc2323b208a1bfe19e1999b,1174
calculation_setup/crest/refinement/5_amino_4_imidazolecarboxamide_ribose_phosphate/conf50.com,3c00599045bd318dee46e27863d7e203d9bb5b290b7352190cf0d998d110614b,1442
calculation_setup/crest/refinement/5_amino_4_imidazolecarboxamide_ribose_phosphate/conf50.xyz,bf2ede237e7abda4a50a00e0f1cb770a01a13d387d4e2e1011ea1c0700433ab8,1178
calculation_setup/crest/refinement/5_amino_4_imidazolecarboxamide_ribose_phosphate/conf83.com,d363ecc70c143c3f150cbad8cc65679ca7a19cd0d1cf6df4ed1db5dfac6b8277,1441
calculation_setup/crest/refinement/5_amino_4_imidazolecarboxamide_ribose_phosphate/conf83.xyz,50dc366521d90cf4aec1b3f9ce2c98f908fce0366d41b9581f8b014a26bbf1d5,1177
calculation_setup/crest/refinement/5_amino_4_imidazolecarboxamide_ribose_phosphate/dft_seed.com,0d776c5ebcda5e94176056b54eb048dcf0188ca81abb101c85352f9fc8ecb174,1445
calculation_setup/crest/refinement/5_amino_4_imidazolecarboxamide_ribose_phosphate/dft_seed.xyz,13dbda65180208fd73f1a0a2ec00038504185d209ebe4a536717881c54d24424,1175
calculation_setup/crest/refinement/5_amino_4_imidazolecarboxamide_ribose_phosphate/refinement_manifest.json,8646565654cd0d84a088dad9cb752f38fb17bb9e258866b758c2ed0e67f901ba,2125
calculation_setup/crest/refinement/6_methyluracil/conf1.com,c4f42fff647bafa5884ddd6962ff78a150fa6e70aacae1544ab08d9b6123e357,768
calculation_setup/crest/refinement/6_methyluracil/conf1.xyz,6ccbb2297df2648df38042996b97142dbdfdebfbf059d13c70ecb645ce44a189,507
calculation_setup/crest/refinement/6_methyluracil/dft_seed.com,c4aeffd97a03cbbbc882304c4442f0737088a7248ca48df9c178ae3bb0010622,774
calculation_setup/crest/refinement/6_methyluracil/dft_seed.xyz,882f6b8b7723145756104837089cd91b95f49a5eea22d4599f562f4cb3081a52,504
calculation_setup/crest/refinement/6_methyluracil/refinement_manifest.json,f8df883a41b63e708e160f6167cdc0a5f9ac3a09df65e4292861339f42d9cdf6,890
calculation_setup/crest/refinement/6_methyluracil_ribose/conf1.com,33315c86b9c92b74f38e91861b4acb79dfe50f1f0f175edb14ca62eed26f42f1,1284
calculation_setup/crest/refinement/6_methyluracil_ribose/conf1.xyz,3e3d20850050eaf9b4325995d540a9a2b28ffc02a3904d2f446efb4058cb055c,1023
calculation_setup/crest/refinement/6_methyluracil_ribose/conf15.com,9c40cc8d14a03cae875c06ced08ad3985332a1e09c4dec1f4eaeec6cf99a76a5,1289
calculation_setup/crest/refinement/6_methyluracil_ribose/conf15.xyz,f63efccc50e786a9f333fcae74973874e14696be3e22f051dbc61d216aa15af9,1025
calculation_setup/crest/refinement/6_methyluracil_ribose/conf23.com,32ec6e8c40857aa418ce5aac015b104e8cc03088ce0d76d010ddc0b74d29cc1d,1286
calculation_setup/crest/refinement/6_methyluracil_ribose/conf23.xyz,da3ba94068fecbffde69aededf491ddfa10d961692d0eb1d2740967b54efecaa,1022
calculation_setup/crest/refinement/6_methyluracil_ribose/conf3.com,325e6d6c2c3d246cb5ccc079ac13119242de4575c8136cda8409108ade10342f,1285
calculation_setup/crest/refinement/6_methyluracil_ribose/conf3.xyz,234cfe2a5e150d85fc59c860cb828b9079f2196e8c2bcd815dbea24c085be52d,1024
calculation_setup/crest/refinement/6_methyluracil_ribose/conf32.com,c9693b928fc50bab1dbe574f1cb0d2843849a8ecff1d8fdb396724c0928a4446,1283
calculation_setup/crest/refinement/6_methyluracil_ribose/conf32.xyz,67d6002e0a80eebbf60a96c1eda43848f02b953a29a6da77117ef6a503ad7a80,1019
calculation_setup/crest/refinement/6_methyluracil_ribose/dft_seed.com,93a2f22a7f92e31a479a843488c5a01e907652fff33fdeda3afc1ced1cd094ed,1294
calculation_setup/crest/refinement/6_methyluracil_ribose/dft_seed.xyz,ce33c59703d356e24c67faef70a92591a2a4230600a9b80cf90c9e0fd777ac60,1024
calculation_setup/crest/refinement/6_methyluracil_ribose/refinement_manifest.json,b07a936fcc87950675b5149a3eb30dd312ee7befa046abf97da0c6c83b57f857,1858
calculation_setup/crest/refinement/6_methyluracil_ribose_phosphate/conf1.com,13579ede05b993351f1e6dd709878ad25dff1bfd09cce765d5afc0ae186ecbff,1443
calculation_setup/crest/refinement/6_methyluracil_ribose_phosphate/conf1.xyz,7465ae3346b752fb999b8b05ca1bc57bde79ca8e0fa8d2944a4e014f2adc9112,1182
calculation_setup/crest/refinement/6_methyluracil_ribose_phosphate/conf7.com,eaef6e16cb199b2dbf962d0a7d3982583cf3e7767d19d7e3013d2db6bb72c4eb,1445
calculation_setup/crest/refinement/6_methyluracil_ribose_phosphate/conf7.xyz,87e897a8ae9c579c01a8a22b9f54133ba948174eb95137b2f4879fd6f0dc9201,1184
calculation_setup/crest/refinement/6_methyluracil_ribose_phosphate/dft_seed.com,4dbd3c59f21b53a34f6eb57be2f7e3385361a9a840c688eab0c20f57bfe707d6,1446
calculation_setup/crest/refinement/6_methyluracil_ribose_phosphate/dft_seed.xyz,9c7ec2748218a71254ed934c2b59b7e4b727a5e616369076cbe3fb0712f8bf77,1176
calculation_setup/crest/refinement/6_methyluracil_ribose_phosphate/refinement_manifest.json,40d4d77c2ee50fe2a7b9f08ee999563e3de723eb42415995684cecabaa8e33cf,1157
calculation_setup/crest/refinement/adenine/conf1.com,59ac39978481c1d13207fd8751c52e1872b789acc7230039bed9c9a94b73fc53,769
calculation_setup/crest/refinement/adenine/conf1.xyz,4aa014fd086fd545806614a12c23bb18af4481d358fe7b9ee0ae7660c106fff2,508
calculation_setup/crest/refinement/adenine/dft_seed.com,6dcbaa2865cf27f254ea26271d3c29f7cb6969d4705592aa367341bb66159a06,780
calculation_setup/crest/refinement/adenine/dft_seed.xyz,019c92f9982ca47ffda696ae1f94961fae3289c054e221656293316937da6307,510
calculation_setup/crest/refinement/adenine/refinement_manifest.json,daae19c1f7a61cfef5beb3ba898b784e7fa3d70df7ed405b3984440d87247edf,890
calculation_setup/crest/refinement/adenine_ribose/conf1.com,77c27e8ce5ed36a256bb23b687088c1b5ac0f0a96e2ab3303d3f1d4c94d453f4,1289
calculation_setup/crest/refinement/adenine_ribose/conf1.xyz,2d97dc2fe51422847f8e703f0b5312d508658b2a3d3a79501e937fd7d288a2a8,1028
calculation_setup/crest/refinement/adenine_ribose/conf4.com,33eb1f7f77d0ca4922d28b45237540ce7f2bfda7bb06981f8893585b041f6403,1288
calculation_setup/crest/refinement/adenine_ribose/conf4.xyz,8aa8799de1353100bbc271cd496184f8ebbd3d771c275a0e891ea0f202b681d2,1027
calculation_setup/crest/refinement/adenine_ribose/conf5.com,6f9657265a1cd685cb80c471985b2d59d13a3a8037253c69b150d3c48fc21b5f,1289
calculation_setup/crest/refinement/adenine_ribose/conf5.xyz,cb04b68d6df5a3bc48fc03ac42665be6a340586dbf8fc7ba0ee89a433f9d95fc,1028
calculation_setup/crest/refinement/adenine_ribose/conf6.com,4395ad2b8388bb08c9ab4012b401a4038f5f7cca76179776d3462931c650bf4e,1288
calculation_setup/crest/refinement/adenine_ribose/conf6.xyz,66d96cd4982693d62bf2f3a9a3d970c2220f5109f3ac310ec09fec07dd00f9ad,1027
calculation_setup/crest/refinement/adenine_ribose/conf8.com,55c9dca07052abc5aaa61e564afee79d48a842c3d4a68e24c685cb310322a07b,1288
calculation_setup/crest/refinement/adenine_ribose/conf8.xyz,66ddbd9aca4d222c45d3644305b5a7b6aa99f027a2f8aa3b19275de9d878d4d1,1027
calculation_setup/crest/refinement/adenine_ribose/dft_seed.com,7c2ba79369683a4a936f56f34b7ca49db552f853c85c4ed04075123fe7de495f,1298
calculation_setup/crest/refinement/adenine_ribose/dft_seed.xyz,bdf607923dd1057b950525488002ab65a4361d768b49f0cf8c65e072b068ced7,1028
calculation_setup/crest/refinement/adenine_ribose/refinement_manifest.json,bb6c53f157741395b6a413a6a3d10d118936f62a43ead973e673ba66a3369ac0,1854
calculation_setup/crest/refinement/adenine_ribose_phosphate/conf1.com,6d06d5ee4bdfbe4ee12ce528ee4150d2acfa38494e2d0c8f50532691bf3053e2,1444
calculation_setup/crest/refinement/adenine_ribose_phosphate/conf1.xyz,0019c25e77ed90ade0c9c2991f366da63178a79c8bd0d63a35c7729e4c6e8e8b,1183
calculation_setup/crest/refinement/adenine_ribose_phosphate/conf113.com,f79a058e2ede2e2ca7627ba7845ae5e94cfe52c2b735abf79a7e216ffa1f3a8a,1446
calculation_setup/crest/refinement/adenine_ribose_phosphate/conf113.xyz,357fdbecab83fa92e8d6a8c632172a2ac140258561451a055b7d8273af616034,1179
calculation_setup/crest/refinement/adenine_ribose_phosphate/conf13.com,4f0b5ef3297e0920a91c5ba04462e0f5cf07aa1807aca933b0b799de45403181,1434
calculation_setup/crest/refinement/adenine_ribose_phosphate/conf13.xyz,8f0f1ae126def8922f7726515b8aa5497fd7351ae6a5e0281b7786412eda3591,1170
calculation_setup/crest/refinement/adenine_ribose_phosphate/conf22.com,00bd037bfd3da091845b34096d85772a8f487e17f47b2d1b2e2a4675baa5b370,1441
calculation_setup/crest/refinement/adenine_ribose_phosphate/conf22.xyz,0e42ee9caab24f05a143c3a6fc244316290e0f91673bcaa1096badc0e37b8538,1177
calculation_setup/crest/refinement/adenine_ribose_phosphate/conf52.com,b521d66c42edf95fcedfdcbd5913a035de472d963801ac7491bb85e24317ff8a,1444
calculation_setup/crest/refinement/adenine_ribose_phosphate/conf52.xyz,8fb376048a1da5097a753e7f272a29fbcf55cb4011540644fbc70b8088168fe5,1180
calculation_setup/crest/refinement/adenine_ribose_phosphate/conf75.com,089692fed25edefd23f7b561f71bdcc98c7bc5cef08a8f077733cbd156cd8d93,1441
calculation_setup/crest/refinement/adenine_ribose_phosphate/conf75.xyz,2da8c67031e7386dd6c3432330f0e309e001c10b6f0e07f89b2bde49fabdd77f,1177
calculation_setup/crest/refinement/adenine_ribose_phosphate/dft_seed.com,575907b3e19a790c1ef061357779c677caaa9c2fe3f633b46415376a259bf573,1447
calculation_setup/crest/refinement/adenine_ribose_phosphate/dft_seed.xyz,1c200abdbd100bf1b3df36aba8abaf63d61e8f5f8085c7d4272cb57d6b919b6b,1177
calculation_setup/crest/refinement/adenine_ribose_phosphate/refinement_manifest.json,bf10eb95de89fc485f876a16bf91837520846c202a10943a2a6c400afb0a4fb9,2125
calculation_setup/crest/refinement/barbituric_acid_clink/conf1.com,80a5cbb1046278ab5c43459f8677dfa89e029e80f6e0010071802a6567e68c31,705
calculation_setup/crest/refinement/barbituric_acid_clink/conf1.xyz,608e29b7ecff238ad90e1be3e5803d30d6ba69427eb4db742a9f25e583e0a61a,444
calculation_setup/crest/refinement/barbituric_acid_clink/dft_seed.com,50b95a0d7d8c6f1fa52fb216d8a11c0f25008efdec158796e846b0709324e077,718
calculation_setup/crest/refinement/barbituric_acid_clink/dft_seed.xyz,eb2196163600ed67a31bb48012a7af54f7b3ff63e4348a3e9a2985815222694c,448
calculation_setup/crest/refinement/barbituric_acid_clink/refinement_manifest.json,48582c9fff2e116ef300a1f5b5a65a8c24a481946f331e74cf27bbd018670951,890
calculation_setup/crest/refinement/barbituric_acid_clink_ribose/conf1.com,f8be840ce010afe016bced0311cd821f54e52cb66798c1dd56cb0ef0f456412f,1226
calculation_setup/crest/refinement/barbituric_acid_clink_ribose/conf1.xyz,43544724179ee7d632fa1266254d97305c4d58d97cb05f3bf4720a63d4a1c695,965
calculation_setup/crest/refinement/barbituric_acid_clink_ribose/conf13.com,6bbf82f93e36d1881aed520c46dca2a13bebbdf6561404e3b0489e5e4db11701,1231
calculation_setup/crest/refinement/barbituric_acid_clink_ribose/conf13.xyz,8d7a03959bb4eb1a12203548c6d4a257e2a6d5955506b515ccfbd384c54bb54b,967
calculation_setup/crest/refinement/barbituric_acid_clink_ribose/conf2.com,84764952d79061b10a47852d9afa0f628918fd947005363c4fb2f62bff42b619,1226
calculation_setup/crest/refinement/barbituric_acid_clink_ribose/conf2.xyz,919581ad77354722b6accf92f0ba9c2be56509f0cf7a110814596dd72f5cbda4,965
calculation_setup/crest/refinement/barbituric_acid_clink_ribose/conf4.com,eb88d3ad12d34620cbfb721c94f271dec5f7d935e95ad2a9ac3df0073fe7107d,1228
calculation_setup/crest/refinement/barbituric_acid_clink_ribose/conf4.xyz,9de59bf3bd4b3ae48874b0d822870ad63ec20b852863a06e7154cddf0e703afc,967
calculation_setup/crest/refinement/barbituric_acid_clink_ribose/conf7.com,30533dd711d51e24046bb86610ebd3fd76f313b19fb5442757dea446724c1abc,1227
calculation_setup/crest/refinement/barbituric_acid_clink_ribose/conf7.xyz,0369c8947d2a7e6492072e291e456071d1ce5d9768a1712fcec495654d8cedab,966
calculation_setup/crest/refinement/barbituric_acid_clink_ribose/dft_seed.com,680242842a2d4a20bf8f15b292433ff36e071978664145819f38816f3df2e021,1240
calculation_setup/crest/refinement/barbituric_acid_clink_ribose/dft_seed.xyz,84081058dffe5879278b674699dcc6ed4116842474120755f62ef3ddde9bb8d7,970
calculation_setup/crest/refinement/barbituric_acid_clink_ribose/refinement_manifest.json,d78df092789f99b346074bdf9d10e8a0ef8e870c8372b3e15c1cbc6e8812124d,1857
calculation_setup/crest/refinement/barbituric_acid_clink_ribose_phosphate/conf1.com,617f1fd1c8c9a1bda8da791a4750d5701544f5c53888f4ad7aa085d8ca65e530,1384
calculation_setup/crest/refinement/barbituric_acid_clink_ribose_phosphate/conf1.xyz,17ed6a20d4f60ae1c4a597586a04cae5dcd7fc1c4545bbc344e4ec5f8921ebc2,1123
calculation_setup/crest/refinement/barbituric_acid_clink_ribose_phosphate/conf17.com,fefd76c88b306222c9a208488238c2ae0cd75b488d4a1ca8677812ca652e6814,1383
calculation_setup/crest/refinement/barbituric_acid_clink_ribose_phosphate/conf17.xyz,b84367c865881f3ed5de068f27f76de9c72ff3654939c23a3e53da38014a8708,1119
calculation_setup/crest/refinement/barbituric_acid_clink_ribose_phosphate/conf39.com,cfcbe29fb75dec3ce36b76f1297a282d3e995b6f6067c82e570dd1443a920284,1383
calculation_setup/crest/refinement/barbituric_acid_clink_ribose_phosphate/conf39.xyz,4d68bdb83ab5551a37693708b27d12e6a9f61fd0bf855a72d42a25f23c449bfb,1119
calculation_setup/crest/refinement/barbituric_acid_clink_ribose_phosphate/conf51.com,f6e00da8efc009ac7eeacd1d384c31d649b7428ac66a1b45c7026c0f35858e9d,1386
calculation_setup/crest/refinement/barbituric_acid_clink_ribose_phosphate/conf51.xyz,6078ea7bde177d48aa9bf1b69ed262dfaac447c22e032f35fe250245bc718933,1122
calculation_setup/crest/refinement/barbituric_acid_clink_ribose_phosphate/dft_seed.com,06465afef493dc607151057425184d75d7e6c326ed066ced992ce2c1e73e5df2,1389
calculation_setup/crest/refinement/barbituric_acid_clink_ribose_phosphate/dft_seed.xyz,f5c0ab812b39129ec73bb401e3398d7b7871749888bdba2a038ff54298e516b6,1119
calculation_setup/crest/refinement/barbituric_acid_clink_ribose_phosphate/refinement_manifest.json,7089268e7c8f1aaffbb7f33878cd95f3f03e4269d229109658f32c37d484a247,1639
calculation_setup/crest/refinement/barbituric_acid_nlink/conf1.com,61677e38d37fdfad61c8de375f9e1aad36d2211f5f80d52ad01649378f7c5698,706
calculation_setup/crest/refinement/barbituric_acid_nlink/conf1.xyz,1b9226b123967580e42b300922a1428d443a3740bcf4fb694b7993311d5ab9d1,445
calculation_setup/crest/refinement/barbituric_acid_nlink/dft_seed.com,35290c2b81fc04a85fde54a86573d3140c09f937b121dc52d83790e9712e35bd,717
calculation_setup/crest/refinement/barbituric_acid_nlink/dft_seed.xyz,4330c64e96f6ee85056b758821f701aa504086295798568df72d345a2fc7489c,447
calculation_setup/crest/refinement/barbituric_acid_nlink/refinement_manifest.json,ff8e10cf05cc7e5172acb127ed27b3d245988928f0f16945bc7c88975b743f70,889
calculation_setup/crest/refinement/barbituric_acid_nlink_ribose/conf1.com,523f834c67650c14497979ca1b5aeca7504a95619bd8495a7aeca50a8c34fa58,1229
calculation_setup/crest/refinement/barbituric_acid_nlink_ribose/conf1.xyz,9b6e19a05eea3db5f34ef62fc712a2874fc91367c0533766acce77d9fb814f77,968
calculation_setup/crest/refinement/barbituric_acid_nlink_ribose/conf11.com,cf67c15260706c9af293c81f642973267e04decf1e858a226ef7c5c7ebeba347,1231
calculation_setup/crest/refinement/barbituric_acid_nlink_ribose/conf11.xyz,2930bc279cb3e8014be75f15ecbc715416c9b186bf5ce364023dc9bc7c0af056,967
calculation_setup/crest/refinement/barbituric_acid_nlink_ribose/conf2.com,774165cac0e1d4ba743f8b0f7e12507f1b5449fa3ad7edb6e5055b4413e10e38,1229
calculation_setup/crest/refinement/barbituric_acid_nlink_ribose/conf2.xyz,c837af8cb2293fc66f538dae497babd35041385b319891e5abca74bf589fe398,968
calculation_setup/crest/refinement/barbituric_acid_nlink_ribose/conf6.com,de3c8cdf8794e0bcf6928855238cb9413a5bca32eec751270a7d39268eab90b7,1227
calculation_setup/crest/refinement/barbituric_acid_nlink_ribose/conf6.xyz,223a8ce92f57d8a3c46a68cb20f40d363a5aa946ace099e10532a64c593293dd,966
calculation_setup/crest/refinement/barbituric_acid_nlink_ribose/conf9.com,4c616b090eca914e10a77b9d5f36b43a691163689aab49723ab44065ca187403,1232
calculation_setup/crest/refinement/barbituric_acid_nlink_ribose/conf9.xyz,39d834976750a9335249bc77c3f138ae6405ad77c671d78f2aaaf25d4f767916,971
calculation_setup/crest/refinement/barbituric_acid_nlink_ribose/dft_seed.com,805d5ed9fa9061f8ab01571caf5eadd49be7e371eb45ad8120458d2cd2d6dabc,1237
calculation_setup/crest/refinement/barbituric_acid_nlink_ribose/dft_seed.xyz,6902ce14756128cb64cf5bf57199f8c28e39452cfa5b82f5898114065ba519f6,967
calculation_setup/crest/refinement/barbituric_acid_nlink_ribose/refinement_manifest.json,265334436ab1a353a93fec37b937f7aa45c457e872230a78a850ae77a355382c,1856
calculation_setup/crest/refinement/barbituric_acid_nlink_ribose_phosphate/conf1.com,bb9a7396433064600e20a49b8127eb690b007e0835800927a6e950116a41082f,1379
calculation_setup/crest/refinement/barbituric_acid_nlink_ribose_phosphate/conf1.xyz,36270e5a7ea5167c674c693679bef50cf7e949f716ad70b1816d72d2f4bee12b,1118
calculation_setup/crest/refinement/barbituric_acid_nlink_ribose_phosphate/conf2.com,3d7d9fa04c1303a2d8b9caf2c09a4dc265fd0af33d833d35eafffc588090b40c,1381
calculation_setup/crest/refinement/barbituric_acid_nlink_ribose_phosphate/conf2.xyz,d8358a2a3177c2fed58265f3fa9da196890227d33e86d7c833508b6eb71a55eb,1120
calculation_setup/crest/refinement/barbituric_acid_nlink_ribose_phosphate/dft_seed.com,f5f7af627f1ff776437bb43b4459e9eda51123f1974e78c09828bf6a11dfbc75,1388
calculation_setup/crest/refinement/barbituric_acid_nlink_ribose_phosphate/dft_seed.xyz,c6dfbdfbe848dccfe03ad54e6958d54d48b71060163ae88a9efdd79e719de977,1118
calculation_setup/crest/refinement/barbituric_acid_nlink_ribose_phosphate/refinement_manifest.json,0266634ea76f4d560078b3c16eb461c4baf6531918a33b537de9b7c032ef38fa,1156
calculation_setup/crest/refinement/cyanuric_acid_nlink/conf1.com,914553137df4bbf32f186d8c10ef221cbe13a59e6bb2097e50e9d14438ae91fd,674
calculation_setup/crest/refinement/cyanuric_acid_nlink/conf1.xyz,f0dfc131c38d814ffacd5b54826ebfbfcb4ad79dd0c67d44dbd47dff0c155207,413
calculation_setup/crest/refinement/cyanuric_acid_nlink/dft_seed.com,513d02e4784ffed9bd68141fab58867d9f687874452e0d5705dfb5c22ef32d60,684
calculation_setup/crest/refinement/cyanuric_acid_nlink/dft_seed.xyz,6d4253429602e6f0bf82b49cf38cd1828f8c892cd115aca48a64c7d2a508d702,414
calculation_setup/crest/refinement/cyanuric_acid_nlink/refinement_manifest.json,53544f013720546700eef7deef973bf34569b1f445c18b4f2ee233e75e4b19b9,890
calculation_setup/crest/refinement/cyanuric_acid_nlink_ribose/conf1.com,a3e738ebe0d1d3439812743bec16eb26aeb6f35dcb68f069dfbadb4752b567dc,1192
calculation_setup/crest/refinement/cyanuric_acid_nlink_ribose/conf1.xyz,423236d6e6a612ee0cd2ae110311328abc27c97139eb86730ec59d3cbded2edd,931
calculation_setup/crest/refinement/cyanuric_acid_nlink_ribose/conf19.com,95abe7057b2242eaaefe258d80634305a0ff55f3a78ded62eb49efb8305eed5f,1195
calculation_setup/crest/refinement/cyanuric_acid_nlink_ribose/conf19.xyz,dbc84297c7224a08c8a8ebff797c26b69930d05fabe7f5c497c79a3e326f564f,931
calculation_setup/crest/refinement/cyanuric_acid_nlink_ribose/conf3.com,e360d5338a7423cb3713bd50a3eeb7ca745bc1151501da16889482aa65a10d83,1192
calculation_setup/crest/refinement/cyanuric_acid_nlink_ribose/conf3.xyz,74824bb6d940998a00b194fe6e1c2d38982d70dc35110c73b95183fbdff7407b,931
calculation_setup/crest/refinement/cyanuric_acid_nlink_ribose/conf4.com,324456f8f46f7d1aac2d522b30a1f83a5c65ad6191a98035b339752c2da1541c,1192
calculation_setup/crest/refinement/cyanuric_acid_nlink_ribose/conf4.xyz,b46e707a7f9733fd5bccd30e9cfe8f4a5cd5e9d6a5c6da65c1d31b19bc17a106,931
calculation_setup/crest/refinement/cyanuric_acid_nlink_ribose/conf5.com,0a6fdda4aa9ae151c50e1fa3e0a554c91dd11ae92ae502a8c2b4068c8ce8e6a3,1189
calculation_setup/crest/refinement/cyanuric_acid_nlink_ribose/conf5.xyz,01c01cf720e8e0f3d4508e7b5c59f42073fb46230c1953b5913a4ab2cbff7b7f,928
calculation_setup/crest/refinement/cyanuric_acid_nlink_ribose/dft_seed.com,e8fb24ce595b6912e1abb9799d4d5fa8c6809b4fa79c4faa8bbae8b54cfeb348,1200
calculation_setup/crest/refinement/cyanuric_acid_nlink_ribose/dft_seed.xyz,ea45d91dc36af4a53ad29be437901216ab8a81c312d3ad3dacb28f7a9c7a6ef3,930
calculation_setup/crest/refinement/cyanuric_acid_nlink_ribose/refinement_manifest.json,e4cb15f540eac9d37d2ecaf950685b9c02c63ae71a127b67deeb05b928a4f525,1857
calculation_setup/crest/refinement/cyanuric_acid_nlink_ribose_phosphate/conf1.com,9f47a7620b5e6f74d208df8a32c48a7c3763c7824bb7305104304d9961e8203b,1346
calculation_setup/crest/refinement/cyanuric_acid_nlink_ribose_phosphate/conf1.xyz,c4b9c78b9ec5f98e282ebc0c946a5ea2a82b7dd0609589b7bc95cbd47e249bcd,1085
calculation_setup/crest/refinement/cyanuric_acid_nlink_ribose_phosphate/conf4.com,870400e94a1857cf7f279dc959713d47f9c041e5d2ee2586dd99e2d2de6bb8d1,1345
calculation_setup/crest/refinement/cyanuric_acid_nlink_ribose_phosphate/conf4.xyz,278cd739a3d937e198b0fb5e57c786f47789dab156e745a5b016502946481d3e,1084
calculation_setup/crest/refinement/cyanuric_acid_nlink_ribose_phosphate/dft_seed.com,da6999792828c3850c43d2db9f259cb4d5d9416e4c564ee39dfc5586509590e8,1355
calculation_setup/crest/refinement/cyanuric_acid_nlink_ribose_phosphate/dft_seed.xyz,6755cf9d77f05dfd3041ff8dde8704d06e2d6f235fbf929da73d0c2972976829,1085
calculation_setup/crest/refinement/cyanuric_acid_nlink_ribose_phosphate/refinement_manifest.json,d8ac0166841f8232197d5409963dc4c07c99a13eb845775e5c7c3c6198f2666e,1156
calculation_setup/crest/refinement/cytosine/conf1.com,608e715f2c1ea4a437a1e7b5557db04607c679fc41c16cf5fb712100c0003998,709
calculation_setup/crest/refinement/cytosine/conf1.xyz,eb317a332d27c71bea85be8c60ca5cb0b0e3035c95e6c1464ec04e90b209255d,448
calculation_setup/crest/refinement/cytosine/dft_seed.com,d8cf1f34bbdf030da37494d9b5dd9cb58c4309de2e91292d6476a7114eb6c549,721
calculation_setup/crest/refinement/cytosine/dft_seed.xyz,26075d90384c86c711550f651662904355e4dc651b43fdb69e9eeb4d825ab581,451
calculation_setup/crest/refinement/cytosine/refinement_manifest.json,f651cc3926500d0e18b7d5f578fafefc8f7304bde1231ae22082f13c9d99ad84,890
calculation_setup/crest/refinement/cytosine_ribose/conf1.com,234c43d6ff668e0e265dba984b7429e7e7db2f1b1eb5c202ab504c3a6040d964,1226
calculation_setup/crest/refinement/cytosine_ribose/conf1.xyz,f9129898cd07d362c1b102741ff0a94255f51fa12c22a056ddeab6cf719547e1,965
calculation_setup/crest/refinement/cytosine_ribose/conf10.com,0ea37286a8c9868cc1c69a49c2b045c2d2ddcba6f2863ee531f5251c1cf24bbc,1229
calculation_setup/crest/refinement/cytosine_ribose/conf10.xyz,cd6744293d2e94703195dfe0e511159f0ff00339a13fc33d10f37ae067e501a1,965
calculation_setup/crest/refinement/cytosine_ribose/conf4.com,819fbc439afe39849a29bdf883faa198b57e5089d520b16a5e9c4aefb321a5b6,1233
calculation_setup/crest/refinement/cytosine_ribose/conf4.xyz,c2a32f72b0cbec9d39e6a7070261a2cdceeb69fc76868c8271e7e3776b877c87,972
calculation_setup/crest/refinement/cytosine_ribose/conf5.com,2182dc8d464ca4293f8acb64fb52adb2ca97170198f97cfb1956677d00156bc1,1227
calculation_setup/crest/refinement/cytosine_ribose/conf5.xyz,f72ea6491b751c0eb28ee566c04f8a9a4f064c8cb2e4fd7625eb8cb8732030fe,966
calculation_setup/crest/refinement/cytosine_ribose/conf6.com,2c188c2bfacf058b216f378c080a2c2e049899218ddd8b96113f152d20db9c85,1227
calculation_setup/crest/refinement/cytosine_ribose/conf6.xyz,da7d45c34251668225657c697f0690351fb8c5c9bdbc51dc161c4b658a55214f,966
calculation_setup/crest/refinement/cytosine_ribose/dft_seed.com,c21c8c19daa867962149f5901fbe2c9ca506e4efa708ab0dd324794eb7400468,1234
calculation_setup/crest/refinement/cytosine_ribose/dft_seed.xyz,51f1f988c9bb4f8fce1b77d3cb1e4a1f122b77f8e87d20821e8446af1bcc6bdc,964
calculation_setup/crest/refinement/cytosine_ribose/refinement_manifest.json,98468f647f79e76c41c5dc9cd8000c4b56a67141c01e5943a1194b9fd4ce1679,1855
calculation_setup/crest/refinement/cytosine_ribose_phosphate/conf1.com,2b052409cccde8d81afd7f2faafc4beec14e3627a54195a42ac1799f5de190ab,1383
calculation_setup/crest/refinement/cytosine_ribose_phosphate/conf1.xyz,0615949486dba63eac874979ea0144d2e15dbd3a1c4b5830fcab463fb741ed7f,1122
calculation_setup/crest/refinement/cytosine_ribose_phosphate/conf10.com,ffa8c6a472f9dbd7cd4f1f5ae9ef9c63b2cf15260c1ae33912697de7b124406e,1387
calculation_setup/crest/refinement/cytosine_ribose_phosphate/conf10.xyz,52d803a6fd903796c434fe792c3739541c85142e0cf4ca0acf38fbc730a29f2f,1123
calculation_setup/crest/refinement/cytosine_ribose_phosphate/conf18.com,04b03179de399ba24a6a40092531050328d6ba30133c6b2ff2bee19119d699d1,1381
calculation_setup/crest/refinement/cytosine_ribose_phosphate/conf18.xyz,3f7cfc58c905b609610f2234f7b48809cb1e03c790bbd90be4862b3b3629e151,1117
calculation_setup/crest/refinement/cytosine_ribose_phosphate/conf2.com,c705d995ee00424f7e03e717f5c3e35bbf5554bc6bb6f83d6d22aeb805e5e62b,1382
calculation_setup/crest/refinement/cytosine_ribose_phosphate/conf2.xyz,78804d033ab82825cd7febae4498c1cc28ab3c85238d4545e0319650feeb6485,1121
calculation_setup/crest/refinement/cytosine_ribose_phosphate/conf26.com,8c1ac54108174993a0ac34a57dd4f9f83cbcce5a6ad3366b74ab3e81cc0027d4,1382
calculation_setup/crest/refinement/cytosine_ribose_phosphate/conf26.xyz,1843fcc6bda0fad5c0190a53a6c61c9be1515a61a1e8cf776d55d220c74a3c6f,1118
calculation_setup/crest/refinement/cytosine_ribose_phosphate/conf44.com,67513fe2bcf7cecf6e6d585e9d8d4ae2549907d3a73c34997a94f736ef69d2a7,1386
calculation_setup/crest/refinement/cytosine_ribose_phosphate/conf44.xyz,b206cea8d6a905e319bb3b10be336785077ae83862dd91970a92140cee193b4f,1122
calculation_setup/crest/refinement/cytosine_ribose_phosphate/dft_seed.com,70493d53a8f44d93f0b2571da9a67de18994f8e213c6e5c3c6cf679b8a49b794,1386
calculation_setup/crest/refinement/cytosine_ribose_phosphate/dft_seed.xyz,64ef8106de2d2ede1ea915c82a2eca8f0a52a63f9641d28c44458ab145685e15,1116
calculation_setup/crest/refinement/cytosine_ribose_phosphate/refinement_manifest.json,0a84b46b008c8e9cb72dea189e23ef1c142310082091d6785b7466a41b8e1464,2126
calculation_setup/crest/refinement/dihydrouracil/conf1.com,dbbc927c85c90b565efd03d09626425b6a0306ad2a56549bc5f81fbe57cc108c,733
calculation_setup/crest/refinement/dihydrouracil/conf1.xyz,be1ce894e72c28721cc0a11691c71736f811261271b17a7b8352eaeddd76947b,472
calculation_setup/crest/refinement/dihydrouracil/dft_seed.com,a4562f38d946f809b0654bd3433575c7b89cd6c1eeb33373988ec663139a698a,744
calculation_setup/crest/refinement/dihydrouracil/dft_seed.xyz,1d1964ac7b10ee904cca064d32553ab1f05db92e30d6d9dc7106987947534362,474
calculation_setup/crest/refinement/dihydrouracil/refinement_manifest.json,a05531c5d38c6d017aa505642ceb38d3f5f1191e1589812f827bbd616870eb46,889
calculation_setup/crest/refinement/dihydrouracil_ribose/conf1.com,32a47dd615417643b3d8f54be663049aadaf7647c01037e42a8ba9125f763bd8,1260
calculation_setup/crest/refinement/dihydrouracil_ribose/conf1.xyz,09865322aeca88f7ba97ce8d81aa8f1cbe498ca392262cff8131b0541af91297,999
calculation_setup/crest/refinement/dihydrouracil_ribose/conf3.com,88ab05db17b5846aa1e08bd0d5c9f0d7546e5fab9ebdddbaad9bb6a67201cc01,1261
calculation_setup/crest/refinement/dihydrouracil_ribose/conf3.xyz,c5cafa2c6c6be334c7e6e02f24f2c72a803d8492b079b15700d5d8f0eb46a822,1000
calculation_setup/crest/refinement/dihydrouracil_ribose/conf4.com,9463c4c0b1e751e29a92edf07ee926b1a88ef60839bc33b5129eea1a0b2046c2,1257
calculation_setup/crest/refinement/dihydrouracil_ribose/conf4.xyz,c38cb9a43a968edf61015ab3416d8c5878561087494fedc567207da7695f4fdc,996
calculation_setup/crest/refinement/dihydrouracil_ribose/conf6.com,47651930226a2dc34046201b2328bdac37f981a82a0f477dd52a043870b82bb8,1256
calculation_setup/crest/refinement/dihydrouracil_ribose/conf6.xyz,387953cb2537bdc130047ba97181f0e12b35dd3c6827f050957b227e09ad1778,995
calculation_setup/crest/refinement/dihydrouracil_ribose/conf8.com,8801113f1cc360f7ca85fa2232591bd8b47b6fd57eab031763f2c951524d2742,1257
calculation_setup/crest/refinement/dihydrouracil_ribose/conf8.xyz,d6bfd7371d967fea8007e60185318d95d7953e45f78eb3c79120d8aff37bb3c0,996
calculation_setup/crest/refinement/dihydrouracil_ribose/dft_seed.com,e54c63c5968c099839d355dde1513ee5f6d3f32dbb846680c317b13f6a27b951,1266
calculation_setup/crest/refinement/dihydrouracil_ribose/dft_seed.xyz,28363a128e59ff36d1d6f2011eda60b32b8cc8c60235168d137165341e50f2ad,996
calculation_setup/crest/refinement/dihydrouracil_ribose/refinement_manifest.json,2a5ac7aeef8880540b46bbdf046791e2b97ef7e6351fa505c42e9efdc5053bd9,1855
calculation_setup/crest/refinement/dihydrouracil_ribose_phosphate/conf1.com,f01e55fcebd59669de85e18b00e580b0246a1b30a29fad519dc08cd199f61150,1414
calculation_setup/crest/refinement/dihydrouracil_ribose_phosphate/conf1.xyz,fffbe98972da6373dc03aceb0d0f24655fe00d116df924a07a51cbc548fc8016,1153
calculation_setup/crest/refinement/dihydrouracil_ribose_phosphate/conf102.com,8beea547bad639dcfc3907ee176df2f3cd90ef6eb5cfce70f66e48f13ed96d76,1415
calculation_setup/crest/refinement/dihydrouracil_ribose_phosphate/conf102.xyz,3eb8b2a5fa9ed03859c242104a21f93a2abbed6c075302c25f0a50622ccf13ad,1148
calculation_setup/crest/refinement/dihydrouracil_ribose_phosphate/conf20.com,2b694745905fb070e4fd493f7e18650307057ae5084cde2d9aa6b49543c77ecf,1415
calculation_setup/crest/refinement/dihydrouracil_ribose_phosphate/conf20.xyz,56539f1f0edccb0583cf86e49115aa91d82d9bef6545999890ed10061c56fbf6,1151
calculation_setup/crest/refinement/dihydrouracil_ribose_phosphate/conf92.com,bc63f25f8fdcec2245e740a8f683b530ce5b14ff9ee3e107ddc44f286b71b990,1416
calculation_setup/crest/refinement/dihydrouracil_ribose_phosphate/conf92.xyz,8d911c2c8e42771a5b8a3077e24960ef02849116a2448886f641b744c54ca540,1152
calculation_setup/crest/refinement/dihydrouracil_ribose_phosphate/dft_seed.com,121a92f94953a4d9069ff075338d73ed02380d10c5e3ba52a66d473d42ca7ae2,1419
calculation_setup/crest/refinement/dihydrouracil_ribose_phosphate/dft_seed.xyz,6daf5a1f47fd8e4e7e8a332b7f08a38a6e4456ba4e85321442f54a6cb5d277d5,1149
calculation_setup/crest/refinement/dihydrouracil_ribose_phosphate/refinement_manifest.json,36f10fbf0e741bb813044729840c1493f236b4c23e32cc889ade292f440b7dbd,1640
calculation_setup/crest/refinement/guanine/conf1.com,597f2507bcd8056eaa9814211bb2b4da33e3ba531821d1d43b7e7e367ae8f052,800
calculation_setup/crest/refinement/guanine/conf1.xyz,ed1e34af7ec5bb0428a83cd7122f5642f30fbf02d5f4c50fdb1ce0efe954b3d9,539
calculation_setup/crest/refinement/guanine/dft_seed.com,9e3f7a6ac2b6580c573e4b6a0d4bba93cd3bf7b470a5bffb7c693fe9f839a75c,806
calculation_setup/crest/refinement/guanine/dft_seed.xyz,500170a8a3b13bbdc18815af269832c93b56c0661ee66955f9d66eff90dbe57c,536
calculation_setup/crest/refinement/guanine/refinement_manifest.json,20c40a38ec3e7aef9c06008fbfd550d9e88768011ff593f546a6c0b6dbbdf8db,890
calculation_setup/crest/refinement/guanine_ribose/conf1.com,4f0bbdaff693b5713588ebe0755cd1c0a008f163ae5468fcc1b76fe47ec6ddd6,1321
calculation_setup/crest/refinement/guanine_ribose/conf1.xyz,a7abb160d23f9c5b65fa4ee3a2d874235193a78fc57bc29157497da32e8dcf6f,1060
calculation_setup/crest/refinement/guanine_ribose/conf10.com,f8c6986639f8cd2b574c7295cfd4c53746eab3a8a0c6d25199335b257e5b94a8,1322
calculation_setup/crest/refinement/guanine_ribose/conf10.xyz,6d3fc95b78a638529a407eaa9985a84ffac5b88327f5477a6abe6193bc155b96,1058
calculation_setup/crest/refinement/guanine_ribose/conf12.com,5585d53e783c57cf3fee07ff4de62af2bd3e8bacffc6e4ce9e15f2ba623fa67f,1322
calculation_setup/crest/refinement/guanine_ribose/conf12.xyz,1d2be001377e78637be097f75c47b2e281908ad7bed1bdb8fc3eb36d17d8d91a,1058
calculation_setup/crest/refinement/guanine_ribose/conf13.com,a9c288647a163bac61416bb524cb95bc26f9f414da30ee08566ad441a4e546e4,1320
calculation_setup/crest/refinement/guanine_ribose/conf13.xyz,2fc606b7fa8a232df3398b880610373068662a674354c5a4b6cdb4b15014f778,1056
calculation_setup/crest/refinement/guanine_ribose/conf7.com,88d4b928cd1c6d395b35819866ece7e894d7a78be2fafa4ee6b457a8a83c09fe,1320
calculation_setup/crest/refinement/guanine_ribose/conf7.xyz,cd5421847cf4038ea5003f7ab324fbd6a706aace83b2074de2a891d28a914711,1059
calculation_setup/crest/refinement/guanine_ribose/dft_seed.com,e528fd519f8c4acd4eaa5f32f319ba704fd590c5fa19ce0f5298e4e1e92ebb0d,1329
calculation_setup/crest/refinement/guanine_ribose/dft_seed.xyz,b825c8701417e8418a8ebe07fc86b742c05561744cdbda054b7c139d62e0cf3b,1059
calculation_setup/crest/refinement/guanine_ribose/refinement_manifest.json,95c0b15dab804906a4a8528c4e365d9a2e7f1806bad849010e45281879d8438a,1856
calculation_setup/crest/refinement/guanine_ribose_phosphate/conf1.com,822300d9ed6383bea6dce82cffb164b8e311d9fdde818d4b842b5182f735534d,1475
calculation_setup/crest/refinement/guanine_ribose_phosphate/conf1.xyz,fc7a7ebdae8e39336697ef1fa58f6401c67c3c644512a336de40d778b021f020,1214
calculation_setup/crest/refinement/guanine_ribose_phosphate/conf178.com,5f3ae917833b94c24f21b8a024eca1c1c8fa108f23c20de93a3f537d44fd43f4,1478
calculation_setup/crest/refinement/guanine_ribose_phosphate/conf178.xyz,958f9ed4044234bc1ea6d072cf2b43cf80a262b6e815cd3a03ccb240b7b45b27,1211
calculation_setup/crest/refinement/guanine_ribose_phosphate/conf58.com,13b77589fb4bbe21303f8475fdc249ba490d527f68c0510e8e135334ebb1db3e,1471
calculation_setup/crest/refinement/guanine_ribose_phosphate/conf58.xyz,f2279464a388e4c58a6d034c598335f6c8d96f704a8c10093538852309fa3b1d,1207
calculation_setup/crest/refinement/guanine_ribose_phosphate/conf6.com,f1b0a0d6c360a84a66c8796fc498f0509bcca7991a7082d6f738fe59a0344d70,1467
calculation_setup/crest/refinement/guanine_ribose_phosphate/conf6.xyz,0275941b27171f098a84e6e98a5871d739907fbf3719a290198693c4b5362f72,1206
calculation_setup/crest/refinement/guanine_ribose_phosphate/conf8.com,e1af85a668e9e1c078238a226dfe15537c2827db309dfae0013f1d40f4478184,1474
calculation_setup/crest/refinement/guanine_ribose_phosphate/conf8.xyz,df82d45f4679ebf9ea00496bbfef828184604ea02eb6683cb8581f903c22cb82,1213
calculation_setup/crest/refinement/guanine_ribose_phosphate/conf87.com,c8616b9ecb4ac531267fba33a2a9ea279e247ac50af5b17b0ff9196d02df1d17,1475
calculation_setup/crest/refinement/guanine_ribose_phosphate/conf87.xyz,43cdc7e65cafb1caee4fc15ecf0ac1d25b902dabef4abc85516ccd5ce1a629f7,1211
calculation_setup/crest/refinement/guanine_ribose_phosphate/dft_seed.com,245ed05e34d15c49bb0892169fc16b7be759b5eaa8d3347144f3a99ef67732c7,1477
calculation_setup/crest/refinement/guanine_ribose_phosphate/dft_seed.xyz,58e37455ef6d969a08f0efb02d452167993d93a499fa040159b8bd8ad440ff15,1207
calculation_setup/crest/refinement/guanine_ribose_phosphate/refinement_manifest.json,b36a0f328b39d383d4ac928ceb4930a5df332ff2e12e47864a54bc2fba94b9d9,2125
calculation_setup/crest/refinement/hypoxanthine/conf1.com,5192e1462ab47fd1e3441026cb4fda3d864ff51b1fdbb6087699116cd00dfc11,737
calculation_setup/crest/refinement/hypoxanthine/conf1.xyz,6f70960179658be58f403db87960b64ac65939bba863e7d15ab51a144e274fba,476
calculation_setup/crest/refinement/hypoxanthine/dft_seed.com,1277a00d735d325a72addbf644d700527230564fa100a64d6954b6eebff1bc3f,748
calculation_setup/crest/refinement/hypoxanthine/dft_seed.xyz,52401dc3e86273cc5056a2658713fb4c39abcbf9a796e492927ae59818a5b611,478
calculation_setup/crest/refinement/hypoxanthine/refinement_manifest.json,218db55133bc305b6a74a48d03c61adabc2898bae8fd9085b17cea87fd5a8e38,889
calculation_setup/crest/refinement/hypoxanthine_ribose/conf1.com,f73526e2b24079ac6e24e8024b70046a483a1d7556b834e31effbab11efab09f,1258
calculation_setup/crest/refinement/hypoxanthine_ribose/conf1.xyz,ff20295f741d2674e08dea23d2d41480d05e14ff750b61030e9dda9fd1dc154a,997
calculation_setup/crest/refinement/hypoxanthine_ribose/conf2.com,0b551a308c0c6ba81823def365fddb480bebe13503dd6b9b5bb43257f076036d,1261
calculation_setup/crest/refinement/hypoxanthine_ribose/conf2.xyz,d0ab864547f2d3624a98dfe9502a4471ae68ed410fbda188c87455e61527209c,1000
calculation_setup/crest/refinement/hypoxanthine_ribose/conf5.com,5298b1d0fdac4a04fddb0b7d39442c27cd0f094cfcbad6bf914550b13df8a1e6,1261
calculation_setup/crest/refinement/hypoxanthine_ribose/conf5.xyz,8b224d94e04083e31d9de22c9819e4762d8a56ebc0dbaa808062142aacdd2377,1000
calculation_setup/crest/refinement/hypoxanthine_ribose/conf6.com,eb6f572013cdb977ba27ab8747575820b877de7d896873febccd6093da81fc53,1259
calculation_setup/crest/refinement/hypoxanthine_ribose/conf6.xyz,d57cc2eb9713c61c1fdd09ca37243ca4641cc6e2380586fa306aef38c3bd0a89,998
calculation_setup/crest/refinement/hypoxanthine_ribose/conf8.com,afe5829f965e89c8c093064fbd1f6eafcf38bfa171cc57c8429bfc9e328c6235,1260
calculation_setup/crest/refinement/hypoxanthine_ribose/conf8.xyz,4b2c7a8e788433d23268a46b56bfc554e8a394c525f47445c70baad309783f0b,999
calculation_setup/crest/refinement/hypoxanthine_ribose/dft_seed.com,5b779fa2fe1bd2b927a39eef00f6875c359ea5d607bd8c5311ff1e81a36bc3f1,1267
calculation_setup/crest/refinement/hypoxanthine_ribose/dft_seed.xyz,97ac5f7a4831849f0977005913010be82a4123c162e0f2bbc33b18860052d0c2,997
calculation_setup/crest/refinement/hypoxanthine_ribose/refinement_manifest.json,ad1c52a3b5e3ab69f1b68ae8bcc14817079d449d7e2bff7f2ae476dc608da241,1858
calculation_setup/crest/refinement/hypoxanthine_ribose_phosphate/conf1.com,fff9dd2437fe3f4ccfd9e410a6fe95618874f826b61ede9c39f593237d140d98,1408
calculation_setup/crest/refinement/hypoxanthine_ribose_phosphate/conf1.xyz,959212ac16c58c25232605b15261c072aa2299ae3c5446300ecb0f7ce8bc4290,1147
calculation_setup/crest/refinement/hypoxanthine_ribose_phosphate/conf11.com,06ace31f19f2351bae55fefe5a67d2ffc74dd3f6dd18cd1c899529536ea7bc56,1405
calculation_setup/crest/refinement/hypoxanthine_ribose_phosphate/conf11.xyz,8f9109462dab11d721d67d582d941654ddd8f7d1c3b70cd1c249c77ee2d08dfc,1141
calculation_setup/crest/refinement/hypoxanthine_ribose_phosphate/conf134.com,f8d9a6428123982b456184894343eb45e4bbaed1e693c4419701e52c3cb30c75,1415
calculation_setup/crest/refinement/hypoxanthine_ribose_phosphate/conf134.xyz,ec61d6721f02fd0da91c5e2af8935f8f111e58f4424161b0a6e317dc62125814,1148
calculation_setup/crest/refinement/hypoxanthine_ribose_phosphate/conf69.com,7cad18058306056cfe54c2090ff46c78d4926c5768cf8013f582d3bb87d04b1b,1414
calculation_setup/crest/refinement/hypoxanthine_ribose_phosphate/conf69.xyz,f81111911645efb7c0868ccbc00c3e6a6b5091d0c432549a4a409ab7006b1dff,1150
calculation_setup/crest/refinement/hypoxanthine_ribose_phosphate/conf70.com,a2f205b03cc3374084eb1df990491e494e0634332f34060ec6d5562c76c9aa38,1415
calculation_setup/crest/refinement/hypoxanthine_ribose_phosphate/conf70.xyz,a8c4ea4e93a11ad69f478b6170d46918e52ca2c37328373b07373a519431a3ed,1151
calculation_setup/crest/refinement/hypoxanthine_ribose_phosphate/conf88.com,9d6159608f65e496a6e5229cd6ead0df973a57d99bfd04c8ca12b8e598fc7014,1415
calculation_setup/crest/refinement/hypoxanthine_ribose_phosphate/conf88.xyz,d32c80e67aeb006dfcea7c33ad61103b5f68efb45d4961c551d7d99f677cdd9b,1151
calculation_setup/crest/refinement/hypoxanthine_ribose_phosphate/dft_seed.com,659c763a4eeae0d752904ce93568f22a7ce9e1e2dc3c24c5f00db4e35ac1e756,1415
calculation_setup/crest/refinement/hypoxanthine_ribose_phosphate/dft_seed.xyz,baf5edb4dc7bff96b4560d2b49661b6497bc91929f15964d152d6f05ba4ee95c,1145
calculation_setup/crest/refinement/hypoxanthine_ribose_phosphate/refinement_manifest.json,c8069a6b91037872818cff0166ea8bb65775f6348dd27682b25337e2dcc77d6e,2129
calculation_setup/crest/refinement/imidazole/conf1.com,1694cc8ff6c07ff05054034cc319bcff6f3da2e36010b6781e5fd8db0981c871,586
calculation_setup/crest/refinement/imidazole/conf1.xyz,8fff9db75d90cbc2fece4fa28ded66fa839d0601c7e4b72ec7a715789d37b4cb,324
calculation_setup/crest/refinement/imidazole/dft_seed.com,2b6cede3a7bcc48e927e8a423a7accadcdd636a6d9b54d35fccf4f1430d7024f,594
calculation_setup/crest/refinement/imidazole/dft_seed.xyz,55e9fda626e412ccc3558677f810feb6288bc07575cf832ac06bae5f77c7dd4f,323
calculation_setup/crest/refinement/imidazole/refinement_manifest.json,89b4b12d7f08c13d1e0ac0ef302eb61d15a2a86ae3d0bf7df9dafa18dcc45f0a,890
calculation_setup/crest/refinement/imidazole_2_carboxylic_acid/conf1.com,ed0875f7a4056cce8d01fe06baa923955211288ea97d6b696894ee1fa4c33db8,674
calculation_setup/crest/refinement/imidazole_2_carboxylic_acid/conf1.xyz,5bc4d394b6f71be637b9eb9672f42627fe6aa654c8ba8c623f488be6af74088c,413
calculation_setup/crest/refinement/imidazole_2_carboxylic_acid/conf2.com,5660a7846b0cd6ebfc2afd1b70eab563f9f6d65ff74dc1bcc9052762ef0f1497,674
calculation_setup/crest/refinement/imidazole_2_carboxylic_acid/conf2.xyz,15192dfad27dfcbf18727bd5bdae79c13bd14795cd99dc44901f76ca8c6cd03c,413
calculation_setup/crest/refinement/imidazole_2_carboxylic_acid/dft_seed.com,cf20781265e63aaff22d5b907a87c71c5f52f2b9c98a43934f97a7ecb9c72af7,683
calculation_setup/crest/refinement/imidazole_2_carboxylic_acid/dft_seed.xyz,129ab2b4970452e3e0a517db0006ea831bb3d8ab339dc5467c62dac8c2fa817c,413
calculation_setup/crest/refinement/imidazole_2_carboxylic_acid/refinement_manifest.json,65f400897c87a8b4d207466d7ea1059b212454544409c9cca4c6adf4cb03fd4a,1132
calculation_setup/crest/refinement/imidazole_2_carboxylic_acid_ribose/conf1.com,292ebc69653d0757d34ce223c1c94ee2882b7ee2a9385b49085d09f9ea3f6c86,1192
calculation_setup/crest/refinement/imidazole_2_carboxylic_acid_ribose/conf1.xyz,4887b9b3fdc1c5ac7883e7239af7b34d52d59e980a08ee7a36415ef5ec98b305,931
calculation_setup/crest/refinement/imidazole_2_carboxylic_acid_ribose/conf2.com,eba54a2d107bef2c62151b4bbbcbdeb77d58dc1cf1539e490cd8d3d845d061ee,1194
calculation_setup/crest/refinement/imidazole_2_carboxylic_acid_ribose/conf2.xyz,a5ec42cd1070b0dcd6b5aa1237cf18be11ee0b719dd1f4e441adb8d265594db6,933
calculation_setup/crest/refinement/imidazole_2_carboxylic_acid_ribose/conf5.com,5a918bbbfdae345395fcd567d2e0306489a53d0ca3eb375d656cf0f47952ad19,1193
calculation_setup/crest/refinement/imidazole_2_carboxylic_acid_ribose/conf5.xyz,e110da4db3855638fa6807af87a98eff7a19649320b5987c87255052e2feebeb,932
calculation_setup/crest/refinement/imidazole_2_carboxylic_acid_ribose/conf6.com,5993f96b29a66cc6157a598ac805f6ab3a33dead31f23a14e4a5b331d841e855,1192
calculation_setup/crest/refinement/imidazole_2_carboxylic_acid_ribose/conf6.xyz,2bc90720b5710f6babb8b259eea24d40773b8ca4a345229606f601914e901e4e,931
calculation_setup/crest/refinement/imidazole_2_carboxylic_acid_ribose/conf7.com,5d27d5ec8e6506d6a412ee11f7e2be345f5485bbd380c1b66e2dfbc55144cb7c,1196
calculation_setup/crest/refinement/imidazole_2_carboxylic_acid_ribose/conf7.xyz,341e3894ee0cf49b1e8bd3ca6b4b6777af2b72ad5d61e5870ac472733f370741,935
calculation_setup/crest/refinement/imidazole_2_carboxylic_acid_ribose/dft_seed.com,bc2c0e57bdb68a60b5d9d3307d80b7908483800cb3600f33778c1a4e157d8cde,1202
calculation_setup/crest/refinement/imidazole_2_carboxylic_acid_ribose/dft_seed.xyz,d93a9257f7b73eb147baa184a1db7ae5a533bb49f461087aa3179146c229dcf7,932
calculation_setup/crest/refinement/imidazole_2_carboxylic_acid_ribose/refinement_manifest.json,2e37e2e8f7919c4e04434bb28d26e7e39dbf3808d288a51a95eea13031703bf5,1855
calculation_setup/crest/refinement/imidazole_2_carboxylic_acid_ribose_phosphate/conf1.com,019dbf15a025bdb4b3b0458c61bcdfce97d18ecb9caca0c45f5f3336374fabe4,1346
calculation_setup/crest/refinement/imidazole_2_carboxylic_acid_ribose_phosphate/conf1.xyz,548d2447ed10f2b95034867b5ac5b80880e016f20394261bc14e6a2906da913d,1085
calculation_setup/crest/refinement/imidazole_2_carboxylic_acid_ribose_phosphate/conf2.com,2a06834c9c5db3b3288f7a11048f55931e77992f50093e2cc72d387f5f903b51,1350
calculation_setup/crest/refinement/imidazole_2_carboxylic_acid_ribose_phosphate/conf2.xyz,1d63148d5d495dca6c95b43edafd42525a828587de3c6c2229d518f356c52be7,1089
calculation_setup/crest/refinement/imidazole_2_carboxylic_acid_ribose_phosphate/conf21.com,97e237fc034764ae24c98ee5704f0e1e86879c9828fc7f37abe827a1fa99fe71,1349
calculation_setup/crest/refinement/imidazole_2_carboxylic_acid_ribose_phosphate/conf21.xyz,20a7ab443f1d6690939b2c427920c61a809a72091bc0b57d70461fc35b4bdef9,1085
calculation_setup/crest/refinement/imidazole_2_carboxylic_acid_ribose_phosphate/conf26.com,6a05d92209475f2e905754c5b45ff82b36bed0e52deb71466f0ff6008301cf19,1352
calculation_setup/crest/refinement/imidazole_2_carboxylic_acid_ribose_phosphate/conf26.xyz,e766da0900108b6d52f9f057e9067d53dcac8997be39687750b72f1c29039ff3,1088
calculation_setup/crest/refinement/imidazole_2_carboxylic_acid_ribose_phosphate/conf5.com,9c88542c8a0765da121fac75ee5452cb7e9c2cf91819968732f4966b7f3a53de,1343
calculation_setup/crest/refinement/imidazole_2_carboxylic_acid_ribose_phosphate/conf5.xyz,108ac2968b74d730d659369ea35bb56ad903ce0daf761616c77bf1ff04e378ca,1082
calculation_setup/crest/refinement/imidazole_2_carboxylic_acid_ribose_phosphate/conf9.com,b693da282ae58e72a7bce01f8ca4e12552c564ff80e6f44f052ae6311e97146a,1344
calculation_setup/crest/refinement/imidazole_2_carboxylic_acid_ribose_phosphate/conf9.xyz,bea39006d799a42f2dc46590bb454abb493ad91adbf0d7157e995e2ddbd629d4,1083
calculation_setup/crest/refinement/imidazole_2_carboxylic_acid_ribose_phosphate/dft_seed.com,0d16090b1dac03f0e593461cb4640db9e97d5841a14c51fcd65386536d8be755,1355
calculation_setup/crest/refinement/imidazole_2_carboxylic_acid_ribose_phosphate/dft_seed.xyz,f109d479c7e7ecc04c90fa68f68bd7582e9d5620dff7cb66970773a6cfb03e17,1085
calculation_setup/crest/refinement/imidazole_2_carboxylic_acid_ribose_phosphate/refinement_manifest.json,55ddf49ae3d3278288d658a9b330d2feb22b427f20d3a6e4e6b4fdabd91e388e,2124
calculation_setup/crest/refinement/imidazole_ribose/conf1.com,a3ceb121d37ea1f151803d4eeef44aabfc2453e9355446801995ff91ef6c76b6,1105
calculation_setup/crest/refinement/imidazole_ribose/conf1.xyz,a850bd2364d8ceaaa50137b1381fbbeab5e6510fe8a3f60f1adce49df7921dff,844
calculation_setup/crest/refinement/imidazole_ribose/conf2.com,9a5b9c87ba14ec620cca2f83fcd106d8198f64b6c869220699ac84b7c0569f2b,1107
calculation_setup/crest/refinement/imidazole_ribose/conf2.xyz,54f55b1954a9dc86cb2c10472c448f6ce7f0611c645237e6eaea1ca38604efff,846
calculation_setup/crest/refinement/imidazole_ribose/conf6.com,f4bd8b4817842bf4c3edfa7fc2638a895c6fb60c0c94fcc1f7bfae2f5c27ff21,1104
calculation_setup/crest/refinement/imidazole_ribose/conf6.xyz,50e909c8aa666505a637677e80eee8d22a1428798ac86f2221db1de74d3b0b0c,843
calculation_setup/crest/refinement/imidazole_ribose/conf8.com,0627f2f87aa6c8201b8c71a60973d74b7861c64b8cdb617a4705ebdb94b401ea,1106
calculation_setup/crest/refinement/imidazole_ribose/conf8.xyz,0c40d3688b277f4edc923922257375c314f34bb233004551ed9924adcee49bf6,845
calculation_setup/crest/refinement/imidazole_ribose/conf9.com,b490929af659e9a93b59e0076115808ebb3964fcc80f7db8f5788d1b6ee61fc8,1105
calculation_setup/crest/refinement/imidazole_ribose/conf9.xyz,90d3eb2fb8dc2a28e3be80d74b709a410ee445c595ef76fc6ce33d79b9a882cc,844
calculation_setup/crest/refinement/imidazole_ribose/dft_seed.com,929a033ed0db725804697a97ee72dd1d6ab4aa3d81d5c47b4992b0bf00211108,1110
calculation_setup/crest/refinement/imidazole_ribose/dft_seed.xyz,11a032dabfc0f3d8a9d4939115b8e83624f5835ded78451905788773af3ca764,840
calculation_setup/crest/refinement/imidazole_ribose/refinement_manifest.json,6f98f8016d3dc8b46aa0d484bcaefa490489e2cfec7b80ed3b597b237f2ede14,1856
calculation_setup/crest/refinement/imidazole_ribose_phosphate/conf1.com,c459e5850ff0b2b867b4a925bf0672459fdaa89ae67269719fab883ad5e97b32,1265
calculation_setup/crest/refinement/imidazole_ribose_phosphate/conf1.xyz,fe1538d7ac6f1dbe6afd2c88fda5e88fbb0fd2a0fa0485b249654758d3a5b43b,1004
calculation_setup/crest/refinement/imidazole_ribose_phosphate/conf11.com,0c511d83b511340f931a94646629efa87e4fe1730778a6906aa7d288c1366041,1265
calculation_setup/crest/refinement/imidazole_ribose_phosphate/conf11.xyz,6447cee0a4bfe85671d029b98d216aa96dccd8efb30ba2cbfa78f2643edceb0f,1001
calculation_setup/crest/refinement/imidazole_ribose_phosphate/conf2.com,64cf6ca5cdbc91b82de2ffd71e7bdee0b4d6e9ce9382497f6afc76b75332cd95,1266
calculation_setup/crest/refinement/imidazole_ribose_phosphate/conf2.xyz,82b01e526293e46dac19d4a19cbd084fabe2eb7277e5ba3370e3bdc534143f97,1005
calculation_setup/crest/refinement/imidazole_ribose_phosphate/conf6.com,f3c975d8a042f4c2b7916780dd5bdeba26d393769096fadc261df3fa6b284441,1262
calculation_setup/crest/refinement/imidazole_ribose_phosphate/conf6.xyz,856006a757671b6fb47e0c2b300d0cea7d89e12070380a7c8369939f3e72b426,1001
calculation_setup/crest/refinement/imidazole_ribose_phosphate/conf67.com,620c707ac083a558444f8f75f2058f031d12c5392d85eb3fbb32dbaab702139d,1263
calculation_setup/crest/refinement/imidazole_ribose_phosphate/conf67.xyz,24e9a707916e133bf96ce8932c2d4d39801c4ae2dfce829f9dee075776c83b35,999
calculation_setup/crest/refinement/imidazole_ribose_phosphate/conf69.com,64be2b3a2eb0bac91bddc02f2e55a50d138ac28a89b57011f314fad642afc4da,1261
calculation_setup/crest/refinement/imidazole_ribose_phosphate/conf69.xyz,a68dfd0f96fd91b650e3bd6af4c4833423d718c570103ea60a86fcce03749c94,997
calculation_setup/crest/refinement/imidazole_ribose_phosphate/dft_seed.com,82dd9190c48e6fda79a389ac34a7ec66403921fbcfd640ec0cf45282d163c173,1264
calculation_setup/crest/refinement/imidazole_ribose_phosphate/dft_seed.xyz,1b4233b44b249011c0e1d272ef684a8904b16e5e462f22a80e641420c4edb541,994
calculation_setup/crest/refinement/imidazole_ribose_phosphate/refinement_manifest.json,64f52c98265f5b011b7fb7029793d8088a0fd52be7c671ba546abae504068d14,2127
calculation_setup/crest/refinement/isocytosine/conf1.com,7bbd0e7ab201e69122e43c4e6ef40ee8fc70c0c688b8b91522bbac1e4c100320,710
calculation_setup/crest/refinement/isocytosine/conf1.xyz,72abd00786d158317a7a01c4c10d0e29344e6842a5ef514a1910a7517c4b37fb,449
calculation_setup/crest/refinement/isocytosine/dft_seed.com,bc882169fded8a1c56c187ba23b86dfeea510877cf9b92de584279a9da4cef9c,715
calculation_setup/crest/refinement/isocytosine/dft_seed.xyz,13517b1b1ed4fadf73299df323f658dc0778963f6f7aaa1e667df238da896c1f,445
calculation_setup/crest/refinement/isocytosine/refinement_manifest.json,9de98d0862bee807c4b8bd421b58094c93306e16ba261dae5df80ac3e6e13f5a,889
calculation_setup/crest/refinement/isocytosine_ribose/conf1.com,4cd5e6c41dc735031a6741edfca91c23866463ebee6b1a4ae5659321c200fa42,1229
calculation_setup/crest/refinement/isocytosine_ribose/conf1.xyz,1c4e21492b55009bff9faa99015325430c4bc4d4c194a84fa9704dd8d4932064,968
calculation_setup/crest/refinement/isocytosine_ribose/conf10.com,65c04c66d9e00e92fc2e759a500a52c39b1cf757f43b2d73e773a8fec0cc08ad,1230
calculation_setup/crest/refinement/isocytosine_ribose/conf10.xyz,8a993fa19cad795c2a326b2358f6ce6d734116cbfae64c1ae9e81b9a6d5d801e,966
calculation_setup/crest/refinement/isocytosine_ribose/conf13.com,2abeb93d3a26e5d604e4e45bcb80d952be0ab5eee312230491e92d8726acab44,1231
calculation_setup/crest/refinement/isocytosine_ribose/conf13.xyz,d9d6ba112d9b36fd2e9586ba87fa458b6803398e5333a32c0a262edece2b83c4,967
calculation_setup/crest/refinement/isocytosine_ribose/conf16.com,d1bec090b0a53ff55f0467818aa8a7a659388ccd480db00f08c2008a9e50adeb,1229
calculation_setup/crest/refinement/isocytosine_ribose/conf16.xyz,ba8598f8a3a6f32c3d316cdbf73dddf1640e8b4681a41adb3e19e9c094333454,965
calculation_setup/crest/refinement/isocytosine_ribose/conf20.com,33d7972ee16501d6754aa462343dc798e82e7d830dcf0e918fd57e1197a818f1,1233
calculation_setup/crest/refinement/isocytosine_ribose/conf20.xyz,93f2e83076f67e145f2eb444343add4b2110aee97ff54b33011f7275cd9b8fea,969
calculation_setup/crest/refinement/isocytosine_ribose/dft_seed.com,4794e39f8c6012b6ba895f77171a58a7ddc1a03b65b04239dc7c5178f1923b7e,1237
calculation_setup/crest/refinement/isocytosine_ribose/dft_seed.xyz,33d1212f687d6e3d0366879b9b0533613c202e84cdf5f4d81b4d7323e5a65c89,967
calculation_setup/crest/refinement/isocytosine_ribose/refinement_manifest.json,7375cb2e54b5e30fa581e6a413510dfb427b0501443358ee0b6885175fb2077a,1857
calculation_setup/crest/refinement/isocytosine_ribose_phosphate/conf1.com,31456baf86afc3da5a87ccfb6cb2073c54692b3976e75752d5220c40e5953a0c,1378
calculation_setup/crest/refinement/isocytosine_ribose_phosphate/conf1.xyz,664e354a5ba9267a17994544515ae310611367c749e2508476ca31c0244e6419,1117
calculation_setup/crest/refinement/isocytosine_ribose_phosphate/conf20.com,9c6f4c3a7f862ad1724be4bf1382a4475d59c76881c01430d9c7340dfafc9bdf,1381
calculation_setup/crest/refinement/isocytosine_ribose_phosphate/conf20.xyz,d94a80f480ed0e67a92fa81f1b4ef35245f7e1e6641781a21c840bd96f51894a,1117
calculation_setup/crest/refinement/isocytosine_ribose_phosphate/conf26.com,5adfeed9327cc220603194aebbc43c2f74f15f87e6834b9393362619b6da549a,1380
calculation_setup/crest/refinement/isocytosine_ribose_phosphate/conf26.xyz,58619ef72cc625e9e52e8748f7aa2edcea394206bb2e09301fb706fcf4dfdedf,1116
calculation_setup/crest/refinement/isocytosine_ribose_phosphate/conf33.com,7fd9e1b3ceba84a8758fd74a710aa58592dc314fe061ed1de1c208d18900d8f4,1380
calculation_setup/crest/refinement/isocytosine_ribose_phosphate/conf33.xyz,8e4a5554cc714189411dc7e74fa759493f4a462e0bee7ab07d3e6268960cd031,1116
calculation_setup/crest/refinement/isocytosine_ribose_phosphate/conf4.com,7bc77c3a9cd488182406a4107f2a3f612f639a7098269b0fce23c075bbcbbce9,1377
calculation_setup/crest/refinement/isocytosine_ribose_phosphate/conf4.xyz,68e2a95e3c4ebc70995791ec67b51cb8c041b053ac0b1e7112953607f2c8158e,1116
calculation_setup/crest/refinement/isocytosine_ribose_phosphate/conf46.com,b37949a43b2453d6439b2706b973d92b1e418b4785f5c2ec6f8b208210cfcc20,1385
calculation_setup/crest/refinement/isocytosine_ribose_phosphate/conf46.xyz,ffdf64229b784d76c011243a0de88c703199904044901eafe374bbf4a253cc0b,1121
calculation_setup/crest/refinement/isocytosine_ribose_phosphate/dft_seed.com,b9c6fa5d486756c6ce5803bd314e5a77b0219e7ddd4149cff43a027b2336ca0e,1387
calculation_setup/crest/refinement/isocytosine_ribose_phosphate/dft_seed.xyz,6453b05e31bacc979759fee5bb41975b7f8677668d39687d75c237c95265cdb5,1117
calculation_setup/crest/refinement/isocytosine_ribose_phosphate/refinement_manifest.json,7bab876ca6a7cca82262d2db626bd1cbbefcde5210b38e950aa19020c170d506,2122
calculation_setup/crest/refinement/melamine/conf1.com,4c46694e578e900642a912d47c499620951d6a6486e0d49a3de4ee6f7c54a132,766
calculation_setup/crest/refinement/melamine/conf1.xyz,38c5d9c2b2e7ac5c60032789a234ded4abb3f9cfeee9e329c0a38f1c17a58262,505
calculation_setup/crest/refinement/melamine/dft_seed.com,4c5801c6a85982ed300ebf1d1f789ff71096582a3c7de655a426d459bc6e9344,778
calculation_setup/crest/refinement/melamine/dft_seed.xyz,9583b90ab49ba37435ec159bf970efa6eaadeb3bdb842dd83e8cf902a8d89ff7,508
calculation_setup/crest/refinement/melamine/refinement_manifest.json,8b8885c4d4897f89a609adc09998a5bd9ee1c87d8ecf5ce8de646fd3361431c0,890
calculation_setup/crest/refinement/melamine_ribose/conf1.com,06424bb0e3d322939605e198d709c168f7dd8543a562b0483ca3e6dec6a17b65,1286
calculation_setup/crest/refinement/melamine_ribose/conf1.xyz,d36350dbc8bcfbb464ef9792950b1f9f807efd9b3ad78b419e1ac4c9b0d74281,1025
calculation_setup/crest/refinement/melamine_ribose/conf2.com,f4335384d29320acee426a1b8a4509bf568f19b2997655987cb2cb13c5493c9f,1281
calculation_setup/crest/refinement/melamine_ribose/conf2.xyz,e800dec620b06b05a892adab8262cc7b5ed820c171a35b900b11ac89c016191f,1020
calculation_setup/crest/refinement/melamine_ribose/conf5.com,fa882e280e9225f78686288a281f83be2cab36ecb07665389f82e1917e641e21,1285
calculation_setup/crest/refinement/melamine_ribose/conf5.xyz,d4457665e0e5db1f506546a11e1dfbc4bb33aa35300d20a7880be3df5f0ac352,1024
calculation_setup/crest/refinement/melamine_ribose/conf7.com,fd0f6d296bf90fad057fef652cd1072dee5c92a1aacea5ee6b1bdecc5b162003,1282
calculation_setup/crest/refinement/melamine_ribose/conf7.xyz,a5de66da17d182e2c7a371f06cd374f1cef6303ece230304c8c88deeba265924,1021
calculation_setup/crest/refinement/melamine_ribose/conf8.com,4a79f7d3134737714bad842df4ba54860742fa1bc4a46489fcafc17ec09d9256,1282
calculation_setup/crest/refinement/melamine_ribose/conf8.xyz,01d59e983b314f7605f4df619a64f77268edc8ccc3d2a135e2a19dcc53d86dd8,1021
calculation_setup/crest/refinement/melamine_ribose/dft_seed.com,4ab91481bcf84350c2fb3f63b245518c16322a02d28e2b33fb89513a783d07e9,1289
calculation_setup/crest/refinement/melamine_ribose/dft_seed.xyz,f57e7ec7b9858dfa6b164bcff0c0b97609b114742df2aec03700832f19de27ce,1019
calculation_setup/crest/refinement/melamine_ribose/refinement_manifest.json,239f1d9ab881c4ef8d9f182ce962523d40bacf303dbf4256d9431ef8b37f0e60,1854
calculation_setup/crest/refinement/melamine_ribose_phosphate/conf1.com,6b50dd0befd65b2674b9f180fed533b5551f91477a7f90b7653f7f0cbace1612,1438
calculation_setup/crest/refinement/melamine_ribose_phosphate/conf1.xyz,99f9e1dad0be88368cc8f84c13c8cc713c9079bf77fab557ce62c00e075593ed,1177
calculation_setup/crest/refinement/melamine_ribose_phosphate/conf13.com,22e57f0bbb2f97ad20e49dc2ce5b68f4909be80463048b25bd99f133c366426e,1439
calculation_setup/crest/refinement/melamine_ribose_phosphate/conf13.xyz,1a2f218a8ab2c96f47df4e24827d5452cbad3a7dd9876896372fa40c7e01ba6a,1175
calculation_setup/crest/refinement/melamine_ribose_phosphate/conf17.com,d358c4f355ff8515f2ef741f531171c1bc6fa8f051da8a80aa8d02e258d9c708,1441
calculation_setup/crest/refinement/melamine_ribose_phosphate/conf17.xyz,b2b4a1dd8ece151cd77225df6fa872628668303940baf1ccd4cab08d882cb925,1177
calculation_setup/crest/refinement/melamine_ribose_phosphate/conf6.com,008c2b493b58fad7d6b3d75284ad100ff7a697d381b5826144e9202a8c1c9f59,1432
calculation_setup/crest/refinement/melamine_ribose_phosphate/conf6.xyz,f76a6c8b5d2e3737873dc0a77a1e756dde395d11ff2a7d8ccdf3748534743a2e,1171
calculation_setup/crest/refinement/melamine_ribose_phosphate/conf79.com,d0cc2e05d3cd5f666ca8bd18a7bb3f8e8ff4253eec79734ad54e40e8689c04ff,1445
calculation_setup/crest/refinement/melamine_ribose_phosphate/conf79.xyz,9d489bf717a9cfd77ace3f9dfa3979478acaa43d66d7f296c76bf3ce1eea1119,1181
calculation_setup/crest/refinement/melamine_ribose_phosphate/conf84.com,0bac626b5cf1c2e6a988be2ced6a75539d032c023abfc58f0882964c9ffccf17,1441
calculation_setup/crest/refinement/melamine_ribose_phosphate/conf84.xyz,c29a934218e08b5f5c53bc083f5e6fc15fd08ec39f95244fe3f7efbb87fc48fa,1177
calculation_setup/crest/refinement/melamine_ribose_phosphate/dft_seed.com,aba8e0db807949492bef39a2c1c9577a914d5ef472e565f4d3937d8d064fd1e5,1443
calculation_setup/crest/refinement/melamine_ribose_phosphate/dft_seed.xyz,e43ef5f92b6b55477ee1b33eb3eadb6da596ca301b4c87628f75617c9f226e39,1173
calculation_setup/crest/refinement/melamine_ribose_phosphate/refinement_manifest.json,5487b0a9063a7a2e6fe7c09540a446de1a184003a658d73d98997fa0796f44ae,2123
calculation_setup/crest/refinement/phosphate/conf1.com,a2a31fd8057d17c8cb5f49a06c1cc2fdf7a33b291f91b01fb1697ed545d40a47,553
calculation_setup/crest/refinement/phosphate/conf1.xyz,5e9e5e2fb611113ff510ccb39e84ccadcf961ee9fb1d33acfa1070cb1e035132,291
calculation_setup/crest/refinement/phosphate/dft_seed.com,b7f27ae4e5cbcf88f225472a46477bad09bfe172e687f9e1d69d67a04e1ee65c,562
calculation_setup/crest/refinement/phosphate/dft_seed.xyz,f84b45804a7a60fef7ba9a738c6e4635d90d90cb353ad29169cfbc06e73ab6e3,291
calculation_setup/crest/refinement/phosphate/refinement_manifest.json,8081630ebe3b9ac20c98042c7127da9afa942a981f3b12ed9687d14b03c42ec3,890
calculation_setup/crest/refinement/purine/conf1.com,c64f3e7294b1d082354e508cf5807e85c492dc8abb1951639b93027504f36d55,707
calculation_setup/crest/refinement/purine/conf1.xyz,010e96b4f6ffd4a1f2e3c740c93619812a2a5b7657a3a7f66be0fd43e9a5d5c4,446
calculation_setup/crest/refinement/purine/dft_seed.com,e2ce175dbdf0caa3e7db16dc4a1ddc7125e361067acf3c1a4e5dd28cbb521455,716
calculation_setup/crest/refinement/purine/dft_seed.xyz,242635d6c14405194068f8e42ec660500352b67f89c93e5725653f01ec6bd703,446
calculation_setup/crest/refinement/purine/refinement_manifest.json,ea7280f0cfa4e0dfb105e9b798487101374b3ed3a0f42da7718bbc691c19cc74,889
calculation_setup/crest/refinement/purine_ribose/conf1.com,d135249f56df9a072b242409f805c4691f82cd93c03f31de96ef12d06f8612db,1228
calculation_setup/crest/refinement/purine_ribose/conf1.xyz,bc67169c5627e093b6a1381f7d2aa2d47b059013c898ee25eba80f12b90a4d27,967
calculation_setup/crest/refinement/purine_ribose/conf2.com,a8cb7daf4b2163925a259365a0e18acd75ed9295f152a0b8d51bb3ad48feae0c,1230
calculation_setup/crest/refinement/purine_ribose/conf2.xyz,6c3a6f52170c3bb8c3633b85bb6e902d046566d65985e2085cd9bf105d20d170,969
calculation_setup/crest/refinement/purine_ribose/conf6.com,e58c11e7935984d537a18356f60dd86e735904bd037d6569dfe20ece0e553b25,1229
calculation_setup/crest/refinement/purine_ribose/conf6.xyz,7c92441e9abe7de4439bd36b471c5b79d2356457506c35cf25858bc1386a4868,968
calculation_setup/crest/refinement/purine_ribose/conf7.com,c1cc05b089e69974b9ca50298bb8c98c05b4383e3c5f53cb87bdf7e783ad50dd,1231
calculation_setup/crest/refinement/purine_ribose/conf7.xyz,bfbf29ce3e4192d3b0201c6a97c6492e83ed550f8ae42656ac487ee2fe61a52a,970
calculation_setup/crest/refinement/purine_ribose/conf9.com,60abd07aa0cf9872d767c2197ba64c176a898c3506c0a3cf0aec53c6dd444ee7,1232
calculation_setup/crest/refinement/purine_ribose/conf9.xyz,716399b81819045721e7e2c110a2226b303c3b230d70c8f3ccce3ea7923fd76b,971
calculation_setup/crest/refinement/purine_ribose/dft_seed.com,f3bed9b92b2b839ed5a317af6d58f7a38e21890c49821d2b5287a6f812633ab9,1238
calculation_setup/crest/refinement/purine_ribose/dft_seed.xyz,b93323bc71144edb298452b500b18903e0c3bf2868fa005a8596fcd88aaac347,968
calculation_setup/crest/refinement/purine_ribose/refinement_manifest.json,5ecf3ff582d27ca429d633a13d919d21b93427d2d14e36a7e60076078a854ab3,1856
calculation_setup/crest/refinement/purine_ribose_phosphate/conf1.com,04f9740e039c1e9829c622b6355b7dfcff29805280141ed49892c4eab0f6a69d,1382
calculation_setup/crest/refinement/purine_ribose_phosphate/conf1.xyz,cb6c5c6b13873df69e203a012c8c7ab331b645172faa6c86f3808840abc9af74,1121
calculation_setup/crest/refinement/purine_ribose_phosphate/conf127.com,b72d0dd4e3428e0a286dfd5288ab7b72958d74a09b9c6bb4f067660e61947921,1380
calculation_setup/crest/refinement/purine_ribose_phosphate/conf127.xyz,cdbdfafde1e57fc5ca81127ab3b47ab2452d12da17cc580f3402726bb6fbbd7f,1113
calculation_setup/crest/refinement/purine_ribose_phosphate/conf137.com,3dd7755d83215038bc7cfab40ccfef03fa563a815da7f7a13a7710a22d633569,1384
calculation_setup/crest/refinement/purine_ribose_phosphate/conf137.xyz,7b655e0994849aa26f06262fe912ae3f1e0ee5ea7343b1a097f2f4ed5e8a342a,1117
calculation_setup/crest/refinement/purine_ribose_phosphate/conf2.com,8449562ab794610af2b9f5f455b8a7f4ffc81beeac6c72a7dedc9b0299e09041,1381
calculation_setup/crest/refinement/purine_ribose_phosphate/conf2.xyz,da1e1e98d242d0f92710d714a341b9c06cfef8295ca463b9d56a5c0f4a34fdbc,1120
calculation_setup/crest/refinement/purine_ribose_phosphate/conf48.com,ae142c9cad1e7061c5eca0d70b5f2b9dd84acff7b65f8a48d5a5abeaf4277eac,1380
calculation_setup/crest/refinement/purine_ribose_phosphate/conf48.xyz,8cafbd5fd75eac58e83c86f276c9edacadf211bf70e72ca3311f2bbd9e3b1c60,1116
calculation_setup/crest/refinement/purine_ribose_phosphate/conf53.com,e99812fa1b962fb9f344914b3948ce0c1c213133546b797e5f568deb830f7766,1377
calculation_setup/crest/refinement/purine_ribose_phosphate/conf53.xyz,4a6f7219ecda2d696cd707ec7b82fac622fb7fd5e4dbb32290b0a2a5f3328c93,1113
calculation_setup/crest/refinement/purine_ribose_phosphate/dft_seed.com,ac353a7f15e1d71f3d741cce3dbf9c76e86b3f8c603768067550e783324c6138,1382
calculation_setup/crest/refinement/purine_ribose_phosphate/dft_seed.xyz,a9445fcfe7e9b6e6beb91f531e28415c9a68fd2b35ef3f8633538641516de683,1112
calculation_setup/crest/refinement/purine_ribose_phosphate/refinement_manifest.json,f57bdc7c68305ba6c8c4d647874c9378dd265bfc3faac722769406380142089a,2128
calculation_setup/crest/refinement/ribo_phosphate/conf1.com,cb650e8fda83c67e47c54e9740596f74df7d1d4c72012f9da2ef486c5aa3ccf6,1072
calculation_setup/crest/refinement/ribo_phosphate/conf1.xyz,40d38c445729541887dbb8c4c7e63bd0f77727fc2f770c9ec9ce79354125ba05,811
calculation_setup/crest/refinement/ribo_phosphate/conf122.com,5e2f9a66e7910a3f37effcff5272b066e6736633bb125b94039bb62af8736fa1,1076
calculation_setup/crest/refinement/ribo_phosphate/conf122.xyz,9b32434d943b00ffd0b08a16523b28a3e2654f0d992be65303797aef0cff1c5f,809
calculation_setup/crest/refinement/ribo_phosphate/conf26.com,027c9efefa9fc0248ac42b088edb1681c373341aee5ea86e94711cd45a90ecd7,1075
calculation_setup/crest/refinement/ribo_phosphate/conf26.xyz,0ff5b2dbcaffecb288f5903e28f4b0c699ae474b548c8d5ca40a25eb4b1253ce,811
calculation_setup/crest/refinement/ribo_phosphate/conf4.com,a32aac13a5ebbb402cb6b0c7ff056f0de989cb96e9d544168c43b004fd9ee713,1071
calculation_setup/crest/refinement/ribo_phosphate/conf4.xyz,dc8834ac22f6d5d40d3b8f44d89681c834a2dec770b23f61e568e7b0c51f2633,810
calculation_setup/crest/refinement/ribo_phosphate/conf42.com,14c18b7fc5008bbceb5bf49eb06ea1d6105399d8f950093aa9d02b46d2d5808a,1077
calculation_setup/crest/refinement/ribo_phosphate/conf42.xyz,b4df736119d3b3d36a1eab30858b19a1ecf671cfade701b4a2b8144df362fa8e,813
calculation_setup/crest/refinement/ribo_phosphate/dft_seed.com,b961bdf00384ad236beb2e34d8df54c2062503882da2d019a0add5fd7379dfaa,1087
calculation_setup/crest/refinement/ribo_phosphate/dft_seed.xyz,7366897a9265cfe0717a6103c177ccd8315436bb1a949acc44717a7cb2dad830,817
calculation_setup/crest/refinement/ribo_phosphate/refinement_manifest.json,d1f9e515b459f53dc7244fab62c72739b2096ec0112ef094a48cf9e3d9b69ec0,1882
calculation_setup/crest/refinement/ribose/conf1.com,9fb36a576f7a4e93109b686dbb2618fcef78209071699861eb34c93124bebf5f,920
calculation_setup/crest/refinement/ribose/conf1.xyz,b04c0cd764a51db4e23d2d7610748eea2864a43a26b776b0bfdc94a41b889acd,659
calculation_setup/crest/refinement/ribose/conf14.com,29c66826aeac18ebc865f11d2569c7cace7c71303168a04ba43f28461e521e3f,924
calculation_setup/crest/refinement/ribose/conf14.xyz,47f71c5f40e396c599674f1acd575adcda8654be7f5defc819e4f871a384072f,660
calculation_setup/crest/refinement/ribose/conf24.com,469dbc722231d7f0470bc8ae584b75224b053b34050cdf4bce043bda3e69be86,924
calculation_setup/crest/refinement/ribose/conf24.xyz,790580cd1f7cdc51497091dfa08e58cf4307d4c18de08bb5c503bfa793c0b67f,660
calculation_setup/crest/refinement/ribose/conf4.com,491b3b38440402c49b3a2f49faa9af413b56d2286c73cc7998e5c366c73298f9,919
calculation_setup/crest/refinement/ribose/conf4.xyz,296b8c8afb9623b22c402ff667b9e1598c4760d51f389c192dc677d2f22079f0,658
calculation_setup/crest/refinement/ribose/conf6.com,531b431c7d454cf47df320933fdea0dd3f1bd589801ceff74bf15ad74f83bc94,920
calculation_setup/crest/refinement/ribose/conf6.xyz,bed9d0c14011d5b0c418595f324e7f1748caf0ee887fa405377ec112594c31eb,659
calculation_setup/crest/refinement/ribose/dft_seed.com,1fef90e8a00ae0ee0f4cd740fbab695fc5f233f2034673fdbd8c3b13e0963c18,928
calculation_setup/crest/refinement/ribose/dft_seed.xyz,a6c38eb2a203b35d8cd7180a7c80da39147ec7065673076a011e1e8f54dce9bf,658
calculation_setup/crest/refinement/ribose/refinement_manifest.json,27a1c6484edf63caa924f6e09413fee58cde8256166d46ae74dc7d33f035472b,1858
calculation_setup/crest/refinement/tap_c5link/conf1.com,b07848cd17c6c63dd1036397d5012295ce428ef5325d3b401e17a27840cd87e3,796
calculation_setup/crest/refinement/tap_c5link/conf1.xyz,23fc609367d08c7d4f746b0fb3829c6375c230ae5512f97532f2a19495b028d6,535
calculation_setup/crest/refinement/tap_c5link/dft_seed.com,d6aa51311cd0118b2a5031c40aa9b0f610b07ff076b0ea5f7a297e655e8011b3,804
calculation_setup/crest/refinement/tap_c5link/dft_seed.xyz,4cf8d2dc81b8a0fdc64aac22acad31da8c07d8c0eabe2c2242bb21852152595e,534
calculation_setup/crest/refinement/tap_c5link/refinement_manifest.json,ec17e2bca6b6e3f1c9cb30d118fd443221458484b2c47bb2d2c6b99e568766af,890
calculation_setup/crest/refinement/tap_c5link_ribose/conf1.com,e0c55bc9a355e017fc0d1218cf8053bdc08c901a2af4dce3c0b317853605a3e1,1312
calculation_setup/crest/refinement/tap_c5link_ribose/conf1.xyz,7f19b495c3dd3625a6126e8cc7a96a0f7abb40a098c967e7b7ffcd1109bd84f1,1051
calculation_setup/crest/refinement/tap_c5link_ribose/conf3.com,25e46328ee30cfde480d3beb126f68c8a8a8d6282b0595d2edefdb7a9cc4c397,1316
calculation_setup/crest/refinement/tap_c5link_ribose/conf3.xyz,99c4d7d00c9d5d27179c63f77a912752dd66252f5efb5424dad29f50123a629a,1055
calculation_setup/crest/refinement/tap_c5link_ribose/conf7.com,51f18a3ae4635457a29b6e47fb44d8d0b958c71da0a0af1b851fb0eed496a1f4,1312
calculation_setup/crest/refinement/tap_c5link_ribose/conf7.xyz,415809a144448b5c6d4cb0f7edc24c3a9a2fad81b59f5c7c76a86cc86a056caf,1051
calculation_setup/crest/refinement/tap_c5link_ribose/conf8.com,9388fdfdfa17f19dd5b5b17f58f224bde4758f40bf8c131966a5170d9fe35bc1,1314
calculation_setup/crest/refinement/tap_c5link_ribose/conf8.xyz,d9d435f590b8081136f2b8d66f2194a0e1b64f8a447f4d482dfcfa56c3476aa6,1053
calculation_setup/crest/refinement/tap_c5link_ribose/conf9.com,833f7cb762e00b076b821a7bdfd4f52faf8d42157949b199ad8486c6a07c0cdf,1312
calculation_setup/crest/refinement/tap_c5link_ribose/conf9.xyz,33a0518849474388900c753543438aac0223f7c9603dd9ae85de1309168022f4,1051
calculation_setup/crest/refinement/tap_c5link_ribose/dft_seed.com,880b2d1a77fc6954264aeddd94c40ceaee1139e800a1f91ca8dc519daadb4bbf,1321
calculation_setup/crest/refinement/tap_c5link_ribose/dft_seed.xyz,3eab2121a7023506137de2ff975d5ade1195758095fb440d5c9cb7d4aad8473d,1051
calculation_setup/crest/refinement/tap_c5link_ribose/refinement_manifest.json,4a8b747526a6da7732b05cde56f13423032fb29eb8221d0464130e2ece690567,1854
calculation_setup/crest/refinement/tap_c5link_ribose_phosphate/conf1.com,8e53f60162f09af485d47749cf48041c62489259eb31b3935dcb3bd9175bc50f,1473
calculation_setup/crest/refinement/tap_c5link_ribose_phosphate/conf1.xyz,2819676df0fffa3b2aab5ff124d9af0bf76f663a5c7eb1564db64dff677eb2f5,1212
calculation_setup/crest/refinement/tap_c5link_ribose_phosphate/conf19.com,c9b817953f3460d0d5623c23090120b98606a7312164ca6b8b87f0b908b1a9b1,1470
calculation_setup/crest/refinement/tap_c5link_ribose_phosphate/conf19.xyz,eba5b1897a72fc6c7224ca05f55ec08fc0421602ac55762c51dc06f1ddf2c2e5,1206
calculation_setup/crest/refinement/tap_c5link_ribose_phosphate/conf22.com,712c54168721c03d732481f42704dd1ac0d15025b3b226d4994de9e99807db10,1464
calculation_setup/crest/refinement/tap_c5link_ribose_phosphate/conf22.xyz,e4b396cfd3fe6cd96a9003a9f3d239e998d1a8cd6553cb34e645e5e1cb1dd4e7,1200
calculation_setup/crest/refinement/tap_c5link_ribose_phosphate/conf28.com,d9047f6957df369dfec209166b7633fb50ef1476a112d6735814498a23f36e0c,1474
calculation_setup/crest/refinement/tap_c5link_ribose_phosphate/conf28.xyz,347322c60aa766ecd71770f4ad3cb2623e428d7e2a5196e6f2a408c2e3f3ed44,1210
calculation_setup/crest/refinement/tap_c5link_ribose_phosphate/conf3.com,95b27a96cf51dd7c70ffed14dc6939f214832688f0733bebad42b90ef69114fb,1465
calculation_setup/crest/refinement/tap_c5link_ribose_phosphate/conf3.xyz,6da6bd2dc9978ea4b45b37a5c16cd10f6c01f76ecafd49d80ee4ad3e49ea2aa8,1204
calculation_setup/crest/refinement/tap_c5link_ribose_phosphate/conf4.com,7f4f02e4f6877f02a48ff24fd07aa8aef88b0200a0146a4ec6d047a1eebe7e89,1462
calculation_setup/crest/refinement/tap_c5link_ribose_phosphate/conf4.xyz,f5812998643f0a151e6418fa519e5ae70948883448b4403d8a8a8c90ca79da2b,1201
calculation_setup/crest/refinement/tap_c5link_ribose_phosphate/dft_seed.com,86a7d71ebb961911b1024fd8d72dd7503e5f4d4c469b408add90e39a338111ed,1477
calculation_setup/crest/refinement/tap_c5link_ribose_phosphate/dft_seed.xyz,47bb8804dc8d5b9e3aeb1cbc36a3a1449f0ac4fb90d51a95d228a471e7dd3584,1207
calculation_setup/crest/refinement/tap_c5link_ribose_phosphate/refinement_manifest.json,38ee30754056b94ea42afb1bd5def49577c5f3f5dd6f8f103a404b1ec872efa4,2123
calculation_setup/crest/refinement/thymine/conf1.com,e9204e3a30d41f0cf83626fb806ad2b7950652105a2727e2eee1a7692b2bca71,771
calculation_setup/crest/refinement/thymine/conf1.xyz,7ea9c50743bb454607bf9c460c3c4a8fcf31e9dd20d7f120c2b1530e7822d228,510
calculation_setup/crest/refinement/thymine/dft_seed.com,8ff8bd135af2ad5a9347ee990d87761530a819be3fdefe1afaf5445d429a86ea,779
calculation_setup/crest/refinement/thymine/dft_seed.xyz,2de345f9b183254c314a2d80ac087096b81fafa625137d68922d0f1b01f3b7b1,509
calculation_setup/crest/refinement/thymine/refinement_manifest.json,25a2198b6aa1afa80908169723720d9bc9eed17d6806d272a6510679f2bae94f,889
calculation_setup/crest/refinement/thymine_ribose/conf1.com,d6b4d142f80849e3b8b7417950ebc86643e5341909860cf9d0a9d30ae95667e3,1290
calculation_setup/crest/refinement/thymine_ribose/conf1.xyz,4b62c7098aa8716114969de378e35a4537d13aafc9b432a656bb31c57e3cf371,1029
calculation_setup/crest/refinement/thymine_ribose/conf2.com,29def750f7c22bf3e382cdaf4e11eff7956ad38e5bab077c0e0a6d3a42f0f709,1285
calculation_setup/crest/refinement/thymine_ribose/conf2.xyz,afb9ac66f0a7dd02822752a454ccb94b1d61bde0cc00139fe5eac71190d50be6,1024
calculation_setup/crest/refinement/thymine_ribose/conf3.com,43dd7710b766589700eb21659546b6c30f8250f0f09527fb2607baf3239adf53,1290
calculation_setup/crest/refinement/thymine_ribose/conf3.xyz,66e7368d5c8fb658aed3e4e56c33617ad2902f21a4fa505970b5cb5f256ae9d3,1029
calculation_setup/crest/refinement/thymine_ribose/conf4.com,07085cdaa9ed2529097ec87a82b7c4f56cc368ed1ace9f9f131f9547e2bdcd07,1291
calculation_setup/crest/refinement/thymine_ribose/conf4.xyz,03a16f96e980cb3dadc59a4ae0b668e9e983c055a53c57c986f2af2ac31ad824,1030
calculation_setup/crest/refinement/thymine_ribose/conf6.com,571e93e2e334c2a731f6bd30799aa2848b94fdfbac764a2473249aae727e8321,1289
calculation_setup/crest/refinement/thymine_ribose/conf6.xyz,b1ac63aae868dfaba652a218a4074b8315f92898e9d3db689151875b90460b61,1028
calculation_setup/crest/refinement/thymine_ribose/dft_seed.com,0772e08263ff5b4dace60294aac2420ba5e3ae6a4a70eacdf8fc621bd5542579,1295
calculation_setup/crest/refinement/thymine_ribose/dft_seed.xyz,df2b0349096982266a7b23648ac3d60167a4efe9a5102e560a73f1e1f8ee7202,1025
calculation_setup/crest/refinement/thymine_ribose/refinement_manifest.json,33fcd0c11a268e326487d6decccc89fc7b497a1200fe3f73d9f282b9e12ac2f0,1852
calculation_setup/crest/refinement/thymine_ribose_phosphate/conf1.com,a31b3b341f49f2126b5e13d5ef9127ecd7ee8bb0d4c63679eadd7a4918930b4b,1445
calculation_setup/crest/refinement/thymine_ribose_phosphate/conf1.xyz,3311b4931613444dd20dbc9ef1e10fc45844c913ca0301735943b6dd8f356ab8,1184
calculation_setup/crest/refinement/thymine_ribose_phosphate/conf35.com,c28d3b6ca4519358ab772415c24b145073cf93da23f23178b811866440a57aba,1443
calculation_setup/crest/refinement/thymine_ribose_phosphate/conf35.xyz,b236e4844bc76230e6d14bfb2791adb55c985f3182a30576df11cc5bd2997b3a,1179
calculation_setup/crest/refinement/thymine_ribose_phosphate/conf46.com,49b135a2d12761be39e1b6ec8f7e5a838a424a3fb4871a0643d6039be89d7615,1438
calculation_setup/crest/refinement/thymine_ribose_phosphate/conf46.xyz,c725fd8aaeb239b5f95d96f0fe14b70731564997c609a5c30e5ff2ed9d4eab42,1174
calculation_setup/crest/refinement/thymine_ribose_phosphate/conf76.com,f17dec0c76895135b6e9f9ee1fe705c861e7db556066d2deb41887130fa8ee2f,1447
calculation_setup/crest/refinement/thymine_ribose_phosphate/conf76.xyz,fccc250c6215af9bde375ac81ac19d876f1f7ba48079549ab4138bfa18f2cbfa,1183
calculation_setup/crest/refinement/thymine_ribose_phosphate/conf78.com,2a0eab50767dd201512425eecb746c65c162d16d279355a70ef60ae0976e6172,1450
calculation_setup/crest/refinement/thymine_ribose_phosphate/conf78.xyz,4cc6fabe1ffb1d998ebf949bcf3eacfa4f4256c78ccaded9f489fa4468c5acfe,1186
calculation_setup/crest/refinement/thymine_ribose_phosphate/conf8.com,59c6deb169f732b04eef86b1044be27f4824cc4120b61b9a4b113d2c35490259,1439
calculation_setup/crest/refinement/thymine_ribose_phosphate/conf8.xyz,115ae3e1dfe8e6eccd5228c5c18f70d68bcf809c7f99f9144dc4e59b6c7caefe,1178
calculation_setup/crest/refinement/thymine_ribose_phosphate/dft_seed.com,e03e2e4a2e7ae417b5f0c6922c3d3b2ef6bbeb2b5d69177d151a4d5ee3047298,1447
calculation_setup/crest/refinement/thymine_ribose_phosphate/dft_seed.xyz,1657881e150062490ca784eeda96e7a0841970401841b0c4898a4d356ee86ac1,1177
calculation_setup/crest/refinement/thymine_ribose_phosphate/refinement_manifest.json,fbcf223adecc19b38f37881a178f7ac8ed79bc861904fef4a6bd45ff58080e05,2121
calculation_setup/crest/refinement/uracil/conf1.com,b60fb45a69cfe722ddbefabeac01b60490f91f2998ffc268d1f49d997847c5d7,676
calculation_setup/crest/refinement/uracil/conf1.xyz,c56ac0c198abf60d6bbc1e574c398c8f9890f6b6bb65bb915c23c8df34200a4f,415
calculation_setup/crest/refinement/uracil/dft_seed.com,4fbebc7ddfbe722d336b405e11becd01f021374e58624df2bf5f25ea38934be0,685
calculation_setup/crest/refinement/uracil/dft_seed.xyz,4e7aa0b9d06c9aed9f6f803a5b6372e9d6098aa2f22a9b51bdd4d767de017bc1,415
calculation_setup/crest/refinement/uracil/refinement_manifest.json,94529c2dab002d7eac4b5aab82da5550857263c9b06c797c68a73cbf6d01c001,888
calculation_setup/crest/refinement/uracil_ribose/conf1.com,3953f7e448a3d745d956347e928805247a6775e73e8a5b613964757ec4932780,1197
calculation_setup/crest/refinement/uracil_ribose/conf1.xyz,2f6c740a053c4b6e5da1c60bbeefaef7d535b9f1f2c5f6b2ed8729faa9599395,936
calculation_setup/crest/refinement/uracil_ribose/conf2.com,37c82692f114f4294e84d23f0580c338cc1677b24b9773fe30c5a06ab8ae73db,1195
calculation_setup/crest/refinement/uracil_ribose/conf2.xyz,614abcc2f88abe1d7475a7cce1fde4e297154b50241df97c2b22fa19f0ea9693,934
calculation_setup/crest/refinement/uracil_ribose/conf3.com,95af915aa50d5608253d4c294c428f5b05afedb9090e28a9c05b9d7fab687660,1196
calculation_setup/crest/refinement/uracil_ribose/conf3.xyz,c220863b17c5e00c4d0bab91f3e00bc899569b2b4775a099903f374b690a2ced,935
calculation_setup/crest/refinement/uracil_ribose/conf4.com,d539e9e1b69b4b4701f99a195ef85741a5bc794db68d58991827c5bcfb189494,1202
calculation_setup/crest/refinement/uracil_ribose/conf4.xyz,28d9af5e916717509b5d09914c6709ca9c617f0fc3f9eca88d758bdc0ddba2e7,941
calculation_setup/crest/refinement/uracil_ribose/conf5.com,f3a38614a03d2ea4ec13659896398efa7c72b3462febe75a273bd480a6b4acfa,1199
calculation_setup/crest/refinement/uracil_ribose/conf5.xyz,d26b386539f51d42f13b6c8bec1d1331df8d74404591cf239b30ba1a789e8283,938
calculation_setup/crest/refinement/uracil_ribose/dft_seed.com,b8bdd134d4074361f1855b6521780fe6937a75e431c88dbbe4c80ff8b7ef2886,1208
calculation_setup/crest/refinement/uracil_ribose/dft_seed.xyz,84e45d62b236889edd1e76923ddba2e0a2823f98ef0e7d714a647c568b81def5,938
calculation_setup/crest/refinement/uracil_ribose/refinement_manifest.json,9c31ce5c8478907486bba60b018b07e497f122d8c42128360e80cda4a71a73e9,1854
calculation_setup/crest/refinement/uracil_ribose_phosphate/conf1.com,b781cb3bd31e7f25677e2ffc4c01f094faeb72ceb5e8cb8d9cee047befa9f77a,1352
calculation_setup/crest/refinement/uracil_ribose_phosphate/conf1.xyz,c8b6c6f29d380735df9289c20769741d9e51f039b7d8e4651f3db8bd74bee744,1091
calculation_setup/crest/refinement/uracil_ribose_phosphate/conf38.com,4fc8f76458ec6d20ab88f22173c8ae6ec7ef93fff8812546ea599496228f5f42,1353
calculation_setup/crest/refinement/uracil_ribose_phosphate/conf38.xyz,f593865688e3756fce792b619c3f49a4217251c6be4ae34ef8025f05177c0252,1089
calculation_setup/crest/refinement/uracil_ribose_phosphate/conf60.com,cdc5b62f0656f3b49ba70f522e74b4da6926fa5dedd569384545588e7201637e,1347
calculation_setup/crest/refinement/uracil_ribose_phosphate/conf60.xyz,62fb4faa1db39d8f798abc02db1b5161846e30500574597b1643436563298c54,1083
calculation_setup/crest/refinement/uracil_ribose_phosphate/conf65.com,f5b85eb1fc989fdcb5e093a5688579e7af649ea7da449baef955e679bfdfe2ed,1348
calculation_setup/crest/refinement/uracil_ribose_phosphate/conf65.xyz,039909afa41b8b4ae0ecf2fbd36f712982db02a9eef140ed9303b25ba3e755ba,1084
calculation_setup/crest/refinement/uracil_ribose_phosphate/conf68.com,6a7eeb0055042d1a43737fb25de2b79762cdeeac96e26adf56bdcca9c8dc8591,1348
calculation_setup/crest/refinement/uracil_ribose_phosphate/conf68.xyz,3aa24ad466f9d38f80eec391ea30f395c79cbab045b49852929ed58db48710ae,1084
calculation_setup/crest/refinement/uracil_ribose_phosphate/conf7.com,975825dd07e84e7124b7fc298d69dadb1bc63d1191249124c7a557ac21ef17af,1351
calculation_setup/crest/refinement/uracil_ribose_phosphate/conf7.xyz,0e8fdff18fe60b701b83c4daeafa40a20488ee985ee9106c0a0b6ecaef1f750e,1090
calculation_setup/crest/refinement/uracil_ribose_phosphate/dft_seed.com,315f4f2ab5e02dfc3f1a674b3fbc60a35d00155cf1c9df9e77881c5c0c0daf6f,1354
calculation_setup/crest/refinement/uracil_ribose_phosphate/dft_seed.xyz,10d908c0b318a480a5244eb4426df34039606d618bafc3ae9491332123d4d9e2,1084
calculation_setup/crest/refinement/uracil_ribose_phosphate/refinement_manifest.json,8909e22142b3fba74a5d5e40e232e4a24a72b525b21c8aeb0dda3faa0849a01e,2123
calculation_setup/crest/refinement/xanthine/conf1.com,80b10cc88f346e64f23d2f304ac6c9ad444bfb59143b602ef244e8c8d63de572,768
calculation_setup/crest/refinement/xanthine/conf1.xyz,1ccce5f3e89e3e5207150124e2f904395ceed80d175d1f9911ac7459fc55d3ce,507
calculation_setup/crest/refinement/xanthine/dft_seed.com,cffbb9151ab7474d0d3a2c1f52375d4c8fe328fce388f444f59b9bcf6a650130,778
calculation_setup/crest/refinement/xanthine/dft_seed.xyz,332168a72797fb443dac134f944c2d3002d9ce64670501a095779708ce634c0e,508
calculation_setup/crest/refinement/xanthine/refinement_manifest.json,cbad6d6ab4a747d717c6c286a8ff233b32cedab39b4324a17b30d66e9e0696f1,890
calculation_setup/crest/refinement/xanthine_ribose/conf1.com,7794ab8516512386c4077bc633c416bf93138311fab59b797cf64d1127210d0d,1282
calculation_setup/crest/refinement/xanthine_ribose/conf1.xyz,b8ffdaab060ffd812a056932a8b8f84ab0aac2de585a4d9ced6e99795b2a8fe2,1021
calculation_setup/crest/refinement/xanthine_ribose/conf10.com,a1505cbb3c642c3ade65db184ffcf52c8fe4ae032b80f732d8cb7f0eaf2b35b2,1290
calculation_setup/crest/refinement/xanthine_ribose/conf10.xyz,1ecfde25b490688716ec61e185462f90c4c692c9f1c57d201b56948bb219c30e,1026
calculation_setup/crest/refinement/xanthine_ribose/conf12.com,1399f5dc22fa7d557adffabffd7ded74b70f298f5f8939a61141e51372fb0496,1287
calculation_setup/crest/refinement/xanthine_ribose/conf12.xyz,d15b8bc6f7eb276a565262fc4217b5040be5863774429c93290367def7ec0ac7,1023
calculation_setup/crest/refinement/xanthine_ribose/conf2.com,e2e58be082f958af1e52bbf2094db2b7a575e36765439c0008e387cbcd11852a,1285
calculation_setup/crest/refinement/xanthine_ribose/conf2.xyz,2792d21caee7dfb7cdfdbb802db94092cfe21f0e765cbeab348d9b925b64f6db,1024
calculation_setup/crest/refinement/xanthine_ribose/conf7.com,eb689a94bd7070074fbb11eb67fa0fe66f363e9cef532b0ff0ca103bc7827087,1283
calculation_setup/crest/refinement/xanthine_ribose/conf7.xyz,dd80c8937567e2de599f7114ee36f8c2c0f19fc226da2a82cf571026436023f2,1022
calculation_setup/crest/refinement/xanthine_ribose/dft_seed.com,d241fbbaa399b73a984614630a4d17d325ef60028a3f18e5157d758e3d4c7883,1293
calculation_setup/crest/refinement/xanthine_ribose/dft_seed.xyz,06f9eab62c968b90578aeee9f4a8212233fc3442492f12b8343583948fe1cca7,1023
calculation_setup/crest/refinement/xanthine_ribose/refinement_manifest.json,cd601ca235b4f91b0112c6449d4fab54fcabf9733b3051d625b06b182316cce5,1856
calculation_setup/crest/refinement/xanthine_ribose_phosphate/conf1.com,132d2a8b8af220d85939853500066bfb00ae3b8e99b82d58e3a330d4652b6c92,1437
calculation_setup/crest/refinement/xanthine_ribose_phosphate/conf1.xyz,4760d404b9ed990d3107769c24f94bdf1676f71494b588f647bab20116762421,1176
calculation_setup/crest/refinement/xanthine_ribose_phosphate/conf127.com,1b9352e7b8f6d219c957681dd4aff58136cbcae22ba2eef8cd3e7f56cffcb7d2,1448
calculation_setup/crest/refinement/xanthine_ribose_phosphate/conf127.xyz,7fe786e0281356332d2adbfb740d623836450b4904cb26747f0c81acd72f4f81,1181
calculation_setup/crest/refinement/xanthine_ribose_phosphate/conf181.com,889a83078085a87db89d03c9e8360cd97dc06d3f92fd4fcf65060ccf8fafccf1,1447
calculation_setup/crest/refinement/xanthine_ribose_phosphate/conf181.xyz,bb8219b2d8753f680b9fe35d53f208f2caef1380e1abe430069cdd6f6fb12bca,1180
calculation_setup/crest/refinement/xanthine_ribose_phosphate/conf2.com,cea2aef6972ba800546423a089d61e4b673c7af5dcce00a040c89f9035002041,1439
calculation_setup/crest/refinement/xanthine_ribose_phosphate/conf2.xyz,b4bfadefef3ec682dbe385c2e2710dd287b253fbfe34e5af7d4013f8b952c4a6,1178
calculation_setup/crest/refinement/xanthine_ribose_phosphate/conf62.com,290233819229be1dbb8fe5433b10321541f116cde0a7eef687ab1940a916747d,1442
calculation_setup/crest/refinement/xanthine_ribose_phosphate/conf62.xyz,e13c2960b5187333d94fc78f6646cf0f87c9b3af4b7d1c4ce273bcb4c06e7c88,1178
calculation_setup/crest/refinement/xanthine_ribose_phosphate/conf77.com,8e5c0a808bc1fdfccd357dcf79b1e361c17f84d9316f453492a8abe3f25b735b,1440
calculation_setup/crest/refinement/xanthine_ribose_phosphate/conf77.xyz,b8cdca0bf4c123c3ef3b2ea469a14a7208f6a31ca4d3f6f1ba1af14ae25ad7d2,1176
calculation_setup/crest/refinement/xanthine_ribose_phosphate/dft_seed.com,b08e276aa5734398c0ced008a26265a7c76ac4be6f9a27db5ae972e08c87a24a,1447
calculation_setup/crest/refinement/xanthine_ribose_phosphate/dft_seed.xyz,26c940f184324498ef42b05c3e0c4d257a39c63908e4d4ae420c375879cab621,1177
calculation_setup/crest/refinement/xanthine_ribose_phosphate/refinement_manifest.json,e1350a081249db6c7a0efa1abe158c8ca15052cb62b8890a0525bf0ae74b4c0b,2126
calculation_setup/gaussian/jobs/calc_00fe351981635926.com,0b1d245934a1184ff7b9f47bcc2a35d0d7c1db8e5526ee3a3dd444d549e217c2,1462
calculation_setup/gaussian/jobs/calc_0259d469238e98e8.com,7d4c141054c52e112d19e6002d74056e29a5f684135548531571d021d6bd8511,1250
calculation_setup/gaussian/jobs/calc_02f9f94592bb03fd.com,9d8af87626eb50ee06af63fd350e0935310dd5c64df62eb14cdd7c6d6469bf09,1403
calculation_setup/gaussian/jobs/calc_03300c0b6096fdd6.com,6936f903218f1142f17a8bb46f0a9585c1616c4fd95eb16bcb7ed9bbfbd92248,1521
calculation_setup/gaussian/jobs/calc_03cc711480b12784.com,e452ffa6effbcdb1db9985e0e57f17efa653a8e13121f19003ad40758af23307,1246
calculation_setup/gaussian/jobs/calc_03feb996290e8c03.com,9ce9073910a67009d7cd88e0d0567435b2c1b96d51988e0f658b1ca22ea2de37,1400
calculation_setup/gaussian/jobs/calc_046b153e0eea3f99.com,23eb9aa6a8e1ea2ed191b591d5049281fde2ba97eb8d0cd5defd7ee6e1803727,1306
calculation_setup/gaussian/jobs/calc_04f63a231dca7906.com,ddd9ff831aeb62c3dd55bfc997cd9be693d7bc2eaa160f602eb63620d75b0b29,1396
calculation_setup/gaussian/jobs/calc_05feecbff34208d6.com,5fe8ef474b80d012076f30bdb5c183c50e60ad593499a0912d5b424cdebbdecf,1303
calculation_setup/gaussian/jobs/calc_0602b719393bdd60.com,d67ec30a781b4a0d3af9af8d4b9903973163cd06038e7cb508b40f8feaf326e1,1094
calculation_setup/gaussian/jobs/calc_06acefa3904aa477.com,bc01083060ed7865fdf4a5ece43549ee1ee090782c4079d2a667accdf24dedd5,1481
calculation_setup/gaussian/jobs/calc_072513ed48ae23dd.com,a29356b3f5b9ffc807c56cf52170d266825f4a0f8edb1dfac0c547e8ace0eb92,1309
calculation_setup/gaussian/jobs/calc_0766aefcf300dceb.com,88d2e7ed4471957ff6c99e943aa9a2d44d245d0145c98cda4ad95375c7879d1f,1485
calculation_setup/gaussian/jobs/calc_08003ea684cb1bf3.com,0e24343edfd87815548df7b0e06c93dec0a1c189f9728f44d281d6d4b4fe3143,1248
calculation_setup/gaussian/jobs/calc_09eaa4c6091a5f08.com,ad4267a222ee4721172ab50222393fd73eb4000d8957b40efb9e1ccee723f229,1450
calculation_setup/gaussian/jobs/calc_0a6d29f4d7b4ec0e.com,3371cbd9f788965ae2f784463b5391822b8bc2db7eb2d9d22f7c14619dad097b,1337
calculation_setup/gaussian/jobs/calc_0bb453e036a99e18.com,c8b2e35b90e45d9419d13a782525fbd4d8e14a3bd00aca6c793b5343e4c26f60,1277
calculation_setup/gaussian/jobs/calc_0c1c835dc0af3a7d.com,748da358cd4c2f4da23690d887da058435954419613c0a5d663697d68a981706,1365
calculation_setup/gaussian/jobs/calc_0e03544b3f79a3ba.com,2f6f68fdad36170c7461ab24ee9e6648d334214ecc0c8f9f5d64e10658e739ef,1488
calculation_setup/gaussian/jobs/calc_0e4c7aa3a97c6d8c.com,a01762755584f469c16dcffad152a4151b66dbe8de05f97a803a39a24b303409,1272
calculation_setup/gaussian/jobs/calc_0f03edb9079554fe.com,ecc2a68f3fb9323e0aebf7bfc6d2e78c0ddc422656533786da080a2d8b6db134,1396
calculation_setup/gaussian/jobs/calc_0f12ea6b595a93ec.com,b2626d61fde6a0cd34f9712c9b39d30741a12b0d134817430f676d792f2123c0,692
calculation_setup/gaussian/jobs/calc_0fc80346cb0cfb89.com,5e00941d62f5d71862bec2037df295031d4e3435360beb857a5fdc958fa11a13,1273
calculation_setup/gaussian/jobs/calc_10299313568422d2.com,7ca5ede72c3b603fad556af89b6d4fde176cef432272c2ad096f7408801a6be2,1425
calculation_setup/gaussian/jobs/calc_10fd3b6140716fb9.com,027863478cecf5f1996a28b7acad56a900177e3dfa9d674d19c24016a6f18309,1090
calculation_setup/gaussian/jobs/calc_112bc66d606d6fdc.com,110d2bd6de508f57ea27aba6fceb92e58f662cd90d90b288bcd3c5ce9aeed1a2,1086
calculation_setup/gaussian/jobs/calc_122108fdc7a149c8.com,0a8c4495cdf820f8fb6c22d24852f48a480acb8e1414d29d97c065310051266b,1308
calculation_setup/gaussian/jobs/calc_12fd1c0e255a1a86.com,8bd2b6b66ebeae0b8861c6b07f56f4b78d119dde765e0e337366b85afc36b5af,1219
calculation_setup/gaussian/jobs/calc_134efc3e90289083.com,71e348c51b290d52a03b0c4b69f60a529ec003e94225e605c5f3e3f4eb80daba,731
calculation_setup/gaussian/jobs/calc_138e60390940f4b6.com,a541af34d25a23be3b5dcc0c8306b36921cbf798fd6d417c10285536e04f404a,1301
calculation_setup/gaussian/jobs/calc_146ced27141c723d.com,ec07042499ab6f72b86d12dccfa4adf817fcb3998652de851ba77123b8fb74c3,1642
calculation_setup/gaussian/jobs/calc_14dd388accc7bb16.com,ddd6e5092092cbaa510b454ad024d05b5d8e3a393398a2d3c55e2d276648198d,1305
calculation_setup/gaussian/jobs/calc_1632baec8f23be35.com,68a0e407ecf41f5ae7c85cf8ca5b6a54ee47a79648ff09653cc029c3031b55f7,781
calculation_setup/gaussian/jobs/calc_17947d0ee3ed9cdc.com,bf763f0505308370f85d8e76432ba93e78da77a9f1f8b980e62da18ef7e7dafe,1274
calculation_setup/gaussian/jobs/calc_17f23c48dae66527.com,3b3b21c4e8bc11d424f95647620b8477c39f5fc6f1387a120902e7bd3c10fec0,1219
calculation_setup/gaussian/jobs/calc_182828f777a313e5.com,4228977726910f4974b8e450c7e905bd8c110025189d3433cb3724ae6a26a4bd,1364
calculation_setup/gaussian/jobs/calc_18ca89a079eafa81.com,6c852252e8174e31c4ec50bb42b61c4ff2be79dc75039117d98724ba82562f27,1097
calculation_setup/gaussian/jobs/calc_18ea3413065df474.com,24e50d52c4b86f0158d015a2169da85f2c2711e13edb9a374d6acc2a7429af93,1457
calculation_setup/gaussian/jobs/calc_1919781751783109.com,a6e502f7f84ceadf6585ce243b198891dc48c80fc7308773b25f9a716818e51e,1453
calculation_setup/gaussian/jobs/calc_19b94a81657c0b6e.com,fd5c5db0c83da860e19d93ac4fbed9129aa2564b4f65ed9a862f1a7664a86806,1367
calculation_setup/gaussian/jobs/calc_1a56152b6a2152e9.com,fd9c88c34dcf80a90e602bb62b26842d74710462c2ff7b82525d94962fadd7f4,1272
calculation_setup/gaussian/jobs/calc_1aa4f60ffba16a6a.com,86a93207ed600b9eb208e0d213b84151688ad12ae6a9f7b31185fc9a465c3c14,721
calculation_setup/gaussian/jobs/calc_1b1a89f0c87538f8.com,f37c0481d25199130f8f6bb6f5b85a4673cb4e4ab0e1a6c0f31391829e0ad12f,1305
calculation_setup/gaussian/jobs/calc_1b4708cf6ba6ff0e.com,77d635ba4911c534332e2ef93c0c239494ea8f8de65c6b76f25b2d8b96b9ca47,1458
calculation_setup/gaussian/jobs/calc_1b5f66f735355281.com,5c07595df332fc1a7c89a093d05d84623e84f2764f8cdf75ff655c13cacd4a0e,1670
calculation_setup/gaussian/jobs/calc_1b8957e20a266a8b.com,abed5044a408393f3228310c5b8e550f692c3a35827311680c58fe26c06a2db9,1129
calculation_setup/gaussian/jobs/calc_1bbcfea89d162128.com,3704835a14f0a5e5ef288e2f7795078ae473a6d382e30f2228c99e8895d3a0b2,1308
calculation_setup/gaussian/jobs/calc_1c065a2657004bf6.com,4e4a6c22fe219594e61cfd16c729af062964e28380e3400e26df6f8c1b956dac,1240
calculation_setup/gaussian/jobs/calc_1c2488b3474f84f1.com,e228ffe6b71428b2a6de216ffdc6c1949640695fa52f0b2766000e7213fb118d,1482
calculation_setup/gaussian/jobs/calc_1c737c8a2a03ac94.com,47f6aef05c1c74957bfa54473eaf5ff2fdfd88ffc712d68a43568ca28e0c0b3e,1335
calculation_setup/gaussian/jobs/calc_1c7a5355de31f415.com,c36efadf336bf1f1fabd54035f94f04089a8ad5107ea45d6d6ea1849df88752e,787
calculation_setup/gaussian/jobs/calc_1cd6706f093acea4.com,5c1bfdd5b1b61aff83298e921b4bb520002010bae84db5ec136dd05bbaa538ad,1216
calculation_setup/gaussian/jobs/calc_1d0d11d7d1abd4e1.com,1d2b725b429bb15f1b3c8fc7d4e652b3f40e4fd3af3cbcc500cc88dbde91b1f2,1304
calculation_setup/gaussian/jobs/calc_1d541afe25ca995a.com,9c5f34f2c8ff71a423207eca1fc39d7fe15babfea491432218a88aca63b1e0a9,1248
calculation_setup/gaussian/jobs/calc_2037d7c3b7321ddf.com,7c10778a7df9be29e90354b268cf5e566a9a7ed825084ddf67cf0b57594e88aa,1279
calculation_setup/gaussian/jobs/calc_209cce8566547aff.com,939736c532c748e3a2412c01ed2db8f15dc3b6d63334d484c4c0f00ed2f657c9,1582
calculation_setup/gaussian/jobs/calc_20fc3c3d23a5dbe2.com,9ccc3793b058f412423a8310f199ecf91a6a5ff1be5d5e8e331c5d07fa3c093e,1305
calculation_setup/gaussian/jobs/calc_217379cfb9bb4243.com,d4bf3040686d70ea60145a679784f0ef69a1bbe194dfc2046db76fc374d66f1c,1274
calculation_setup/gaussian/jobs/calc_21a856a6d79c22c2.com,901044ac529fca2b2e5a1f4c1bbcdd7b456a53e299e0f670d68c1591e9a34177,1519
calculation_setup/gaussian/jobs/calc_21d1ee35118554b9.com,04a226eefbde9dde456a53d68663766bc06e0b53452990ea1fb5c92c5dd37cc8,1399
calculation_setup/gaussian/jobs/calc_2307812a37c1a853.com,7b8f558f0ee133664ced507c3f99e18bb61ebf40fd3274078bb33406b393f248,1274
calculation_setup/gaussian/jobs/calc_23bc295a9a84aeb9.com,9bfabf7eadd6c3d800c60c5d7c990b4d607bbfaea8043f3f1ce3aecb35afb936,1457
calculation_setup/gaussian/jobs/calc_24debaf35022ea98.com,acacffcf887f7ed51a11680d5c423618a23d2a74037408383acedb60fcd95769,1456
calculation_setup/gaussian/jobs/calc_261fd8f740147344.com,82b2531db8f635a55326d7e5f8e63f6b6e05fc7ad1f228b89aa6d100dd0d9f3b,1457
calculation_setup/gaussian/jobs/calc_26a7190cf8b2597f.com,9260e948737a62e597b615553c1d0a74d749295bb80ee069619be79be82181ff,1459
calculation_setup/gaussian/jobs/calc_26b88aaeca25a46b.com,8807a2f0e1ab64cd8b640d9685d04fec5e069a11a0f0e4154e4130d2ec934cf7,1455
calculation_setup/gaussian/jobs/calc_26db644a050cbc88.com,779aafd765c4768b8554c36a9656fbdfd11ea8eb75a77252c245500c3ae235a9,1242
calculation_setup/gaussian/jobs/calc_26ec58bd7524b4f3.com,959ae4aaf64638956170db9236b049b06a2b1f102a174c92816434ff5aef38c1,1366
calculation_setup/gaussian/jobs/calc_2912cb24b0f8f665.com,2c1d683186fa530afca2e180771fc115636401810e3b5f8a3d3caaa01881ae1c,1361
calculation_setup/gaussian/jobs/calc_2a5469107ea1af99.com,a59d0c0779f6ef0b40db4cbfdba62fb1f472f4743763f065b6aa86baa6d9bd9a,1398
calculation_setup/gaussian/jobs/calc_2ab52de2d0314391.com,a42f1ec00032c7b5480b93fe83dd729d36042d531e0d67f78783029316b36666,1460
calculation_setup/gaussian/jobs/calc_2b7ae9bb53db5d85.com,97148e87065dd1225528dc257579b6e18dac24bc02f51a8cf25189ce2712af9b,1249
calculation_setup/gaussian/jobs/calc_2c5d03c6c8b02656.com,e14081dc7fb23a06c7e62475cc8bf2e047d9cba6c98f27fb035e8055eb1efff3,1277
calculation_setup/gaussian/jobs/calc_2c948d08febcbd06.com,26faaf988a631ac8165c4a29e315d80d28812f24d0186f2274fb9bd543b45efe,1397
calculation_setup/gaussian/jobs/calc_30c04d4de5da70b4.com,b71e8c0b74811dd236af735f09d8a0c019e77227f77224d78be17f4a14aed501,1399
calculation_setup/gaussian/jobs/calc_3100ea350ac9136c.com,29ccb8e32e2379091e3171cafa9eb03ae27e0552ccf020df0e45044b4c9d65cb,1361
calculation_setup/gaussian/jobs/calc_33836914b1f80b7f.com,f07b58eec2bd255ae56605c474bcb187a288cdf8c26604e3477f47864d41d633,1304
calculation_setup/gaussian/jobs/calc_33af2952458f3c63.com,911eeece94a7610f91f6790895456449e9aab2e3ffdf24bee785e9ee263e9bdf,1210
calculation_setup/gaussian/jobs/calc_33f0d89cd9d3b947.com,144cdbe1bd5e325a80f91140dcb640d63f796de6ece824b97949057fe5456b85,1214
calculation_setup/gaussian/jobs/calc_33fca431883e2cd5.com,f0659905c3626e413c0dfc0a4ea5e393ba9290fe6bca1e4380b72ef00cb80aae,788
calculation_setup/gaussian/jobs/calc_34f733f79dbbb4ef.com,bc03745e03defcdae04e0d3b84e6085b85c04d9c54b2a6dc2af69b50e49cd531,1429
calculation_setup/gaussian/jobs/calc_35c16c09bf59768c.com,f2f1bcaafc03f96704b0e42f23f6f00684351f6d324f5f090ae7a3ef03cdfde4,1240
calculation_setup/gaussian/jobs/calc_365dba8199d0b0ba.com,16cce0eb6ce155b6b0467c83b70bdbe1d0f913cb4697ea6e5e96addb08207f75,415
calculation_setup/gaussian/jobs/calc_37224311d98c4c49.com,6234d8a003f26bdaa6e3331253b657b204cfb3702b1b5a791ccc86d5f4294044,809
calculation_setup/gaussian/jobs/calc_37bcfc83bab04f8a.com,f1d7286cbeb219f071854b7c1d08e6ed6a7a55010584e94afd40c1476f960cd2,1242
calculation_setup/gaussian/jobs/calc_39dd26d104c70154.com,b99815cd9464eea8a9011ccb5440994f34a090a84928ed129efc83a6e8274418,1240
calculation_setup/gaussian/jobs/calc_3a261bbad3062bff.com,64e93e574ccc29557186a0b2dab3fca2215c09a222021b3b91afab70b6671afc,599
calculation_setup/gaussian/jobs/calc_3a48ae006fae1bc6.com,f2148d372a4e92834f6013ab5f7b632983aca1d219ea6d15bab51e781f834a73,1247
calculation_setup/gaussian/jobs/calc_3aaca4b39fd0c75b.com,3c1e15d9b8569b65adb7d721958ba41ea45fdf5c0f5f90b9ee970bfb2a2ebe74,1425
calculation_setup/gaussian/jobs/calc_3aad2676410e3727.com,8b8a1aef2115ec4b55a99af6c50906d7de158bec22e73c33f61a40e08395d48f,1490
calculation_setup/gaussian/jobs/calc_3ace63afce64566c.com,4f650bb57743df6968428e53b799bc396dada921d0076692d753673e939be4c0,1397
calculation_setup/gaussian/jobs/calc_3b6d4e4b6795d760.com,ec0ca1d0a14e270c2962a3fcf443797184ecd6c5a04d717b7514737be18ad902,1463
calculation_setup/gaussian/jobs/calc_3b73f2dc785d5acf.com,0fcb583133facfcdb3f049eaf4336b1abea311aeba919f957b47efe766b9afb8,1333
calculation_setup/gaussian/jobs/calc_3c5a4da3a0e261eb.com,372800eac8d9d10e0e1bbba0e9badc2ca434d1ac3a8df8d28874001a48db237d,1241
calculation_setup/gaussian/jobs/calc_3c702ab51f529882.com,c320ac7cc61ed9f67b42e1278f34316da0c87a92226a8d3aea6a28c7b7c63a34,1211
calculation_setup/gaussian/jobs/calc_3d9f45370675f460.com,1da8c5048b739f55caffb2424beba0662dc19094a8427f8dab895cde874bde1e,1247
calculation_setup/gaussian/jobs/calc_3e28efc611b0ffcd.com,09a1a83dd581eeff92fe0e97338b993a7ebf91ff785a5261e5c64527f2245843,1458
calculation_setup/gaussian/jobs/calc_3e42afc65c2111c2.com,deda79e8d10163cbf4b8ac726deb4a32ac2203306e06a9957f1cddaf50dc4415,939
calculation_setup/gaussian/jobs/calc_3f6f1383e4bebc9b.com,d5fecd79ce3fe2c705c7e2c89403b82f1880002c1272be69d212c491db6fd065,1449
calculation_setup/gaussian/jobs/calc_4111d058a9a23ce3.com,e7bda04650d048a856a0b8ec486e76edefa327400a062d2a5f116e800ec1fca3,1364
calculation_setup/gaussian/jobs/calc_41c59badfb206e78.com,48264318257b47dd0d174e8203c58565931cb66067b837b1cac5dafd065c529b,1427
calculation_setup/gaussian/jobs/calc_420b11f0851f386d.com,e4a01949a604495891b810561f0b91b639241a98cd91cb54d4a17ac805e42fcc,1456
calculation_setup/gaussian/jobs/calc_4331c3dcbcea9fae.com,6d7a9e127a1485c77b865719942841dfc2d622557e927602d3ccfbb0a46188b1,1516
calculation_setup/gaussian/jobs/calc_43c0069d4d54a62f.com,a4c4676945a759ce7c14218e05ad3522de04189d39aa5361e678ab15e6b0d930,1248
calculation_setup/gaussian/jobs/calc_45f8dcda8b5e8f3a.com,c1ed99c8e85321c0af1c7956e08360435fa7d83e88a99a0354c2cca240941ad3,1212
calculation_setup/gaussian/jobs/calc_4608e43cdd64d9f0.com,92a0f6093e1053aab671d5132eebe8f2ae2a9c5d903f35900aee273aee202427,1489
calculation_setup/gaussian/jobs/calc_461032b033f7667d.com,b9b78c76e2f1b517c1564d6bf67fb2372b80d1cd4b07c21cca8aa7bac5ab9ff1,1458
calculation_setup/gaussian/jobs/calc_462b23efdd473dfd.com,dd1eb36ed5e61c17036540066ddab79433b7427f6f0a9437b2555a24a71c7f52,1392
calculation_setup/gaussian/jobs/calc_46cd4512cd3591cc.com,2b5abd768127c6dba11493cf88b8830c62afffa83c1c977d61d6c4763ef44046,1248
calculation_setup/gaussian/jobs/calc_47c87a5e95e3b02e.com,05dca9bc937d7be84a1cdbf6a42ddb81ddce0518d8a8a037e9ede6c960ac9c99,1305
calculation_setup/gaussian/jobs/calc_4823804aba3def82.com,6907933fcd13f0f60cce0318a51abb5f88e85955553c06621f95aac469d8924e,1218
calculation_setup/gaussian/jobs/calc_49089228618d7685.com,3cf30a5b961ab7bfe32eef2cbaeac277229fa08119c418faadbd6f74bcbf7413,1304
calculation_setup/gaussian/jobs/calc_4964087490e41f55.com,a864691d46a8401548ca308b6b81bdb1fbdb51ac6d6bf62f783a57440a39cf6b,1280
calculation_setup/gaussian/jobs/calc_497a0b04503b1b8b.com,13cbf1a72902b980767b3bef08826d0d996667d070605980591a1778b9e45668,1216
calculation_setup/gaussian/jobs/calc_4988b19d69c57b7e.com,3eacc957f8be4ef1836033e8b7c010ceb695b8d5d4c90c010f0b501177d3a8d0,1643
calculation_setup/gaussian/jobs/calc_4a029c633b392b69.com,7855671f23d24868a672241ade1900e7e4cbfd6ddb61f0464dffcec9b85a6ead,1307
calculation_setup/gaussian/jobs/calc_4a92c714ea7f5fc6.com,f268d44e8b8eddcd7f1eda690b2890e01d12885f09b046a4f1b0c05482c5baa9,1455
calculation_setup/gaussian/jobs/calc_4ad91875079a2fad.com,9e21f63ff9ec0f0d22d2d6a76aa5864b9eba3059fd5c9819f5680992d11007ba,791
calculation_setup/gaussian/jobs/calc_4b4dd9bef7f20064.com,f6940a78e761b3dd3d710b876ff43cf69a54ae3fa9688feb4483846d3e285c53,727
calculation_setup/gaussian/jobs/calc_4e2e0861eea37088.com,546ef99efdb2c158813f2ce06dc48e9f01840a41514bef5c77fbcb393803d00e,814
calculation_setup/gaussian/jobs/calc_4f5a7381e2b6ded5.com,364514c2790428f6b542cfaa4ab4ed04d267559967965ad1fb32a339585c3239,1247
calculation_setup/gaussian/jobs/calc_5001a71b0242aa1f.com,9282754c35d9c2c76444bb7e2926620a57e5891f6126d4ecf56df896b045ac44,1488
calculation_setup/gaussian/jobs/calc_5025a3e61a678561.com,6dfab5d1a3c1e831f304fd8721710042f2890e787fd564b009bb7098f475a934,1393
calculation_setup/gaussian/jobs/calc_50e8f8d4f07f014c.com,08f66d9cbff60434738f4418e498317e37a3825c3349bee78c03efab37da7620,1307
calculation_setup/gaussian/jobs/calc_51a7a22d7dc9dab4.com,f1ab0db04769a2109d4c7ec0d6e4f2f4e5b84f3df77f15cbbd7f9839c730f1d4,689
calculation_setup/gaussian/jobs/calc_51c2f3ea6aae4f49.com,83a98eb558d2f264980437e8b9d63b3e1598ad77443692185867ef55e623c2c0,694
calculation_setup/gaussian/jobs/calc_52957a55359e7d7e.com,2df90c0c1799c6a99113f5d66c49963f012536f0f2780877d5c2ad7baa92c2dc,1457
calculation_setup/gaussian/jobs/calc_52d11e5c99c1522e.com,dddd0f8169d65c86665f8079b75e2f51374a9849b34b40520a1e736ece57d16e,1451
calculation_setup/gaussian/jobs/calc_53d55d25faa7cb2a.com,ff147322fad04549c47ab42796bf9488fd5840125d57a80e48d5e22280d84a37,1212
calculation_setup/gaussian/jobs/calc_54a013183407b3a3.com,8ebfcd6d16af9e4b55e1d41d7a0aa3429e2b65960434b9b3fb8ac86c290a1501,818
calculation_setup/gaussian/jobs/calc_553141f295b4c8a1.com,ad1cae68fc5205f4cc2a095023509b73854b0491e6c9eb31d2f2a02c007d3626,1451
calculation_setup/gaussian/jobs/calc_557d5df31f5d3868.com,229627f1adf930c41c34165b755c68a5b0c62dbe94f37a076ca7b7bdfa5b98d6,788
calculation_setup/gaussian/jobs/calc_55fb7f63499d156e.com,e5ca140676f6c9a1d80cba34a25d864c4bc268693b37389df211339a6e4567c5,1247
calculation_setup/gaussian/jobs/calc_565406d4de58dfbc.com,3baf2f921cf546857a9fd1cec55af856ca1a53aa60ec659ec8c1aeccd1889223,1461
calculation_setup/gaussian/jobs/calc_5687d6eeed8d267c.com,37c419a8c1be4ef63054e26f807de2b9d7e9160eb6aabd17fb6098ab6c42317d,723
calculation_setup/gaussian/jobs/calc_579b225d5746d6f9.com,b4a33a57128207c9cad0459ff4d77def61c1d308fdc0d9e8d81fc92cb68f710d,790
calculation_setup/gaussian/jobs/calc_58f0b426ad841540.com,4c1cb952350e7a977fda6ee298f5a9bd5e09df3fb6eefe64811922bb8ce106b7,1451
calculation_setup/gaussian/jobs/calc_591f499b8d1ae2c9.com,6c12ecba3f4564c2d4858dffab5494886d3a85c6b2bf1d473f3b51f483fc3da0,1244
calculation_setup/gaussian/jobs/calc_59a42f27feac7e7c.com,0c425006b583b9995f6f87881e4f995c7d7280e2d918875b5f6ab7fad47c9426,1213
calculation_setup/gaussian/jobs/calc_59c363ed4bc285ea.com,26d4cb1d4ef1c2caf2b281e9c55dde3f92ef4b85a42c6834a902224c5626bf0e,1481
calculation_setup/gaussian/jobs/calc_5beadd79f0a9afce.com,47508ac44cd008ab2808ccc4d1e5673a1f033ad63a08646c8886f8a7951ea33d,1335
calculation_setup/gaussian/jobs/calc_5cbeee002649ab4c.com,823181e1837ecb0d289ebaef3925fcb3bf191530ca3ded18b8ad100bc30fc17d,1486
calculation_setup/gaussian/jobs/calc_5cf0c9816a5806dc.com,be38cc5b3caa152937a9a8e9a49004100bf0799e3f066ab77142b277031b6d88,1459
calculation_setup/gaussian/jobs/calc_5d2fa492b1a489f7.com,c9e5fbe57c3117f451343b7b95bad963bfdb33a08d722525977739512b51213a,1363
calculation_setup/gaussian/jobs/calc_5d6f1ccd891cafde.com,1fc403815ffbb415edc144e7c6809ff9bf11cb55cebe71e2dd5ef4374f6b7c34,726
calculation_setup/gaussian/jobs/calc_5ee54d8eac1aceed.com,f524b200b2f623eaf608f45d2f30ffed3324881ac03e3f9a282063fce2a29029,1457
calculation_setup/gaussian/jobs/calc_5f8c85709d717bdd.com,369925ae5d8db4e30e1b67314080e5f76f441b2c23d62820c8a63da1ed648f58,1304
calculation_setup/gaussian/jobs/calc_60130b56d282be66.com,3df9037ab592afb81468ead3e054f9cd36c41d8b4490b71542164e0dfdbb7b4e,1332
calculation_setup/gaussian/jobs/calc_609245ac8ac7d69b.com,a587648cbff8a157fdd40aa64efe770b47d3caa9dbf3833198b4ca33eb4e5733,939
calculation_setup/gaussian/jobs/calc_62672a6146a08e14.com,01621ae8d25044eba4ddb9a1a7c13912d86cd8686b4ec38c658b85022eb00bc1,1458
calculation_setup/gaussian/jobs/calc_6323fbb0eead07d5.com,7f5e4d2295c014942681bc1b88377d5f4fe89a12bb7ef46142db62b880ea0792,698
calculation_setup/gaussian/jobs/calc_632812ab1f35c957.com,81320ede1c116b16e338d9621d8857ee7c78923fc3ebc004ece406f92423be5a,725
calculation_setup/gaussian/jobs/calc_632ac16308aa7835.com,ce9811f33f289546d94cc9ee43427d7e62d65dd56c80f52a4a3e7296f9b0e968,1240
calculation_setup/gaussian/jobs/calc_63adf8eb5d64e352.com,c1426ecc2431258f8c2092e291efd36bce5dad992a8ac8cf943d03dacb30c873,1247
calculation_setup/gaussian/jobs/calc_63f8b75b8679c7a5.com,04ac59f947b17bfb30800c7c276c0de6bf3a19396e77acfb6f40393fae4d5c5e,1398
calculation_setup/gaussian/jobs/calc_64bda940952af5ef.com,88fcc00095c80b105eef142dfaf9ff466d8579187ba37bf8bee55e38d6b42a45,1298
calculation_setup/gaussian/jobs/calc_655ec0f917222576.com,35b3fc8fa0038db29639371d1c5bf1406b8716859914606dd291d4bf5c2aa159,1211
calculation_setup/gaussian/jobs/calc_65dc9944805d507f.com,67d73e427e121edd04caa7d714f5f7e40975cf2a04f205131d45124dbdfb55ad,1364
calculation_setup/gaussian/jobs/calc_65ed7cea79d02289.com,62c8c545d2dd04f1118135cfe0697456b6d540fb7b60cde031bef4b1dffabb38,1452
calculation_setup/gaussian/jobs/calc_663fec4b0d648b83.com,ae6cd1dbf856bebb67a00c0543f08ecf1b5f413e7c7cb7d86fc7a54dd9692b6f,1394
calculation_setup/gaussian/jobs/calc_67c0ccd51ab4dd66.com,97da77461f762ea7e35e8d2568282c8b4d2aa3ffbbe521be7530995465e60f62,1125
calculation_setup/gaussian/jobs/calc_67ddb66290e3abfb.com,4c5ca00a4c3b17a7a91154b0f41addb5763435969d75cb55dc8e9ecaf6ed48df,693
calculation_setup/gaussian/jobs/calc_67f510584130e945.com,bf20dfec1108915b720879ac5386b4d54becc61eff70ddc13eeef8269e0f0ad7,1429
calculation_setup/gaussian/jobs/calc_6860d94188298203.com,7187f1e720cb1aec7da294103a87df784bdbf2386399f2f009d268bcec05e51d,1301
calculation_setup/gaussian/jobs/calc_6893b0227250c583.com,68e30c74da54a438834dc6942673e533c27cf3df8818b971f716e8dc3f358e20,1339
calculation_setup/gaussian/jobs/calc_68badf35c7cc9a8a.com,2365cc58b1f729be2e7c6fb3c5d68d4bc20b8326c29ff3797b0a4e361107a426,1213
calculation_setup/gaussian/jobs/calc_68dce74d32dbd762.com,c39e0c92a54f6b4c27de500b20a840bab815546237fc16c252c877842477958a,1120
calculation_setup/gaussian/jobs/calc_68f76f635567b570.com,64966f6cf1a6b4ce08d9b508161c21725c5affac8569faa236045404f2af4b4e,1309
calculation_setup/gaussian/jobs/calc_699eb456c0bcee04.com,7f0b9f05d53a0228b724d38d03a38736733b9456d9cbc3837bf6b5ebfc5d33e9,1304
calculation_setup/gaussian/jobs/calc_6d1bb725183be428.com,84b4943f9861f9362a51f55865028326b2dc8190846ef09e321463d8ef8635d9,1391
calculation_setup/gaussian/jobs/calc_6d597551171e62f1.com,4bbbb3df68c77dadbf63d1cc6884e60b2ad696e35e11d2a8d0dea4afc9bf00b4,1220
calculation_setup/gaussian/jobs/calc_6dd25721f53cee2e.com,f64682f8981fca204899de3bc8f33c65b1aa4e4d83e206208408eb759bd3c8c3,1269
calculation_setup/gaussian/jobs/calc_6e5426e1ce41021c.com,23c42b2792291ecc7c2db3d3b47b2c9b9797909fa41c199f39f96905dc12c0ac,783
calculation_setup/gaussian/jobs/calc_6e9313e7d80730f3.com,b0f1325088fc6efdc0d11131d97bdd0181ed0bbae836a720c0593ab77282a15f,605
calculation_setup/gaussian/jobs/calc_6f3fadf98efb8443.com,2979a20edbac96f45fe15e549b88345975eb6426e743b81aa48cdab9db75bcae,1492
calculation_setup/gaussian/jobs/calc_6f45fb9022587d2a.com,a2b80b34c6053edc3b82ebd7be33081d1e1ecdfae0f9fe001f7fea04694d003b,417
calculation_setup/gaussian/jobs/calc_6f84473072d9c8e9.com,6e90b9ed6bf5ded0b2afe29ee582253b371c8c168897eb4a0bebfbc1f46e7f36,1518
calculation_setup/gaussian/jobs/calc_6f912d137c0aee92.com,39e1534ff9ed834b7423031cc204b8c0691bac20583e7aea510fb66a63ba75f2,1398
calculation_setup/gaussian/jobs/calc_706acf64f1683d4e.com,03c761dec843d1812631f9d3b94e154a819eda87c637f04f73f8437b7e7e77e5,1424
calculation_setup/gaussian/jobs/calc_70a1afe23b704cc1.com,d8131c4930e8675306e1f7efc8d83eb2869382b321444449d1497ac1a21735eb,1246
calculation_setup/gaussian/jobs/calc_70d17d7b51860fde.com,2a8ccb3a84d31c5e9a7e6f292919b9a1913bf30ca80063b14575f01b4183ab0f,572
calculation_setup/gaussian/jobs/calc_70f6acb805d3c805.com,d7787cabfbf94261dc8be5949c3fddf4134d1daf215fe248d248fbdbfa67f70c,1268
calculation_setup/gaussian/jobs/calc_715864eb4f63358d.com,f7eb89da6c1a9c18d67cf8d0362b9c73e796d8828c99b5f293578c41b56f99f1,1304
calculation_setup/gaussian/jobs/calc_71e4fd9c80d17df9.com,639ca5cc9778a920de089fda038b16f3fc92091961cb8e4b44b8b1f64f3190d3,1362
calculation_setup/gaussian/jobs/calc_725de4a7fb1a69d0.com,db6cb89e12997a8fadf5a711ee5311fd0b36cd921bcd1a6d338ae7605a259d94,940
calculation_setup/gaussian/jobs/calc_72bf1dd411b42985.com,e25835653e521db1795ad60a065edcde1dc753c45a01d88046200c2737c347c6,787
calculation_setup/gaussian/jobs/calc_72d490ce35cc1dce.com,495bb21b337aac7e4687fb7648ee28fb7ce4aee2677c5fe19be4e16f4dddd5bf,1457
calculation_setup/gaussian/jobs/calc_73513eb6dbf3d59a.com,eac188021f2848443bb11c1cde4ef471825cdf177cca184010e597aaf70d6267,933
calculation_setup/gaussian/jobs/calc_73ec8ea041c3fef0.com,890ab3c86e5ae5eff442f14aa244485029f7531c9e78e30fd97e9363771a5112,1394
calculation_setup/gaussian/jobs/calc_7415e77ee687e04b.com,552e9861c66f83f37ec2b7a08ac7f7946653214e56ce4717a2945fc20d14ead9,1270
calculation_setup/gaussian/jobs/calc_7474c1645ee48f37.com,f0cb01fe929d877bba94627040aa0f4da1f6d277e4736cdc13cd57180d54f0eb,1459
calculation_setup/gaussian/jobs/calc_7521e24e6129e1a8.com,a490ef6a4e719230e8354fd8e373daa0caa61e8068cc9a7f458ebf9c52c2b634,1305
calculation_setup/gaussian/jobs/calc_754078939221572d.com,e9bfa74dc537d58679b52d72e69c9dd6a321941dfbf844acbdf0b82a524f71f5,783
calculation_setup/gaussian/jobs/calc_76b5542ff380a349.com,fa1414b33275b5a5b38c57098744a7face2ce258a432329f1282b6511b9e87f4,1302
calculation_setup/gaussian/jobs/calc_77e99c7202c577c8.com,dea5d6a7230a2344538c5c6e7170e491758b85687f107a631bac38493f94c945,1276
calculation_setup/gaussian/jobs/calc_78af7694df9bfb2e.com,4c72420499e8a2e6a64dddc67c71deb8c50e5e82fe2e6539392e736106d89af3,1306
calculation_setup/gaussian/jobs/calc_78f81024d1ff47cb.com,c4b47010012bd812f125d881b1e6358948b4e793e7602929cc28890884183a42,1483
calculation_setup/gaussian/jobs/calc_78fe08a98c3fcc8b.com,30d45c7a4555d4d0b297241175c49a9f298f4a532f893c8c23962efbcd2717d9,1393
calculation_setup/gaussian/jobs/calc_7962b097f9b3988b.com,4b264af18487f17945ca74d1f44efd9ba045de4d11c8d682ece83e61067ded11,1240
calculation_setup/gaussian/jobs/calc_7973bf39cf426fad.com,67b0c1373e3e84b1f68503a8c612a436c7eaa3e3f7bafc4584ca536e19a58253,1330
calculation_setup/gaussian/jobs/calc_7a8ceeb16edf502a.com,8db72cb8ab0c17146169728be1544f398935dc9dcc85eb07d22fa7ae7c79c443,1453
calculation_setup/gaussian/jobs/calc_7a99d9d504f0f29b.com,eceb2dc6a734843cf9beb807214aa999dd37e27b561137a81256ddd27bee4a6a,1337
calculation_setup/gaussian/jobs/calc_7c714d94b6d3f498.com,3515e6d72dde9990b2ee4600f4f4241e20a28ef42da130c3c6290be685a224bc,1396
calculation_setup/gaussian/jobs/calc_7cd543fe94878ff7.com,7d78574bf72e1886368b6376e844c96ac35f0a46b66e2f20930e1d0ac80f79cb,1483
calculation_setup/gaussian/jobs/calc_7cf045fba1ceadc6.com,c98ed0136ad0f76647a862f9b4eaab16d20925c00c804b47881cb7d4d7345fa4,1332
calculation_setup/gaussian/jobs/calc_7de52b9db685b71c.com,76400498d7e937e33ccdc220a45de1f3b841c024336041397c5ce1764810c3ec,1397
calculation_setup/gaussian/jobs/calc_7f0e4ef6f3f32803.com,71183695a675d463790e85910ba4ce6ce7d2afe4592384603019d63709c1c800,1310
calculation_setup/gaussian/jobs/calc_8109f6c7007fd17d.com,846940b02522199ec5f66d913caf2df96b42ddc34f7de468662859f73cb9f8c9,812
calculation_setup/gaussian/jobs/calc_81d6cb24819ff295.com,30eb91c3db1bec13f5e581c7d99fe4a5cd3a6109c8144e53da09da90451b384f,1302
calculation_setup/gaussian/jobs/calc_830a46d1ab2d89b1.com,0b022f0b0674daa8f6ff6654e82403cb56e9fb345a993701bf169d7f6de991ee,1242
calculation_setup/gaussian/jobs/calc_836ae49f6e3efb58.com,a018af271efc2460e714963f56bdb8854a5ddc2e84a3d1c5dc634da062c3f75d,780
calculation_setup/gaussian/jobs/calc_83ba274204495cdc.com,f2f2286a0187b8fda650059d094e78287becbdb1640947ee0d67fcd8d22972c7,728
calculation_setup/gaussian/jobs/calc_83f2523565472fb4.com,05c649645563f0ccaf8348bcf6242de018cc47e72ad217b9c2f0739091807df1,1272
calculation_setup/gaussian/jobs/calc_854cd91e3e0b7b7d.com,8159c4aa828c7a855ab553b242f11ede1de618a79c1a9435f084c4c03840a9b3,1240
calculation_setup/gaussian/jobs/calc_8562808cff7d009e.com,7ff10cb37ed554b2662ac54c6a81cff73e9ecdbb9db50c573c5e03128cfaa2d6,1454
calculation_setup/gaussian/jobs/calc_85d48d473e5d49cf.com,895925ea1807210eca2ba4447bdd68c00f7e4f65af2adb6c1c2f0a54914ca738,1393
calculation_setup/gaussian/jobs/calc_8626fbd01c1c40ed.com,0df12250b22fdc9efa8f3ddae0c48fd1fbc9cb6eef9d3f47555d68ea4b43c368,814
calculation_setup/gaussian/jobs/calc_86aab83ecc0914ce.com,b7357ec1408e1f11f6de7f572e45974497cff3996a854d988aac7646b109aad9,604
calculation_setup/gaussian/jobs/calc_8855818933fb6b34.com,06cf0e19de344aa0605c6f2203c7b1ac3e5d24d8bd5ab869be799d7c996a2f40,1399
calculation_setup/gaussian/jobs/calc_895de7d89606a543.com,a9079e723f0768d7c9d7127ac3227787e13e68dacd1433b37bb3b545f72cddc8,1118
calculation_setup/gaussian/jobs/calc_89719a80c1568a7a.com,e74066400c0c513479abbed31aaccdf4d8c2bda82ae08a9acae7fd167b7c0a15,1239
calculation_setup/gaussian/jobs/calc_898ca1c71f1e1d6d.com,76b664d23075643f380e0be88bfb791fd1b21d0690d782aa72883c1fb1060efe,1451
calculation_setup/gaussian/jobs/calc_89d5b7ad758f6bc5.com,610318f113c95a6735bab8ec4e7259fd466b621a8e75fb1b230e5a5a76b389b9,1461
calculation_setup/gaussian/jobs/calc_8b99c043436f854f.com,30e39ac9c7a26a434ff82dd31d1a4b1828f2296f55e27a914a33b1253428d4c2,1460
calculation_setup/gaussian/jobs/calc_8d8e4f819cf4d5b8.com,0ff460001eda6cec31647f8f0d1bce9db9c9ed04dfcdf2db2e4bb6c2ae2b6e94,1452
calculation_setup/gaussian/jobs/calc_8e95f1e00b2a7294.com,06273ccd9c6a6b024541ce4f201447c8c03eca9acadcd86cceac95bf13384887,1457
calculation_setup/gaussian/jobs/calc_8efe3a51a5020e3f.com,0c3d3d7010f1a356a581fab0df5c3240ee1081a8370b8525dc1a730959deebf6,1460
calculation_setup/gaussian/jobs/calc_8fa808175767f388.com,a9e079e2d344bd26f6803f1dab219266be06ed8c09f632cd03b6538645b872c5,1276
calculation_setup/gaussian/jobs/calc_8fff6d635cf75f67.com,3c3aceb12afff846cf4de0b5859b1df5d3a976a39407ae8a3396efdb3c434de8,1309
calculation_setup/gaussian/jobs/calc_907a99946fc5539a.com,b8c2f7630e639b3362b94ac88eb0cb1693c4b3572856a79eb6f86a9865715914,1367
calculation_setup/gaussian/jobs/calc_91cbaa5a06790e92.com,9118c93b0c3dbd352aaa62d1fa076282e925348f5b0add9b692474a41340cf6e,790
calculation_setup/gaussian/jobs/calc_9245a11b85b2f147.com,57f9169261ee1e51b90f273b231a62858293f629e2fbc2bff06517ae54b2e2d1,574
calculation_setup/gaussian/jobs/calc_9321e946d318e261.com,1f98ca7f00cf8bdd7a586ecf4fe862d5f45245cf992e8e85a2e5aa3c889423ef,1459
calculation_setup/gaussian/jobs/calc_9518692843c4482d.com,561750bf09e9b2fe83e7bb4ac6bc3a22608bb7eefd1969455d84fccab6d8e29d,1368
calculation_setup/gaussian/jobs/calc_952ceee5ea63c11f.com,6e1df6422945edcc6427a100533626540804aca9d252b9eb5b88740d963f0811,1301
calculation_setup/gaussian/jobs/calc_955b807ebfbecf12.com,6d34850384bdd79f6b47abd93a88fd7befb98ff56b4256496469a66c59e05cd0,1479
calculation_setup/gaussian/jobs/calc_9649b970f6180fd9.com,61a41740c9835985f484b61987da229845f6ff0b3cef7db7f25ced41f891294c,779
calculation_setup/gaussian/jobs/calc_96a5f9226f958845.com,33423355f911b692f775787a28d19159429aab2e7575f664da4cc4039d3992d9,1455
calculation_setup/gaussian/jobs/calc_96d8ce6176ad9624.com,d36d52ae13f1906755afe41db253b1a79332250523e8b59d6fe71a64479bd425,1365
calculation_setup/gaussian/jobs/calc_99e961bc99a08e31.com,201de79407438a9c9cc364038215200d145c2da82cd419a3d850a6ba1e14b5b1,754
calculation_setup/gaussian/jobs/calc_9b9694792829334f.com,2b7d627934de3e83fb9f3860c5206a973a590e1cb04d74474439877c66bb8113,1397
calculation_setup/gaussian/jobs/calc_9db5e2d5ecb9c3a8.com,912185477a5cba62ffa34c10f7f0bbdd732681c61a30cb391e31ec1c7ac35787,1451
calculation_setup/gaussian/jobs/calc_9dfea3050c510391.com,e5b1cc1cc1431bc78a2ffec023b89c7a43ef611eb97f24fe63b3bf51c3e9b77b,1457
calculation_setup/gaussian/jobs/calc_9e9d5987647e1684.com,a625144d97dec485228486e4a1dd00217b2b7c3ff411c6a4365df452f3a9cdb0,1668
calculation_setup/gaussian/jobs/calc_9f2bdd9c41fe820c.com,18183e8b835be54cb179001f5b894a8367effe3dfa65e8c1d879b2ee66cfae83,1397
calculation_setup/gaussian/jobs/calc_9f3d4bba17d5da13.com,a0965a4676421d07747f96b3e53ce9ade3749e3815ef4cb3304e0ad9d061e0d2,1272
calculation_setup/gaussian/jobs/calc_9fa1ea43e6160877.com,9b6d71f9dd201c502a67ad611c8110f386d854397cd35cc3b5981cf982f05056,1239
calculation_setup/gaussian/jobs/calc_a086cbecc4a79b9a.com,5e6bfcd67939af3a046cc84175b6ef7f62fb09b52a70e56cb231edff22002157,1220
calculation_setup/gaussian/jobs/calc_a091e116d6de97ca.com,f5340d2c87b1755158649f686ee8a4dec1cf5cc1077141446d6076dd7eba6ed2,816
calculation_setup/gaussian/jobs/calc_a095de9d688069e4.com,338c62a1e1846de579a12f88935740dddbf203726f626159ec0624ac07c1bfbc,1301
calculation_setup/gaussian/jobs/calc_a11e13b4f9762b56.com,f60c04052bd884c7a1e512dd1b90175d3974ab2a50c411799f1c95236d832a09,1242
calculation_setup/gaussian/jobs/calc_a213de3c3663f8eb.com,2acd56380d4d3fc672d04ffe9fd40c6d707f4a94e1c54312177343e3e063d15e,1487
calculation_setup/gaussian/jobs/calc_a2a94330789aa392.com,6802930af5f9d302189fa5367fad84f62801429df0d67cfd81a024aa513fde7a,1368
calculation_setup/gaussian/jobs/calc_a2c73d7b05c86175.com,02e13588090734686eaf4cc0e5a614139c3a73531a3148fc940ff4d0d2ad24fa,1392
calculation_setup/gaussian/jobs/calc_a384fef795f11182.com,607b5623f41a0418e11bbad9df5564dcea2d3cc46edb4315ad8f4a0e879b569f,1393
calculation_setup/gaussian/jobs/calc_a3a7174101acabd5.com,7808f071ed8d77fc155a701e82b46d52b0da4d7ab935cd4819c96bcb279e9bc6,1520
calculation_setup/gaussian/jobs/calc_a499d55cf25108dc.com,99ae6619a925eee662a09d3248a3e9d8bf74e9e769da1289808db1f499dc3c53,1455
calculation_setup/gaussian/jobs/calc_a647c5dbb36970fe.com,1d0e390ebe5729bf9b5f723e6e6c9882aa07930f478c6edbd75e0df0b87688fe,570
calculation_setup/gaussian/jobs/calc_a7a48aa5ca50823a.com,1120339d738f99ed830a72307e6d46bc3633817ad3b231a742bdcfb39a12b3bf,1422
calculation_setup/gaussian/jobs/calc_a821ef954e5ab9d9.com,169db2fa044ce8a0168388846343c7b6390574a001021d73c19054721e0d2b2b,1633
calculation_setup/gaussian/jobs/calc_a8a11457d80de557.com,8a4f38faab4e54e3e1c392f486ecc9e68d1c1d937980a781527a0f59e9b3cca7,818
calculation_setup/gaussian/jobs/calc_a8abcfd149ab95f0.com,4458ba94e4096d699c1ed86d816f0ac593be54f77ad56844a7d69955d0a8afb2,1461
calculation_setup/gaussian/jobs/calc_a8e58f4adf82e438.com,ebac259b99b59e73b05c20cf8ac309a422cbe03c95ced7c5cbf1d713f78d535b,1402
calculation_setup/gaussian/jobs/calc_aa14d9bca0bb84b5.com,47685f0840890051507efdb76e761dfef293b6f351ec14a0b974eaed3f3a8251,1275
calculation_setup/gaussian/jobs/calc_aa1e3a3c4d6e08d2.com,2ab0cfca3c5840f335713b2234c125df14aa2fed9c796175f9d4773dd703f647,1489
calculation_setup/gaussian/jobs/calc_aa4f8869f52bb371.com,c8a3af2915adfeaf7848dd8b895986ada83fa4b1dae207820cb11ef23b6e99d9,784
calculation_setup/gaussian/jobs/calc_ab502b59d8237787.com,6b8d4517bb5221aa7ecee002bb9fa953a1a3e5e092de1ce16b71a0e7d28009d5,1367
calculation_setup/gaussian/jobs/calc_abc6a46c4791a92c.com,50d48a537b214c7681dc89574d18ad4fe704a23f72312b132528ed679a941fd7,1456
calculation_setup/gaussian/jobs/calc_ac00febe62a28d25.com,41c5b5c5cdd6420f7b764545b6ca4f4d75a039d8adae65d34dbdbbf49f1312f6,1297
calculation_setup/gaussian/jobs/calc_ae555f8cd58c2f4a.com,d126cc1002a21f36e428532e0baa44ab5e31fe530f0a7f6d5dec555e3b23dada,1216
calculation_setup/gaussian/jobs/calc_ae92928552ba62b6.com,502b9bc6d8e309c9da046eb6e78182162f8ebb3fe45d934664e8f5ef0b08d5f4,1462
calculation_setup/gaussian/jobs/calc_ae9385daab161c6f.com,07a5962d641e0fbd4a990a2717e58dc0c028657629b43576e5ca754d45dc8f4d,1358
calculation_setup/gaussian/jobs/calc_aedaa4b1b97764b6.com,d28aaa246dfe3e69fde84cb2dd721078eddece3a65219399771a32aa98f2bb37,1483
calculation_setup/gaussian/jobs/calc_aeeeac4065bcb109.com,f928eaa54d4d81d8b8c58d58801d37f370753bc144b6e968898649ab20a3e7f9,1457
calculation_setup/gaussian/jobs/calc_af642e8b0aa1e185.com,a25e1d836c2183338967919845f1dceeeb6109ad7b656250222d24b1e62327f7,1210
calculation_setup/gaussian/jobs/calc_b246a77642599b0d.com,c674a370dc71b219b275d145a15c5dde6d46dcd57b70941c3ba4a74e84d430a8,1449
calculation_setup/gaussian/jobs/calc_b2b0d02a6d2c305f.com,d80a63c2dac81b19d5e5ce5abbc1fcad1d9f197441bffd452fa7c92dbaf3792b,1488
calculation_setup/gaussian/jobs/calc_b3045d11afbaa902.com,056a0de73446586a979e37a0c2178c30c054869da53c66670733c84379d5f982,1400
calculation_setup/gaussian/jobs/calc_b3206e392651470f.com,b0618f08f19109487662000e397f625647ad798dcdf52d808149a2687b9a0ba4,1249
calculation_setup/gaussian/jobs/calc_b413c7581f9964a2.com,339923c70097e5b88c0f5c5c27b537e583b34afeecbd7b5ceb8c9629beba1846,1395
calculation_setup/gaussian/jobs/calc_b4571a7fcbb4cd5c.com,9895bcdc44ae65e7356c763ba7f2779a15df8dde26b30e837793ac7bb89a7b85,1391
calculation_setup/gaussian/jobs/calc_b5998c8a957d090b.com,06e3692685db4a71e41ed33d3fcb6eb5eb3992e8c1b461c475e0a5bfd15ad9f2,1395
calculation_setup/gaussian/jobs/calc_b64d0bf85e13c1e7.com,9003d4ab13ed8f63384bb4ea89814eb53bf8554b14f7d68a6352dcf048f6f023,1308
calculation_setup/gaussian/jobs/calc_b64e41e8c31af266.com,da37d9963533b633481badf9592523afa38a395014d5842e35faa7e1ef7faa1d,848
calculation_setup/gaussian/jobs/calc_b6fd2723cc6199ee.com,c3107c32cf758606fe39676308f1b1772cc46175eaa145066928d7e1d9633cdb,1092
calculation_setup/gaussian/jobs/calc_b7ae25f6b23f4352.com,1017889f3a44cd82f47cd028de784642f88e15963707bf2c677f241833bc7442,1332
calculation_setup/gaussian/jobs/calc_b7b2c419d15de4e2.com,1b4946ba5b3bb14b16b3580707c708555b7574f94c5d5025577c762afd27e703,1456
calculation_setup/gaussian/jobs/calc_b818eb6e36db503a.com,78ef1cc530cb5302a60b613319d996b9430d74c8e4d6966d8e595aaa20f86a4d,1305
calculation_setup/gaussian/jobs/calc_b8428c2471f83adf.com,5b7a567d401841032fee4fae54a41f337eff8d9458a81bb0eda0afa38ffaef14,1335
calculation_setup/gaussian/jobs/calc_b857d87b6fb2f2c2.com,81c180e006e1624b612bb2c9167e5daa70bf6cf9001ac6553fd22d0e596648df,1456
calculation_setup/gaussian/jobs/calc_b968676ef9b47ab6.com,0b2ad0a74749da0b7c9a7af3db686549f9c603cd7a014ee1e37507bbb79e5ef7,1242
calculation_setup/gaussian/jobs/calc_b99194fdcc4a3b99.com,4990462dc7112e50defe6b460a615233f45f0bf297637a93f718f0e93a9fd051,785
calculation_setup/gaussian/jobs/calc_ba6fa49138980b02.com,98b60a043383b66bad739e3e02d5c1216fde3b1c0de669db3b8d5762a11530a4,1247
calculation_setup/gaussian/jobs/calc_babe225d7f2e03db.com,819fa403bd785a22e32bf6e75e865a3131a04940c637ea348d1f788e84d96611,1461
calculation_setup/gaussian/jobs/calc_bc421ebce09a5829.com,686d8fdf855339733f38e8a03726170a70432fc45089215fb618117139d93487,1393
calculation_setup/gaussian/jobs/calc_bc8b49c19f1cfefa.com,49e2d5ff509a6ea1d12e2cf43f4978532fda02c53527b5074b8b8bb49a241b06,1242
calculation_setup/gaussian/jobs/calc_bdba36e59c4d6113.com,09c80fd4cde4f3731e0986ca413568e47e0791b748e03ef4faee52c93bfdd4f9,1453
calculation_setup/gaussian/jobs/calc_bdbb805e868e5608.com,b712319dac76b3b24ac0cd9bb35193e7a36f6e7fc546902406581dc8b2683361,788
calculation_setup/gaussian/jobs/calc_bdef5ac53c00d7a1.com,923f0a43368ca2c53aa53cbfc1f936e9274f4027186fbd4c351b854bee5fd1d6,1312
calculation_setup/gaussian/jobs/calc_bebffc90ac2d06ca.com,5e3b57bddffce404bf16aeef3e1b6340579de172c20cadc5f51dd38daa61f72e,1487
calculation_setup/gaussian/jobs/calc_bef6afd4641d618b.com,edff3fa1f7d491f1567a3ba94e3a477b352e11c036b7d172458d41e8385562b0,1386
calculation_setup/gaussian/jobs/calc_bf334ede74e3ec76.com,07fc38ff1190431af1356a8c15766b608e7b8518ee4a8fdb9f5b0ac29e32cd19,1429
calculation_setup/gaussian/jobs/calc_c03413cefe275eaf.com,e5461ff8d5c957aed4fae86217da8924bf949cfd8c4848b9f10ecd93978c25a0,1580
calculation_setup/gaussian/jobs/calc_c10a8008bc8aefc2.com,00630d7ecea11153369d4c6a39bdf23bed25c021ae333f1096db3d28c56e8c03,1514
calculation_setup/gaussian/jobs/calc_c161a7e788757379.com,9ed7ccd1d263d6d1f514ff50cf7bde66077c6e5c9e4ee2852d99407f31e02acd,1280
calculation_setup/gaussian/jobs/calc_c24a0cb0be829e84.com,4731abd0876bff360fdb6688091d14b9012b1c78a54961bb058fb93fb2c64f69,758
calculation_setup/gaussian/jobs/calc_c2c6ab8c0cd44dd8.com,99467d38b1322c083f7d78ef8684f49d2cb9e2afb52e85f18549e1030afa8cd1,1303
calculation_setup/gaussian/jobs/calc_c2c9d57073565a33.com,60d4e523805e7b7729adb12da23dab3008e8edabc71c54edd1e5e998ea2bb107,421
calculation_setup/gaussian/jobs/calc_c353cb46090f2737.com,514cc182999f4ff64388d86c7bb7f1731ea15550a8e6db1ee895643230351458,1305
calculation_setup/gaussian/jobs/calc_c35c5f7936f0c4ab.com,2977d71e0945756fd439be8bd637793210f58740a5cf8db0dfcdf742ee87a3b7,1306
calculation_setup/gaussian/jobs/calc_c361a8ca84c4d8f6.com,33cdd5d9012728732d7ccfe054d457c5a69abc3a0f1551049505e268812221de,1398
calculation_setup/gaussian/jobs/calc_c379ce33a86930c1.com,e02c7d588a8b8304ee7380791326a9adccd76120a22b86709a5f79882e711b6e,1369
calculation_setup/gaussian/jobs/calc_c3e30f1dec61c4dd.com,a833206364265eb708d1b5701e9ee29153d840028567cbd7fb468a1e1d76010c,1307
calculation_setup/gaussian/jobs/calc_c3eaf19d830458a1.com,7ed62d0c57523b453970dbff50ed92e6926936e159a104e420277168aa92eb2f,721
calculation_setup/gaussian/jobs/calc_c42d0d054e263bba.com,8e185c1912298b0243d01b961b383d148059ed78cec613b5355eb41cae6fa50d,1302
calculation_setup/gaussian/jobs/calc_c5d86e8d05757386.com,58d63425d0305bdb68ad6c08336279bb3717cc6c5ec112b7c64f8efcc08b1351,1271
calculation_setup/gaussian/jobs/calc_c5eebeb27b999d66.com,17d995e44dc1d5c8b80d7d0bbec17a6cba753ea721945d10919c2d4dc945b71c,1400
calculation_setup/gaussian/jobs/calc_c6137ff04773e906.com,df395e106e31f705c565ca282f5c7a6f222e06c5240c6ce0d12b2cd3fe32927d,1301
calculation_setup/gaussian/jobs/calc_c6fedfe26c870168.com,9eb4d35c9c3488158e3d3ebff7f0f2d739758e15fd247f237ec27fbde7951fb6,1488
calculation_setup/gaussian/jobs/calc_c7d087597e139747.com,070c4692fcea6252b52cd6c46b2ff40d7119cbd96f4047f2de6e53b9ab33f998,1301
calculation_setup/gaussian/jobs/calc_c857c5a0105ea852.com,3051db34f8d95adac88359677731e139587288942eea8f83dd66cb386f05619d,1425
calculation_setup/gaussian/jobs/calc_c86a1f2350ca7a79.com,20a4c6dbcf565be57f06d84fa5427d04012b7c41ffb81b447c0495cecb78d4e9,1486
calculation_setup/gaussian/jobs/calc_c8ba0d588d9f5799.com,ce45a43b803c88b202ada3bd374fd4b0c9e59e65d2e174cdbd086653be6e663d,1648
calculation_setup/gaussian/jobs/calc_c921217b0ad50215.com,73a7dd0607aa76159791a4ff895c28e50683133a7ccba2cebad9e7dc7b824f85,1366
calculation_setup/gaussian/jobs/calc_c961edaf6d598eb2.com,654523cbcd70e5d104c8db988a212bbfa5d963def8940d3506bd5436905d3760,1493
calculation_setup/gaussian/jobs/calc_c9a679f675491f42.com,283e686616c909af85661b111a26a1bc70e03764c5479870473e7244f9b2a948,1673
calculation_setup/gaussian/jobs/calc_ca7a1ad393c49c94.com,1ab64f4a20f5919e02741b7e4a7eee2f81b5d2097a65f7d7a997f34de2303d40,1242
calculation_setup/gaussian/jobs/calc_cad4d80b8fb69c59.com,cb29d4460732b2e1a4bced3abda945e4c675087c4d271a37af0348a35fe58585,729
calculation_setup/gaussian/jobs/calc_cbdeb70572303b68.com,e07a6c75e8a436eadd6bef59676c69efd554f9a05d5d8cee7350673d4e3cb4de,810
calculation_setup/gaussian/jobs/calc_cc34f0ef71265eca.com,1dc7d7f5404015f57bda98f4acc6452dea38c7a3c6f705cd4fc1066badba4b11,1214
calculation_setup/gaussian/jobs/calc_cc51737f8715f0e6.com,17a8af4e7f439d670d705951ecfb8d89abb224acf225b5c376da4e81d3113d3b,1359
calculation_setup/gaussian/jobs/calc_ccffa35bdaa00ec6.com,e886850824ad123cbd2d5e434d22d12949ff35b52499d3b12d0fabd7ab3de7d8,1339
calculation_setup/gaussian/jobs/calc_cd8ab4a93de415ca.com,071ee0069e8ac359f786d1fa949545614bdb6ede54f6263e41e9a4b7d268bc20,1450
calculation_setup/gaussian/jobs/calc_cded447bd0a49de6.com,ca16c5525486433339d4225cdb9961da42460148ee050e32898b1a00876e42da,1460
calculation_setup/gaussian/jobs/calc_cdf1dbc4f48a67af.com,f5a20bdf474b5ef0ca2c8a027bdbe7f86727a4b38035ed10aee1a979c94094a6,1488
calculation_setup/gaussian/jobs/calc_ceab44138cff1b4f.com,69170fe4d00d90aa73874cbc172bd167fa5d79485ac9339f1b492a9061996627,1459
calculation_setup/gaussian/jobs/calc_cfb3c19a9a0d5966.com,da7cf97d185cbc0e4a0713a28455405611134eae65e13ce65caaf60b5a654700,1330
calculation_setup/gaussian/jobs/calc_cfc9a2caa663a672.com,9648e9d0d35c43a3b354f57f57923cab23afe99736dd202645d7ec9d11337a92,1218
calculation_setup/gaussian/jobs/calc_d04b043c5f09aae5.com,205ef364d403338f89e31bdac0275b3a09f142d17ba1e99dec73922d517047cb,1248
calculation_setup/gaussian/jobs/calc_d131565cc15c8f44.com,374b4b11291b7cf2f22caef1cd28e52a656da45e010f3f911ca8bbf872bf41c1,1366
calculation_setup/gaussian/jobs/calc_d202d21dfb39f66b.com,c1fa39a73ae6f471dacf37934092e323f90e51b715be511eb52a6713fb35701a,1365
calculation_setup/gaussian/jobs/calc_d234dcfadbe77038.com,b7e8dd5a0734fb0abb88131d128d9abee3471d1d9111154b270c1776c97e37ed,1484
calculation_setup/gaussian/jobs/calc_d27725ceb33b570d.com,3f7a6ad1e894eb26335169b47f8d8b63342fe57b670d5c1ed4120c147159e53d,1399
calculation_setup/gaussian/jobs/calc_d2fbb85799b12c43.com,b52536d9af921ee968a64e68afd897f47b5a751e7b90ffc91a4e9d13487ceb49,938
calculation_setup/gaussian/jobs/calc_d3678a4e978d1dfd.com,3950f0f13bb2f00293dc2f7fe7633d9d2b92dd2cf31ac7322059d60d96001292,1451
calculation_setup/gaussian/jobs/calc_d4b4aa8b53070bb4.com,4fcf0067c9085cb9894fe0ccd0d033f1026f26fc2f61650f834e97138f9abc3f,1464
calculation_setup/gaussian/jobs/calc_d576f5e9e4317b8f.com,5122d8418634a50b7205f44c07c281f787b0a705d8e4782d1b50db5b3aa757e4,1129
calculation_setup/gaussian/jobs/calc_d5e211cca1fc1961.com,d8255bafae4e72de5f9f8051b9d388905e0537f32df54860ec390cbd6f461597,1395
calculation_setup/gaussian/jobs/calc_d60a0ed0d549e22c.com,e48bc54f7249a77813bbc3f2428ee32f7f39415c3fe9fee9fe26b5550c5b48c8,1450
calculation_setup/gaussian/jobs/calc_d66df7833533c9a4.com,6231b538e9f2ef6339263c607c9a2f69b5ccc7968a883dcc0e57a08ecd505891,939
calculation_setup/gaussian/jobs/calc_d6ceab1c6e68e8f9.com,8552ccc7cb4ed84112db97b700621a075b584ef35252e2d9b6ef49812998bb46,1338
calculation_setup/gaussian/jobs/calc_d6e0ee5600c77646.com,d13218cf826757be483b7ce0dd4b10b73d4a26c530396170db48112e2c5a649b,1303
calculation_setup/gaussian/jobs/calc_d806614af126d622.com,abc37dacda1177ee5a8fdf8f8dd30e5b0000a91bc18d024fb2bc63e9333f60d3,932
calculation_setup/gaussian/jobs/calc_d8291f964903a723.com,2bac092951d8082f6c22b7aceedd8d774d6bde451d1a417b2ec1ff95f586a737,1428
calculation_setup/gaussian/jobs/calc_d8ba52cf8b29a4aa.com,c2c5d7932256bede44942942b2e032bb1d8e29781dba9817b3e5e519a7b46c73,938
calculation_setup/gaussian/jobs/calc_d8fadd1e5364264f.com,29125b19a3780d0e3c4911734ca03807ef3189b52ab2825784c1c9c6de2741b7,781
calculation_setup/gaussian/jobs/calc_d92135c27f0fd512.com,2a00b2cd9d1e197c1531b35c35e8222d244689985bfe6a5600d8d8126c2e7c1e,1302
calculation_setup/gaussian/jobs/calc_d9a27c6976a1803d.com,691233aedb3004688562e223d4b0df4bac8fb7aef6dba0d25402bac0404d2455,1249
calculation_setup/gaussian/jobs/calc_d9f69c85a52fb242.com,dd3c086494132c439bcbdd507bebda8afe1ecd6f4bd1f132279f2bc577a2ee67,1480
calculation_setup/gaussian/jobs/calc_dba554ab032f7da2.com,521a2115cf3f20fff7c7fdd067c94bcf76677eb98d6da33b124a708738077096,570
calculation_setup/gaussian/jobs/calc_dcab6e91447c1705.com,1a8ab4c4c7b9598ad0b879f36ccfb1349fb4d831fcd0dae535b744eb75d524ed,1119
calculation_setup/gaussian/jobs/calc_dcf3827d6f561cb5.com,13a62fba23f836770bc7bf4d66be77c32e6bb21499355a3c250a0619348e5d68,1396
calculation_setup/gaussian/jobs/calc_dd0fff99c37c8199.com,9a53c45643d56324db1ee3d8c39068ceae31a43c48610c34fb735c38f4ee814f,1277
calculation_setup/gaussian/jobs/calc_dd1d3c434cc385e2.com,660eb6942e6adbad4915774facaef8826e91ddd1186e002ad0b771c166a9cae5,1395
calculation_setup/gaussian/jobs/calc_dd5f31517ca37a9e.com,81c9fae9bec1cddb7e26a5b88eb8e2001a297e0ebec16a3c19c9c07e7dd4d855,1364
calculation_setup/gaussian/jobs/calc_ddbd7d6cd7bcbc4c.com,bfa959a81ffc2e99168d4e272ef3005b6e4cfee0829d8826524173504a52d34c,1215
calculation_setup/gaussian/jobs/calc_de1243c4851a01a6.com,76a921927d3178242cd54f5e4ff1c36f8c5747bbfbf03ed3a894a553ab6e83b6,1271
calculation_setup/gaussian/jobs/calc_dec3790c850e3be9.com,214512734cd974618d06ce85c461597c2407b32d70fd2e3442bb0343e03a1a27,791
calculation_setup/gaussian/jobs/calc_e02a09e5e3b01773.com,8e0713c3a872dcd0a36e016a6846f6c9b7c3cdd040815af62af2fa58a777f0c6,1366
calculation_setup/gaussian/jobs/calc_e1660d18e2498937.com,456d0eb9bc0d027a42a1cf02113704dbb555993bf4a156dd45183268b6c3d6e8,1458
calculation_setup/gaussian/jobs/calc_e1b3694e453efd6d.com,3ed68d2aca3b56ab8474ed7960859627dab3ba486e4e0d3434ab51c059174e9c,1396
calculation_setup/gaussian/jobs/calc_e219389dfd48a0ea.com,6d6312e342d83416c58d45af2be271b5b6f92595fa8153887b6cf43950fec33b,1459
calculation_setup/gaussian/jobs/calc_e2636f33f878b8a2.com,fcc3c8d9ee4d5eaf22573ef248732fd65a168445f2ce809f5103aa1c19a340ec,1209
calculation_setup/gaussian/jobs/calc_e3c204086afc6be0.com,800daf322ab1211112f3fea235783c83c40ceb959162f0dcedbf9aaea4f9fa53,1488
calculation_setup/gaussian/jobs/calc_e4c1a7e3bbfa378a.com,e0541bd26fd41bde3318e4a9f9dbea65879d78bca877ef032de302673cb8fa54,1458
calculation_setup/gaussian/jobs/calc_e6e1aeea90cf3a13.com,66e0602f6dc91487f75b1d10de43b59b84155b83f2103150e48ce722c7dea2da,1364
calculation_setup/gaussian/jobs/calc_e889e882f0b960f8.com,12a6282d645526797995c24dc6f75cebd8f5949403042b90cd5768ff0c9d3e2b,783
calculation_setup/gaussian/jobs/calc_e9416c80bb20ba36.com,7f3c6508586777ef9835014c5a57df5a9ff4768820b4dc0aea0e3d90500a33d1,730
calculation_setup/gaussian/jobs/calc_e968dd39aaf627eb.com,9879fc916924c80a2a5d238634d1c0c6b9a62ba4abfca342f7548d6f08f6fa4e,1218
calculation_setup/gaussian/jobs/calc_e9f16a6afa2658b4.com,263df0413f46e0226771ac4275134a162764a58f0b78280aed0e3fb84e67f17c,1487
calculation_setup/gaussian/jobs/calc_ea171598c8f74aae.com,9e823bb93219999def82a76bb0d03a714164deb6408184bdd6f2feef632e4793,1312
calculation_setup/gaussian/jobs/calc_ebc0e00dd9859568.com,2353d1b97f5a6d484e2e5b76cb4b18d94c3dfce0c98ecd8587c74658321ad695,1460
calculation_setup/gaussian/jobs/calc_ed287a3331341d0a.com,8233540019b45e424a16deaaa02104c1390d50878967127a6fc16d21e3fe2494,1519
calculation_setup/gaussian/jobs/calc_edec2067803d7dbc.com,df9071b81a0ea4e4339a112160e164c7ecd08cbc36ac504c172093ff7bb8277e,1302
calculation_setup/gaussian/jobs/calc_ee198384f6ddcdec.com,069fd2e2080b3f2196566e43d33ebb718af89cc4d6d5d14c7ac5a7eba03ee6b6,789
calculation_setup/gaussian/jobs/calc_ee1ba97b82c10afe.com,10efb83b8ef61c9dc3ffc61440ebe1484748a25d5c5a0787b58aad8f626161e6,1339
calculation_setup/gaussian/jobs/calc_eef5f88f9cf1ba9c.com,d130c6401a9d304a35a84e96123ff0c23b9263eaf3c285cbbe4b6a20fe98e4ad,1365
calculation_setup/gaussian/jobs/calc_ef13cf20cb2d6086.com,528b8fae0b2cefe522962e7df2d21debb27d19f5f4cddb13888a67d4c446fa27,1300
calculation_setup/gaussian/jobs/calc_efcba939421d0874.com,d66e6351324859720041e5d76c5e16ade9eeeb55743fad271457fcc30dbf0240,1364
calculation_setup/gaussian/jobs/calc_f03eaac50aa0ee46.com,8b91e7bc005498db3289ddb73d030b638a297633b084cc7ee84a024ffe2df6ed,1301
calculation_setup/gaussian/jobs/calc_f12b99e1e8f82abf.com,00872ac69735bc5cc2b58334b1bc7e4eb1cd49fff62ab4fe82871088747775cb,1089
calculation_setup/gaussian/jobs/calc_f21bed15be44607b.com,224af85cbba8b1a5028e16431111668fc1e180d00517c45dbcce66a78eb36fda,1464
calculation_setup/gaussian/jobs/calc_f25e3854ff8505f5.com,8b0c21fe95479f554f6533095dcb9c8e51fbd60f40a5025d7789d7b718e87f2c,597
calculation_setup/gaussian/jobs/calc_f39698ab11c8d629.com,09b993f92b898e066b12f2aa118db878ddfdddffab218375a5e1f5160b2f28a1,695
calculation_setup/gaussian/jobs/calc_f3b372db5e5c32c0.com,ccb412e8b25a232b77a2e4a808227223a17040130e1d92577d0e6a81e032c57b,1245
calculation_setup/gaussian/jobs/calc_f55c1ea5f51be12e.com,3788926c5dcaf56ec9dedd0c88ea4deeea65573e66e7c5455ca663bc68913177,1307
calculation_setup/gaussian/jobs/calc_f5f4967adadc2db8.com,0fb05ca7282fa6b880edd8a756c2cd136a4bd92da24024154889b956ccdd09ef,1307
calculation_setup/gaussian/jobs/calc_f703619f5912b596.com,f2444b1fb6b816a5d1df600eb7f04308da59ff7759a694409bc94ab650f91285,1459
calculation_setup/gaussian/jobs/calc_f7835dfddd84e750.com,9120da884bbd4276db2c3b519b217fad9e18d0e197336b8b55908575f6554734,1422
calculation_setup/gaussian/jobs/calc_f79711e8c20fd629.com,6520e4f524f9540bb7856a6cebc7309ab5e5062fb7638dff2bf2694bb842ea51,1457
calculation_setup/gaussian/jobs/calc_f8fbb2f87101a351.com,3ac497b93de48469b041c374f4650918cd330028a08d82c60f5a3d95e3aa29dc,1304
calculation_setup/gaussian/jobs/calc_f9c40765bb129d1a.com,59ab741094eb13cf522a305277021554ced04e3824415ca539632d498c7eaf31,1459
calculation_setup/gaussian/jobs/calc_fa0571a74d6ffd71.com,86875f76a32f6fd7aaab1cf175dbedb2f3627ee50cadfe12051399a3af65f4a9,422
calculation_setup/gaussian/jobs/calc_fa4caa8829bcc007.com,3d03c83246ae7572df50c31251c4b9ec7cb401a4129e46d3bafa911c8d0de805,1398
calculation_setup/gaussian/jobs/calc_fb123ef5cc4bc102.com,6edd916c05499e43b547798c73530ad5979f166ed142830a778ddb51eacfdc57,1429
calculation_setup/gaussian/jobs/calc_fb8a02360a2ba144.com,9f81da9b7e1ab0a85d12a8acce41618b84f034cf23a733bcef8cbc0e0baeba4d,1366
calculation_setup/gaussian/jobs/calc_fbf471451571cf0f.com,f7f91400b6c8946585aa0d789fce070dc7bc6ca3d19302cd141be454ac8329b9,1278
calculation_setup/gaussian/jobs/calc_fc7ea1e5f9248de0.com,de991d3d6569449ac0757c74c7d69c07c59c14edaf1e1a352f51974b9e8dcf96,1303
calculation_setup/gaussian/jobs/calc_fca50a9c3ee1ba61.com,ae47d25a18f4a1dd3f38e487451bbd9f3674d3a85e4f9ac36388952e5493194f,699
calculation_setup/gaussian/jobs/calc_fd442879a64e1632.com,a36aa6ca21c6f7dde3f91bc831cb91656a0125a4b3f37b161ea86c3cd10544e2,1302
calculation_setup/gaussian/jobs/calc_fd81a1b48fd5ec81.com,a1e42c6053cf46f9754d7886f8a64489b6f2beebf49930b8051ea97f9863b1d0,1328
calculation_setup/gaussian/jobs/calc_fd81a34f6634214c.com,e658aada0ab07f3d767e29f8ade5e51fea32e0663aef5777e764c87c83d652b6,1306
calculation_setup/gaussian/jobs/calc_ff2daa361198dfa7.com,706b7a47fdc890030d6dccd1859246fe669d7ae572d0ff1226641fd37b584490,1458
calculation_setup/gaussian/jobs/calc_ff7a6be11ae8f1a9.com,71d7ada67688036948b64843c73286c1ee23375ef2c1b61411891b733edb253f,1273
calculation_setup/gaussian/jobs/calc_ffa6ab27e97bdf79.com,72286c94b6e6f625ce6d43a3b13f7eccd4bde336eade857bbbb0d030af3b9a4c,1676
calculation_setup/gaussian/jobs/calc_ffad74f5dfb539ac.com,09b29c1370bfcef43b110777f7eea8cd8078072ff6fa929eda48334472244c97,792
calculation_setup/gaussian/jobs/calc_fff03848f43180e0.com,ed09e6d12f2d7c6665722280706e6ac870647a2f6a577198647676db59f36359,1397
calculation_setup/gaussian/jobs/input_manifest.json,ba10bcb3cf192c59cdfd8cc36501d0547a06b8ea71859d490935b1026580851b,201506
calculation_setup/microsolvation/jobs/adenine/adenine_splitA.com,6a031bf9f337680ce8c34203b086279941e090e05d0c57fc6e2ce792c1360aa9,1692
calculation_setup/microsolvation/jobs/adenine/adenine_splitA.xyz,df81ebdc0b3b3c9a11552d63b9143e6cfec471906e97b11a20817dbed8e20c05,1386
calculation_setup/microsolvation/jobs/adenine/adenine_splitB.com,0941a1bb58b74ae6f29c733c28de43446dd2376e6b4a506be090b5e29615fcab,1687
calculation_setup/microsolvation/jobs/adenine/adenine_splitB.xyz,6c45b4370fe2fbcf10889ba03f63cde0612f6e7d4bab4e20c22cb9638766298f,1381
calculation_setup/microsolvation/jobs/adenine/placement_manifest.json,c41a8fbc933ecefcea8b6915b1c2e90b97e139fa2ed813a02177cd4fb943e1a3,7176
calculation_setup/microsolvation/jobs/cytosine/cytosine_splitA.com,4626f107b2fac004bf50cb7aa0127fd70f6a1175577b2ca4e17171277b9defde,1623
calculation_setup/microsolvation/jobs/cytosine/cytosine_splitA.xyz,2aeb41e049c906789db8d090aab42b8cafd9f051fea41c34cf8b79eb71c3e229,1314
calculation_setup/microsolvation/jobs/cytosine/cytosine_splitB.com,bb76767af44a0bb195ddc4f3eed4a5a5cc395e65efda5efa113c2ce4a1459292,1632
calculation_setup/microsolvation/jobs/cytosine/cytosine_splitB.xyz,dff808e6fecdb136ceddfd73fc161c65c34cac52ba4353493e2e61b6404c66c6,1323
calculation_setup/microsolvation/jobs/cytosine/placement_manifest.json,bdb69daced1731c444ca8b758a3ce25c83a8f678915163289cfbb92116309872,7118
calculation_setup/microsolvation/jobs/guanine/guanine_splitA.com,ea6f5b4b00b7b35fb4e8eb19378852202460d3d9050e80389212b6c5616321ce,1717
calculation_setup/microsolvation/jobs/guanine/guanine_splitA.xyz,849cb281b4e250a937d4e3841a1616e7e213fad217feac9eba074e24ceaaa4ff,1411
calculation_setup/microsolvation/jobs/guanine/guanine_splitB.com,0148e6c98691bd08eac37749ca84bacb14e3a0cdb09d1063601ee055cf07b344,1709
calculation_setup/microsolvation/jobs/guanine/guanine_splitB.xyz,9f1b5da5bb94d2da492e8d24293105a7f310a631bc5a78b3a0badab0e23122c1,1403
calculation_setup/microsolvation/jobs/guanine/placement_manifest.json,734fa8af3e8d5bcdcec873f9ba97f734c418347ec619285d455c856f368de2ae,6699
calculation_setup/microsolvation/jobs/imidazole/imidazole_splitA.com,b0496802ad46248ea5e1c834db21dc042dad7cf55dc1b3633ddb95379d5c678e,1505
calculation_setup/microsolvation/jobs/imidazole/imidazole_splitA.xyz,18e36b88d2fc6f06686a2bdd60983fcc3dca4c85fe541fb6b28f99b8b0f703fa,1193
calculation_setup/microsolvation/jobs/imidazole/imidazole_splitB.com,57bbd506b15835abe3bfbc5890f0816019161bbfa33190e3d1437acb40f5326d,1507
calculation_setup/microsolvation/jobs/imidazole/imidazole_splitB.xyz,56acb252bafb6f66a93cabd657b522a02f3abd36f5b5bb70e705fcf557aae6f4,1195
calculation_setup/microsolvation/jobs/imidazole/placement_manifest.json,9214cb52c3b1c8fba5dee5cac0b7a0ce495f3f272e3702f76896ff92bbe6d156,6681
calculation_setup/microsolvation/jobs/melamine/melamine_splitA.com,e62344ea7a48abb6bd0f7d99022b697c88b19c20fe153bd1dc26ee26641ed4bf,1687
calculation_setup/microsolvation/jobs/melamine/melamine_splitA.xyz,d27935e13c64da7a4d82c94bf13b4dea96f77d989541e31df5a3977fd4538503,1378
calculation_setup/microsolvation/jobs/melamine/melamine_splitB.com,c60011be54874c5032a8234974a20bee414c2bdb92986477e74b546e5221dab7,1696
calculation_setup/microsolvation/jobs/melamine/melamine_splitB.xyz,6b09c04bb611a5f93a51885b613c971bb7fd44e53cdc593fd2a5816989ad9589,1387
calculation_setup/microsolvation/jobs/melamine/placement_manifest.json,3154780e8d7591f6ed7fcf47a9ce81cc86a68c48381b267747e739c7e61be8ab,6683
calculation_setup/microsolvation/jobs/tap/placement_manifest.json,ae7e9c7361b6b7e7b2efd7a5b5bb057492e33783f7566fdb3198ee6eee4624a4,6684
calculation_setup/microsolvation/jobs/tap/tap_splitA.com,575f405b3727131c0a487f4776eea76abd87582b4dcba8ef83dd06b8eb8c819b,1703
calculation_setup/microsolvation/jobs/tap/tap_splitA.xyz,9d1afd479b462e1b708ee05b6d5fb0603045ce6e70cf56611b281742ce985cfb,1409
calculation_setup/microsolvation/jobs/tap/tap_splitB.com,7251012b316c6030160ea6072219e28d3ae8d79b9303c3ebf470d5d96f6e6ea3,1707
calculation_setup/microsolvation/jobs/tap/tap_splitB.xyz,ee37038e632924bc53cdbf0b65dd9db650b58c55f2368ae6e6e42178c92394d3,1413
calculation_setup/microsolvation/original_input_manifest.csv,17bbd54685c1d801285f681eda3f8085c2e303e64d14173597d36bea4277fc36,3164
calculation_setup/microsolvation/original_inputs/adenine/adenine_ribose_phosphate_conf13_w2_splitA_pcm_water.xyz,bfad0ec925ff38cb081ce1559ae9b400ab8d8df07bb2c2a13b85ecbd2fb20a01,1861
calculation_setup/microsolvation/original_inputs/adenine/adenine_ribose_phosphate_conf13_w2_splitB_pcm_water.xyz,5552da1156f0abcd380767d963d5196b7d1c479cc51c4ae3a54aab08b179c90e,1861
calculation_setup/microsolvation/original_inputs/cytosine/cytosine_ribose_phosphate_conf2_w2_splitA_pcm_water.xyz,5d788abdd95fe158145b081f7be903e0eee1383c483b74302e60ee35d03b37fd,1777
calculation_setup/microsolvation/original_inputs/cytosine/cytosine_ribose_phosphate_conf2_w2_splitB_pcm_water.xyz,dd690ed2f649a0557ddc304f8950177594b682cf09440db3784c7ef68dacfae7,1777
calculation_setup/microsolvation/original_inputs/guanine/guanine_ribose_phosphate_conf87_w2_splitA_pcm_water.xyz,8cc853e6bd6697bc1c033cb8dba1db3c4999adc239ec57e89c6044ce162c6d36,1904
calculation_setup/microsolvation/original_inputs/guanine/guanine_ribose_phosphate_conf87_w2_splitB_pcm_water.xyz,521d3c277cbfbc7356976294ccce4db333144e1e2671720419151ac774c56618,1904
calculation_setup/microsolvation/original_inputs/imidazole/imidazole_ribose_phosphate_conf11_w2_splitA_pcm_water.xyz,85a292ca33a7ad9b4dc9bcc1cd30277c96ed24d117eeb8f4a652e10bdaa16592,1610
calculation_setup/microsolvation/original_inputs/imidazole/imidazole_ribose_phosphate_conf11_w2_splitB_pcm_water.xyz,805d04c876b9dd09bbe99a2f34a14ee4bc133ae98b0a339417bca7078f636e3d,1610
calculation_setup/microsolvation/original_inputs/melamine/melamine_ribose_phosphate_conf79_w2_splitA_pcm_water.xyz,08abd6240a92bc3c6b3230ed297cf663209c70defcef0b6c6d6e8c6d2c6e033f,1862
calculation_setup/microsolvation/original_inputs/melamine/melamine_ribose_phosphate_conf79_w2_splitB_pcm_water.xyz,90c2c22316b458919b97d835a374ad354c64a8e013cdb620ebfb3b80a2927733,1862
calculation_setup/microsolvation/original_inputs/tap/tap_C5link_ribose_phosphate_dft_seed_w2_splitA_pcm_water.xyz,1c91a01ff77d3161e99d0ea61f8d163d167fc67e392eae099b8e4afe33fc5301,1904
calculation_setup/microsolvation/original_inputs/tap/tap_C5link_ribose_phosphate_dft_seed_w2_splitB_pcm_water.xyz,a9481a943a170c52bec7654500e06d334bd5d8767d8a9ea73ebc62c40146d20d,1904
calculation_setup/scheduler_templates/gaussian.slurm,0150261669ded1e1daea16a6fd807298b5bd2b4e009596109984d9e038b05d07,586
calculation_setup/scheduler_templates/run_gaussian.sh,bd572f6037007f1c86802783535e779897f569e9531b1f7ee13ab97d71bd435b,512
config/analysis_sets.csv,436563ad62081caea07834a1305c81fddf780b2d20554b43762b5867797d3cc0,3222
config/calculation_manifest.csv,438c07b07c4d812f1c43f8e0ac218b5309594c7739fc10b6c0d625e5d7aaa6cd,199576
config/construction.csv,959e1e2dde87bc0ae6fab1a49b5e0884727ca48bd08ace3f526ee666f80cb5c1,3431
config/figures.yaml,82b19da862ac378b53b89d76f33d473caf104f8535fbbcab42b53c561c79a91c,910
config/methods.yaml,bee133f77fd9452a882b85a7ba4b4391a83867ed512bf5e97e150cd69aacb049,781
config/microsolvation_candidates.csv,bb5697aa845297f276c4237d8be46bd505490729cbbdec3c0cca1e9016f31d3f,4760
config/microsolvation_references.csv,1fbc8e15dd011197e949f014d435c6f048f6d03ffd9ff3d0137fa647bd57ef6a,2441
config/molecules.csv,d54849945f7c991d05dda639b9222c59f9d00c1071a70ad8cffc5629eabfa2e7,18137
config/pubchem.csv,b766ca67b90b42e77456b0375af0dec2c1afd650b0fa9c78ad3a78902b185c6c,321
config/reaction_families.csv,635b1e5f7c9fbba8be4e66519d7b1da7f00f0cd10088ae01fe53a6e6bdd87eb7,2478
config/reaction_stoichiometry.csv,6812e55666343005fcb6a1b5ff8c59cfc0f31c0cb481b7ea964a1c115c1bd9ce,34435
config/sampling.csv,b0c492932fe65b7e31217c35197cbb08e09a43f7fded57ae7e5faf6ce515424a,20406
config/study.json,c61761d974aeb268e90b929f46f2365dd57794082eb20af3815c206fb0ae4e2f,1901
data/calculations/calc_00fe351981635926/frequencies.csv,0964dc1b8bd5e76bf13819ed577e4a453ee0b93a23fc508fe20a3abeb236f0fc,1413
data/calculations/calc_00fe351981635926/optimized.xyz,c62bccecc22f11aff427c7333e627d0445b3bee9cfedf7a70fa776c8a0392505,1203
data/calculations/calc_00fe351981635926/record.json,dc5e80d32cd582d639c7da251a53e5972fbf56c4669872d23291b8e5de5fbb80,4645
data/calculations/calc_00fe351981635926/starting.xyz,ee085532ea2a0fb22f9823de7bd17144a3ff5b277198f14bc4d353aafd5f9821,1224
data/calculations/calc_0259d469238e98e8/frequencies.csv,c669ad95e08a89601021bee090afa96a74c2e59a187533319ac79182c5a0c236,1137
data/calculations/calc_0259d469238e98e8/optimized.xyz,0bde6d5852133bf04bf66feaf75865f609ece97e164ceacbcfba5dec93f2d104,991
data/calculations/calc_0259d469238e98e8/record.json,23abcfae98a1fc55099c380a902fc2bf0963d9855575c290fab792380fcbb51a,4292
data/calculations/calc_0259d469238e98e8/starting.xyz,a88420743aad3a3174b414710a0d3c888936dc114359bfedee5943d7b9ff8738,1013
data/calculations/calc_02f9f94592bb03fd/frequencies.csv,076b5126796fc16281cf0cb1885807857caf4df0d9d7dcd46a8e67f91359d4f1,1339
data/calculations/calc_02f9f94592bb03fd/optimized.xyz,d370c350c3edb066711596edd6484138c8f76a533c2f9f841a340e8ed3e63db6,1144
data/calculations/calc_02f9f94592bb03fd/record.json,bd05013e599b10bfc68e8bf27b0b060da04b15a34f9dfa4f47ea5b46db5a3d2a,4543
data/calculations/calc_02f9f94592bb03fd/starting.xyz,ae39bacbbca954dac536b957b05baf428b4f95b534b530b67569a9bdbccb7e22,1162
data/calculations/calc_03300c0b6096fdd6/frequencies.csv,fb3c2fdd52823a69a0b6daf14c5735aa3c571cfb262547df73f3c03f585006db,1506
data/calculations/calc_03300c0b6096fdd6/optimized.xyz,734dd9bb7b5d92d1c69ef9caa0d16efc2c2dce806ab83b0c0a2431886f4164b6,1262
data/calculations/calc_03300c0b6096fdd6/record.json,a2628d86fe9fce4f5de57dc89234d1bf408da9cf792a781933773d1b2c89194b,4728
data/calculations/calc_03300c0b6096fdd6/starting.xyz,b1e9183b019345af59f4f114c2361da57bac7e31a4b81f52caeea9d08437be4d,1276
data/calculations/calc_03cc711480b12784/frequencies.csv,93dc775eeb124bf24191e28179743d89a46a9ba360f0a8ccd9fe1ebd3e3923d3,1146
data/calculations/calc_03cc711480b12784/optimized.xyz,857d76436b4bfc37444420798dbadaddfe98a7e91a5e5b42c0f7c1583171f8c2,987
data/calculations/calc_03cc711480b12784/record.json,16326ff79c641410b8046806cdfbd814d329cccbf9f5c3921d5c346b265e6fcb,4258
data/calculations/calc_03cc711480b12784/starting.xyz,95bf2f973c3b74e21912599be4fa622ff10777f8b456d5b644747b8d51e2adbb,1009
data/calculations/calc_03feb996290e8c03/frequencies.csv,fe4908bfca658446706b65cedceba791ecf5053694989f68b504caf4ddcd5140,1335
data/calculations/calc_03feb996290e8c03/optimized.xyz,5ede570f289ec74a3d10cfb5ad869147134620dfc20d060c2caae656f542ddda,1141
data/calculations/calc_03feb996290e8c03/record.json,f6c7545d2f27d6d0d4289762e850d7a116e2f5a9d028dea876a1b00786e2472e,4532
data/calculations/calc_03feb996290e8c03/starting.xyz,ac466cffb173ec93952f43f42e0e34e577b66b79997bca4a7bdf156dd3e6d6da,1155
data/calculations/calc_046b153e0eea3f99/frequencies.csv,f43c4eba6669c17db1ea09ce132b8a93c967e228db524824957fcec56d6ea8da,1226
data/calculations/calc_046b153e0eea3f99/optimized.xyz,9e83c1e386f97e3b0ed1aa040480f966a7e1525dfb668d64bc55db5ad0cd4b76,1045
data/calculations/calc_046b153e0eea3f99/record.json,f8ac37d2141217300f496bbe96efb1b292c4d8f006812390996801010cd76a07,4348
data/calculations/calc_046b153e0eea3f99/starting.xyz,8c418d56a3559e277f18adb922edbecf9d197d8514e01fb7938a50b364885e92,1063
data/calculations/calc_04f63a231dca7906/frequencies.csv,ac5be7fd97643509e917717a0d62786a6bbd787f3e0390691570f3fa52fa11c5,1336
data/calculations/calc_04f63a231dca7906/optimized.xyz,480a23122e4372c4f7bc1d12778cf70f5090f13f310680fe4af10fd97847bbc7,1141
data/calculations/calc_04f63a231dca7906/record.json,ab56f13ff43d7dc010ffa93b935c0b99b904d9e2d56b6b0c9625c76f370a6cd7,4557
data/calculations/calc_04f63a231dca7906/starting.xyz,83c8ba3c6473c630db6c0374c65f2c26113cd5e37236ef14e46f703886ded2f1,1162
data/calculations/calc_05feecbff34208d6/frequencies.csv,bf716b0f7df3d25762e9f3d135b94f7de115833537a80c85f7cb56f6aa006bea,1216
data/calculations/calc_05feecbff34208d6/optimized.xyz,e7e79acc0ca5266e215c4af03bd894581ea371156d513ec3bb9e1109f0d05f04,1044
data/calculations/calc_05feecbff34208d6/record.json,7b4552ee60b819aea2ea506711a8dad3fb53f8996b76c4baef7b1cef7c229fec,4395
data/calculations/calc_05feecbff34208d6/starting.xyz,adb6c025759544b4848876821bb3a99ad27f171e5dee98f3118e46d5e7fda02c,1068
data/calculations/calc_0602b719393bdd60/frequencies.csv,d4c66df2327e091da2b5f027b8134f71f34e5626487abea2eb0ef6158beea0d8,936
data/calculations/calc_0602b719393bdd60/optimized.xyz,58acfe107168cbf7e56356152d3ad5330b1698fd24bcd6f0573be7134a55e819,835
data/calculations/calc_0602b719393bdd60/record.json,77de36bde674ceac83c0a9c776578a3f65228bf1abb19d38704bcab90ca5b812,4025
data/calculations/calc_0602b719393bdd60/starting.xyz,1e2381b2c4514056724e09aa68dbbf8c682020b3d58216f54291a1ae3131a42a,854
data/calculations/calc_06acefa3904aa477/frequencies.csv,16c66269cd52d10b4e28e0116c0661d6b23238a4d96a63a02df51f5da92b8e8e,1464
data/calculations/calc_06acefa3904aa477/optimized.xyz,1d938d6fe35384ae2242ff91144b3979160dba1a82b4b8d6a2074bbb8b601820,1226
data/calculations/calc_06acefa3904aa477/record.json,5878200f7e019cde5b14a90379e0535bbdb93360ad356f065eba0294cc551afd,4630
data/calculations/calc_06acefa3904aa477/starting.xyz,3dfe07baac2b4d863e2a515197620d1fa07f265cc3b5e3c61412a8c656f42076,1249
data/calculations/calc_072513ed48ae23dd/frequencies.csv,2cbac9c39cef464af928695ef0043003494a9d10176858bfcec3801c2253a8e8,1219
data/calculations/calc_072513ed48ae23dd/optimized.xyz,bb18db1736c71edc0893b0d017f8378a0af4a2cc7ff6deb47a74626549891e45,1050
data/calculations/calc_072513ed48ae23dd/record.json,a22c4cc9154ce06dbb9dc3f5bc6efcf295afa065969de0ffa0effdbd7b619c3f,4403
data/calculations/calc_072513ed48ae23dd/starting.xyz,ecd5925639fba1517530c9068081a78de2257187b90a96d88033e818e1095487,1066
data/calculations/calc_0766aefcf300dceb/frequencies.csv,f366a6038e54a1a3bca79892b32a2f81e0d935f894ddd5cbd02f5d3d57b90bea,1464
data/calculations/calc_0766aefcf300dceb/optimized.xyz,ee93626c403433b9af1612bc17a05c8e46c4cc9648fe83c6d48b736e459b25f3,1226
data/calculations/calc_0766aefcf300dceb/record.json,ed5a6aaf7fdbbaf589b8b304549e402a03225b83618a34ddb77eb13d34a140fe,4677
data/calculations/calc_0766aefcf300dceb/starting.xyz,80983f7aacb3c6ec2f7eadea396c719edb85333fed00aa172fba19d1f1cc8e52,1250
data/calculations/calc_08003ea684cb1bf3/frequencies.csv,b41357dbc83f8c5c2d309ffbe7a926d44416675b0a073b795b5df503439c3577,1139
data/calculations/calc_08003ea684cb1bf3/optimized.xyz,e8f6d3be9495a990fdf44f5aa8b97be41eda5569935dbd2fe6afdccba9251797,989
data/calculations/calc_08003ea684cb1bf3/record.json,cd640bd32ce057d96973f587fe95b0744ec99260f5665c781816788928c1b2cd,4297
data/calculations/calc_08003ea684cb1bf3/starting.xyz,65a79fd66d79c8d20fac030c5fd9b22cf6184fe754abcfdcf2a019ba004d6e20,1014
data/calculations/calc_09eaa4c6091a5f08/frequencies.csv,c0e28868bd3aec786784f5b3cfdd7a86ebcf3d3297a56677a337e30a8af335cc,1422
data/calculations/calc_09eaa4c6091a5f08/optimized.xyz,98ff8ce7d327f0e8727ecbd5bb8b707ba5303137f51bd023115eb8771496c2c7,1195
data/calculations/calc_09eaa4c6091a5f08/record.json,c076ea7d1cef3a02fab8d4f03fb9789830a345b607f1c3a257d91f93514569ef,4648
data/calculations/calc_09eaa4c6091a5f08/starting.xyz,856e1faaba006aa94a0902f63295329f73dde5520807e6f7731cf80084f149b5,1224
data/calculations/calc_0a6d29f4d7b4ec0e/frequencies.csv,ba6dfb855d120df5fa586f91270d64c9fae18b7d46d2dfde8b1ef18ca4ca3434,1262
data/calculations/calc_0a6d29f4d7b4ec0e/optimized.xyz,4464aacf2ab0888f1b52ef071f1f166f52c59b755d85843e0ce4c81086f34089,1076
data/calculations/calc_0a6d29f4d7b4ec0e/record.json,0a68f989269d97f153ea05c27c1d078bdfbf00b572997aa10f8e867aadec5865,4446
data/calculations/calc_0a6d29f4d7b4ec0e/starting.xyz,64733440f73f97ef4fdf26de4e318c6900910d0275c29d4311ad72322839d858,1098
data/calculations/calc_0bb453e036a99e18/frequencies.csv,fda32089d636aef86669366b82e06adfd509543e25bad8e5a5680fb75a64fccd,1177
data/calculations/calc_0bb453e036a99e18/optimized.xyz,b1424f50d7bda8601c34baeb59f21b8681ddffb3da8749ca08fe48f423dcb6dc,1018
data/calculations/calc_0bb453e036a99e18/record.json,caba4af21cfbdd726bc15d022351c79eb5eb9c36de8e4ab3e75c057da6f72889,4349
data/calculations/calc_0bb453e036a99e18/starting.xyz,e6954faac4dbc56cdf96c80f960c5d56a982db610b2ae6081933d41b7a755f3c,1041
data/calculations/calc_0c1c835dc0af3a7d/frequencies.csv,798cffff613c2df8fc410a0dbda9eb61f3ad000dc7a8b1b379a5cb5e285b6114,1286
data/calculations/calc_0c1c835dc0af3a7d/optimized.xyz,f44ddeb6f3f76aba2378d99f4a3809762e64741357e099b50171e92a8afabab7,1106
data/calculations/calc_0c1c835dc0af3a7d/record.json,a71bb0a08004bdf4ba16fe38cdca2e41788efd612d22266a753f05f4dca90ae5,4470
data/calculations/calc_0c1c835dc0af3a7d/starting.xyz,84d526b31557da233b4e8df94c9465c9fd49d1cfd8b4a7db7225af4339fafc49,1127
data/calculations/calc_0e03544b3f79a3ba/frequencies.csv,992ff1e7b0ea98b0267d4be0733c18d2308d2ad456d81f6d75abe77eac09d0ad,1469
data/calculations/calc_0e03544b3f79a3ba/optimized.xyz,b51fbe248e20bdf3286832deadd6607dc4b694e3bb4c23d7fa061f31ad8e3552,1227
data/calculations/calc_0e03544b3f79a3ba/record.json,d6b407a05b8104e1a209398904e4ce0e3bfab78d928ae6633c13beda2329e4cb,4661
data/calculations/calc_0e03544b3f79a3ba/starting.xyz,c5af4bbcf8d74474694bba363a7dcf6e7086a1dcb81b2262edcce1a5b94ae43d,1250
data/calculations/calc_0e4c7aa3a97c6d8c/frequencies.csv,c89d7a4b2d5cdbf04cd56f38332e39e25d1059a578e395d9ab8a5674489978be,1181
data/calculations/calc_0e4c7aa3a97c6d8c/optimized.xyz,cc11a6b809fa559cd4bf458b6565001fc1a81271ab4eb22550bb883587f154fb,1017
data/calculations/calc_0e4c7aa3a97c6d8c/record.json,b06b5f68370d9747a407fd5d30386d16a4158c1144ac0ed9eb18a3779ba4a74e,4363
data/calculations/calc_0e4c7aa3a97c6d8c/starting.xyz,3c51b65d4b30b6cc95342ceb1f50871aed8332d3e99a1a9b2c83421ff612fd3e,1036
data/calculations/calc_0f03edb9079554fe/frequencies.csv,954bf3931e15c1418cc61686c136d44501f53b7f234ec36626d0c0ac835b85d7,1335
data/calculations/calc_0f03edb9079554fe/optimized.xyz,1f1da33b66bcff0576add6447f34db50f0221442d66c4f3a682aa80b1e4e4a75,1137
data/calculations/calc_0f03edb9079554fe/record.json,36e8d338a2b024b6a2541dcf31c24b51017d662010cbcf3214e1c8f8695ff141,4543
data/calculations/calc_0f03edb9079554fe/starting.xyz,1c84510f8e3528e3b2afa0bcc2402ed8de22963f02c22038e9cef7cace05c67a,1162
data/calculations/calc_0f12ea6b595a93ec/frequencies.csv,9eab7abb4ef17c0e1617a1aee72b3c3bed91eef30e59cd0546034871c4572f4e,424
data/calculations/calc_0f12ea6b595a93ec/optimized.xyz,bc406a2f6b4dddea09842e6462f92f89b7b3f0b236825def408fe453bcb1a63a,437
data/calculations/calc_0f12ea6b595a93ec/record.json,747a491bd61e84eb072d6ed4fcf02304364ca4eb5baf476b0755f93160075906,3447
data/calculations/calc_0f12ea6b595a93ec/starting.xyz,b94a15c35540b19bfd18a52574604c131b80fe6914526d465b8a06152ea3b89e,458
data/calculations/calc_0fc80346cb0cfb89/frequencies.csv,093cbb21049b4ca67ad959b0ba721c11c4f21b21b01593528d08bbc57ec0856b,1169
data/calculations/calc_0fc80346cb0cfb89/optimized.xyz,11e14fdbca257653b00519a5695f1567fa2ed925b5cf1a42f9ee7db00708e0fa,1014
data/calculations/calc_0fc80346cb0cfb89/record.json,ed1d6349f83d904c749a54d6d6b045f38f3b8b1f9373726953d57e68ef8961e4,4346
data/calculations/calc_0fc80346cb0cfb89/starting.xyz,7c7f439055a57e1c1fa53c9b820b77cc8c6862c2adc76ac590d20f084ffaf3f5,1044
data/calculations/calc_10299313568422d2/frequencies.csv,08c69c5d2d053b8007e691cdba5648826ffe07d7cf28d55b95f2b89b1d945458,1378
data/calculations/calc_10299313568422d2/optimized.xyz,dd4b9e8c695ecb3956c181c34fd2b0ce48b5e44d3fc8cb73457f7850535f1b98,1166
data/calculations/calc_10299313568422d2/record.json,0b3d25241a6c76422b7b8d45df4ffee590c179e833366c970ae8080862dacbd6,4601
data/calculations/calc_10299313568422d2/starting.xyz,8470bd0f401a5d2af58cceb8bebe6973e2099d89faee1a9e43c71b4c1407df21,1194
data/calculations/calc_10fd3b6140716fb9/frequencies.csv,81c3f34d85f703eed9df8070b170b61f699cf8962bb4f2ca46c8c1d282a27131,938
data/calculations/calc_10fd3b6140716fb9/optimized.xyz,359a4cba93b6b92d5808dc9633fc35defd5a1e61f0d7a0d9c9d3f09302441e05,831
data/calculations/calc_10fd3b6140716fb9/record.json,4a92a9c5ffc666b6ffa4417c5bb111f2dc42da6f927039c133513746db834707,4022
data/calculations/calc_10fd3b6140716fb9/starting.xyz,3265901ce44581e37c1f10b635edbd77258fbf66b1d19a152e2ef00e96f9d4c6,854
data/calculations/calc_112bc66d606d6fdc/frequencies.csv,9bb98a03aaaec51f68ab6eee6d08568909de2755a1a833cb061114f7d4ca7203,939
data/calculations/calc_112bc66d606d6fdc/optimized.xyz,1e738a0f2da8252036dad92f2ec7fee4043f7c3f448bdc27d2aaeb77502dfc5c,827
data/calculations/calc_112bc66d606d6fdc/record.json,bd605b0fbea70f20bf1a22993494c7c8927de9cacfc32d27d19039be0cb18adb,4039
data/calculations/calc_112bc66d606d6fdc/starting.xyz,2372335cd4606cb8e8bd7cb0ab8ea978c37c9649ce0c1d4ec42b460feb35bcde,852
data/calculations/calc_122108fdc7a149c8/frequencies.csv,ad0cf02acd29b84d272e3aca8e67971bf9f8d8daf8c4ebdcdc25bac35178ca46,1217
data/calculations/calc_122108fdc7a149c8/optimized.xyz,4a553de073dfa5c6a4115f48a76c5224d3a7af09707ac2702add93d4fb5b55b7,1047
data/calculations/calc_122108fdc7a149c8/record.json,59ab71bf1587b8a36ef9f8751f03d85b20df0863ff28cc890c43949885f9dadd,4397
data/calculations/calc_122108fdc7a149c8/starting.xyz,c5f1a04aa12e57777b35ef078e2f5a329ef62880aa7e39c519d3bb4444d2ffe1,1069
data/calculations/calc_12fd1c0e255a1a86/frequencies.csv,4b4cdba30d231e480e21c382ca594bd2ed59745b2af755a4f7dd1b66b6fba048,1095
data/calculations/calc_12fd1c0e255a1a86/optimized.xyz,941b019cc0fc8a005b67354462c0534aced1902946e979cc4c8377827310a5c2,960
data/calculations/calc_12fd1c0e255a1a86/record.json,0387b30e516c7c8ec8858a95a0788303271d37394110ca82dd5f31f68a49ecb8,4216
data/calculations/calc_12fd1c0e255a1a86/starting.xyz,b77a9155bb92e5e0db23fcf834bf2f1dd27a881adc2eb0d695ae91d5fdbe28c0,984
data/calculations/calc_134efc3e90289083/frequencies.csv,3e8d8254816b6e24394337d36d1de62e3a52dc43d339bfea1de03e5f7faed35f,464
data/calculations/calc_134efc3e90289083/optimized.xyz,d34a15093ad5fde9d5130d8c8870d2e9d46e2c8f2d04c02fe910912ad8f5d91e,472
data/calculations/calc_134efc3e90289083/record.json,692cc7f2b98df8ee9de1690f30589027462d74e21d0531d1f6d7d43ea69e8e0b,3484
data/calculations/calc_134efc3e90289083/starting.xyz,f2ba1487cc8d76bd9f25a204bf7bd6c1e1d2fada6a89f9f1ecb7a6909781de6f,487
data/calculations/calc_138e60390940f4b6/frequencies.csv,7277236911160d1d81a0ed7b98b62c32ed37dce48b7d6e5de4ea506da41a0d94,1221
data/calculations/calc_138e60390940f4b6/optimized.xyz,074ef3e4a5dc2b75d2b17f7e32f209b6548c0c7c86003f810a17861ffe86dd57,1042
data/calculations/calc_138e60390940f4b6/record.json,dfc4c12ae3347961b713bd4308b1b4a2caf9d0f6b01308f3303d004fe179c741,4397
data/calculations/calc_138e60390940f4b6/starting.xyz,693c7fd77008dc102c18b22bf27cb2261ab61f4a8249f4e2383cfa42aebc8e21,1069
data/calculations/calc_146ced27141c723d/frequencies.csv,f47b7c433a0b12a2b4d1aefcb77aeed6261aad698ddcf9f26c6b02cf39f5f668,1670
data/calculations/calc_146ced27141c723d/optimized.xyz,6bc09e220c4f1f2549b350a7cf875b1ae45aed19a6cb7fbbe6d5c858ae8304e8,1383
data/calculations/calc_146ced27141c723d/record.json,7f6f4018b923289b765790c0ebe36fcf08f582a765e2176b1e91b579844b5c67,4864
data/calculations/calc_146ced27141c723d/starting.xyz,8cfec375dfd46de4f21b2fa0c15775eceb223d664ebfbf923e764f229787e3b6,1409
data/calculations/calc_14dd388accc7bb16/frequencies.csv,386742b43e32935ab679742de42998b1fd0e799e50f9d6c35ad90908169b661f,1225
data/calculations/calc_14dd388accc7bb16/optimized.xyz,61112f6029d4cd094a92f52a6534c9bfbf48c9fc7bcba582fe525ba25b3bdbab,1046
data/calculations/calc_14dd388accc7bb16/record.json,cdde847f574956293ae19858dea65d787627d842e0a4df7b57175267019f5a34,4369
data/calculations/calc_14dd388accc7bb16/starting.xyz,3205efcd4f741c49dfeab988a241e2e092fb53f68677ad322b555a3a4e881b65,1065
data/calculations/calc_1632baec8f23be35/frequencies.csv,4fe6beb2951d194fb9e93abfb662d3a2fea023ec83ca96c3bd1027b282990b9f,544
data/calculations/calc_1632baec8f23be35/optimized.xyz,07b034a00a818877bb30dead6cbe8d1253e2854c19e85358206d86be5c436ef1,526
data/calculations/calc_1632baec8f23be35/record.json,c7da2d897ee31454c16d1421553357de01619432543fca2ece16d15ec48880ac,3577
data/calculations/calc_1632baec8f23be35/starting.xyz,deeeef2ad2c0c7e9d7068a0c648d859b0458f0d5598852f79269c739f927dd49,551
data/calculations/calc_17947d0ee3ed9cdc/frequencies.csv,f9948c34791ac54574d82232cb7dbdcb4e570d334a020e3704118e1257420590,1189
data/calculations/calc_17947d0ee3ed9cdc/optimized.xyz,0eeec8cd30a6043c5a82092477d55694c27deb686105f04afca267e90b4ceb26,1015
data/calculations/calc_17947d0ee3ed9cdc/record.json,4bcdf8a520dbaccd0c42291b10041b28c4e1ee6e63c1eb4e00f283ec4f942934,4320
data/calculations/calc_17947d0ee3ed9cdc/starting.xyz,600050a1d0ef78ca4a282d13b0734215d6b65371d06a4b88a7b4cedf856715b0,1039
data/calculations/calc_17f23c48dae66527/frequencies.csv,39b5ff72489d34676d0b4cbf16b0739808c260fdb7f4294fe81099918935e8d5,1107
data/calculations/calc_17f23c48dae66527/optimized.xyz,224560e057a7955c75e0ad014ad94bdef51a4efc600442bb9841198961ff30ea,958
data/calculations/calc_17f23c48dae66527/record.json,1ebe97a5f090219192813aa4089228d99de74db7fb819f487a1a4a71bbc8daee,4221
data/calculations/calc_17f23c48dae66527/starting.xyz,b887a041e0b7f1b7074bc482a872d832b00bed4dd56e42ef788ca6a86927cd62,969
data/calculations/calc_182828f777a313e5/frequencies.csv,80ec192825c3168cca97d4a3a6ad4d6cf32f8085f487c32b7c6ae1d47c71a382,1298
data/calculations/calc_182828f777a313e5/optimized.xyz,cadf08b33aafba81f97f69d5c072e86cdcdd1441c9a13baf7176464167cf98f8,1105
data/calculations/calc_182828f777a313e5/record.json,20a96591489d11c15fb47f0b6e0103a415688118115f780934a16bc4bb5ffcfe,4461
data/calculations/calc_182828f777a313e5/starting.xyz,3fa6b1427ca2f6b82719c1a4e301afcdc0a7ba5e0fc03c5bf62bae416ed95b2c,1127
data/calculations/calc_18ca89a079eafa81/frequencies.csv,d36aeafb947d98bbdda08d1916483113cfd14d3ff981a8066986b0178eb75b5e,935
data/calculations/calc_18ca89a079eafa81/optimized.xyz,3b599c9cbaa32a64208e5fbfa63fb92b390aa663a90cb0e2df3ecd550e394f41,838
data/calculations/calc_18ca89a079eafa81/record.json,8d6d0ddefadf1e3e60de97279886af7af6836f50ee724f97635fab7e7c97423d,4027
data/calculations/calc_18ca89a079eafa81/starting.xyz,1e92c5c6b0c2e9b46d8a5da0275b9389aac69ebef1ffa3ffaf250a5a6b8f25d4,860
data/calculations/calc_18ea3413065df474/frequencies.csv,772d471d01f1acd24530a143a38d52e0363b129c08a0e490737d7c4bb709c48b,1413
data/calculations/calc_18ea3413065df474/optimized.xyz,415478630e299d8a4ab35f289566556d775fd075228af0a05f3c9cc23b0d8768,1198
data/calculations/calc_18ea3413065df474/record.json,ff0e74d08b2cb8b6dac793324741d03626eed6a880a88cf89ce2e0630c8a51ed,4626
data/calculations/calc_18ea3413065df474/starting.xyz,a45b0e1f65ea3016ac929d4e4c6798dde0656147d31f6558ffc0cb03eacf8a97,1220
data/calculations/calc_1919781751783109/frequencies.csv,36b6626b1070bfd34b7deeab607c21f0b375787cea2e554332ca698258147911,1420
data/calculations/calc_1919781751783109/optimized.xyz,8846d72cc46dc38b0afd1a403061b0e2fcd9a694e7d7349574fee03d23326dfb,1194
data/calculations/calc_1919781751783109/record.json,d1cada6e0aab359b2ae5f78f1ebf7b6f025b5f8055f1848101360c161c0cecda,4587
data/calculations/calc_1919781751783109/starting.xyz,23e68b81ca4a10e90b145feaada96ef2cd22dd3e665e0c7828856d0c8fc6eb2f,1216
data/calculations/calc_19b94a81657c0b6e/frequencies.csv,c2a70c225c67508311d902f89724d94ec5eda0aa6acf8ea464ce2be2e228d812,1298
data/calculations/calc_19b94a81657c0b6e/optimized.xyz,7efb0ff729e29ea6391aa776e57260084ea11bf5b3b2f71e86a49bb93960a551,1106
data/calculations/calc_19b94a81657c0b6e/record.json,bdb3711728b99105df27ec51287f3b55a849bfaf8eb044cf8af1ce7bf24d9af4,4484
data/calculations/calc_19b94a81657c0b6e/starting.xyz,0b09916258d38085e687557cad637dd8300e9657eb5dbf139f970d595e84dfa8,1128
data/calculations/calc_1a56152b6a2152e9/frequencies.csv,29d43da99d33cabf067242a7ae24efa2bfe65a3a736d7598122ddb270cb2b432,1186
data/calculations/calc_1a56152b6a2152e9/optimized.xyz,ff3cf220fdd90359879ff2699fb37de061e7bbc968226d4b5f229619375a46ae,1013
data/calculations/calc_1a56152b6a2152e9/record.json,0a32a899dc4c5d5c4d712f59d18cd8d5b1a3a2990e5bfd742c9fd44d881cfd21,4323
data/calculations/calc_1a56152b6a2152e9/starting.xyz,2f958f74bb7c5678c0873cba02ee668aab82d78aa65b8e2ffd282a12c8c53d36,1043
data/calculations/calc_1aa4f60ffba16a6a/frequencies.csv,4f13b6ad54f61d1157c6b93a1d62e2d41417dee422b94b5019470002b02ed4e5,459
data/calculations/calc_1aa4f60ffba16a6a/optimized.xyz,74d898f281f6d37a19d1404c1e3dd26aa516f077c5efcb28835478004dd67aec,468
data/calculations/calc_1aa4f60ffba16a6a/record.json,20c789327f9dd63c87eda567c1271c1a3b7cdd03bc9721e2d774d3ff81a2da7d,3511
data/calculations/calc_1aa4f60ffba16a6a/starting.xyz,f676a4518d333e2fadee31cee70eff9d3318945c770ed2915c46c23426a2160c,487
data/calculations/calc_1b1a89f0c87538f8/frequencies.csv,01a58ad831cc9ee3ab6e2ad35bceb478616ef895f9d75c57265187895ffaa127,1221
data/calculations/calc_1b1a89f0c87538f8/optimized.xyz,eba57aea8fa73d57dd7611f4c4da4d41ac5db609747046a4653f4f4bcb559fb4,1046
data/calculations/calc_1b1a89f0c87538f8/record.json,4e83459a160908d392d98d9e3fa581cd0552267515e10ae9f15fc73fed28f5e1,4370
data/calculations/calc_1b1a89f0c87538f8/starting.xyz,4523810f8497321ac66dee678c43aad06c57694db500db8ae960fbfa99d34b5a,1067
data/calculations/calc_1b4708cf6ba6ff0e/frequencies.csv,c89a9e757f1a55ebada70c51d8c660d2216e59072ab43f4492bd06b0a030e099,1425
data/calculations/calc_1b4708cf6ba6ff0e/optimized.xyz,aafe30f7cf0a3129dfbe297977be9d9c08e739da7ba600ee7a948d2cc0f914cb,1199
data/calculations/calc_1b4708cf6ba6ff0e/record.json,7cab5091d02dd41d6663fba17aa8bf0988c515606d037e3a913f4bf99e158a86,4609
data/calculations/calc_1b4708cf6ba6ff0e/starting.xyz,f0afb512d481666f748151d3daf27480a13f9bb2c2f0dce7a2b129c7c6715247,1225
data/calculations/calc_1b5f66f735355281/frequencies.csv,e331869484b6fc92c5e2895dead65c6ebb19ed72408ca277b7e2cc1a9f7a9c38,1718
data/calculations/calc_1b5f66f735355281/optimized.xyz,3f228c939927b6d5918abcc4de6782f2e473c311bf0f716898820721d9906679,1411
data/calculations/calc_1b5f66f735355281/record.json,d32bb3d0ce16a961aae29b9fd3e8416235092dc614bafd9f97c03d1d12ef4441,4917
data/calculations/calc_1b5f66f735355281/starting.xyz,f86aebb53af5c7bd5263b3dd533110251b04f9303fb481c50cb87b4a435fb4f0,1434
data/calculations/calc_1b8957e20a266a8b/frequencies.csv,ca1ac763d8913400b0079786e1ff0906080e890590c83471522f263a08c42081,981
data/calculations/calc_1b8957e20a266a8b/optimized.xyz,ccf24e5e38dc21563ef60de3c95dcc3056ec4961d131ce59c7e5261073b5d53c,870
data/calculations/calc_1b8957e20a266a8b/record.json,0c2cbcbf6a2f517f09937c6b13cfc22ffc6610c32adbfdabe3aaf9b8b00e4449,4096
data/calculations/calc_1b8957e20a266a8b/starting.xyz,96b75271603f243c19b545b0eecdc3acb7dbcf16b7012ea2aafef07303f9591c,886
data/calculations/calc_1bbcfea89d162128/frequencies.csv,635bea086ad520e8426f3a637ac3856704acdca5631777f501ef6af530fec150,1221
data/calculations/calc_1bbcfea89d162128/optimized.xyz,f7b2d30b8c49ea29fe5ea6d9de1e3765a631dc20f4aa9be6ffcd52f70f9d1d8d,1049
data/calculations/calc_1bbcfea89d162128/record.json,cc7041bb60a82adbee58190fb6227e3d4838faf6729738d67748665b144ccaea,4356
data/calculations/calc_1bbcfea89d162128/starting.xyz,2bf211a4d217663bbcfc7a3b7d27962988bc7a44ff252171c9184af30c13a4de,1067
data/calculations/calc_1c065a2657004bf6/frequencies.csv,1cd1e39ac6b9504fb45e4ed0e77549a1bdeddae520a9d5f5a3c9fa77ef523421,1137
data/calculations/calc_1c065a2657004bf6/optimized.xyz,020c18e9f48beddea23fdb0e7d3d6e04d45349aea2ac3f03284d62a9f3570189,987
data/calculations/calc_1c065a2657004bf6/record.json,67cc05636c383d5ea838b21d3390c4a59a07542b2a2c3c915cf89ebf52ebe97d,4286
data/calculations/calc_1c065a2657004bf6/starting.xyz,ba09dd78c066919711a07dcca98a0dbed316953b081530c0728af46ca5099836,1009
data/calculations/calc_1c2488b3474f84f1/frequencies.csv,764d3f21f35086f2d0ff4395f14cc204170c719a63ded03741d43060321d9128,1461
data/calculations/calc_1c2488b3474f84f1/optimized.xyz,2f127f5fc9560d359c989bb978d8e5f4c72255a5fddfe39736657c754a7effcf,1229
data/calculations/calc_1c2488b3474f84f1/record.json,a44866ec96a0cf2d74a293854c438d38d6d103b1e677b0c9bb2e1910e03cdf88,4690
data/calculations/calc_1c2488b3474f84f1/starting.xyz,91b1112fa26474fbaa1aca2389ec3723f3ada6bcf561b8aa4d6a47fa0d52c1aa,1249
data/calculations/calc_1c737c8a2a03ac94/frequencies.csv,5766b563a54181357a8febb5e51054c67fdbd28df2ae9fb8736c3210acd19b38,1264
data/calculations/calc_1c737c8a2a03ac94/optimized.xyz,7ea75d348121370740be0f4868dcc2914d620f5db9486d944bb98210fb423ee3,1076
data/calculations/calc_1c737c8a2a03ac94/record.json,344f968210ef78f74ea081bb8a86ab18ea07d78394bc0eda2fac153dfe9ae71e,4436
data/calculations/calc_1c737c8a2a03ac94/starting.xyz,8b15e697b944fa44e9aaa292e33d02b9827d865eb25a9c29903f9166d22b284f,1103
data/calculations/calc_1c7a5355de31f415/frequencies.csv,909d7e684c2def840586c2f906e784f57dd0543366a51c0aebd5ef4fa8936d08,543
data/calculations/calc_1c7a5355de31f415/optimized.xyz,8f9a36c1e7d27a216cb2a323d9b975fde300ca58309d8f445bf0bb34a945d0ee,532
data/calculations/calc_1c7a5355de31f415/record.json,ff53ff49800f352d0143a4948ab193e8b22276bb5ba565308a7a022463945039,3568
data/calculations/calc_1c7a5355de31f415/starting.xyz,157bc106431d0009c58b5f3d87243fee87262da22eb6d5dcc054eed1acbe8a23,548
data/calculations/calc_1cd6706f093acea4/frequencies.csv,dcf2d7b0e8ac84081577c7b3d241ad95ff4dc1376cb01dd31d45f28c9031d2c9,1105
data/calculations/calc_1cd6706f093acea4/optimized.xyz,182af816bc98486ebffbda893345a8c2968fd1c2b6346a824174934b015fd61f,957
data/calculations/calc_1cd6706f093acea4/record.json,706a8af894ec455e7cea73288f15dc1c6cea87dddd4c6538835df871226998c2,4213
data/calculations/calc_1cd6706f093acea4/starting.xyz,eb262c53133c839e1f531f4e1c8768cb049650d9b5149868da74d6123afa47fe,978
data/calculations/calc_1d0d11d7d1abd4e1/frequencies.csv,cc79f9c435655ac5a445cd3c484da2855c5ea27d87cd72f2205d0e064baa3388,1222
data/calculations/calc_1d0d11d7d1abd4e1/optimized.xyz,e2607dc2569cddf2fa61dbfb85f1b93cce3af26b4ff3164721fc3b5fce769f03,1045
data/calculations/calc_1d0d11d7d1abd4e1/record.json,2ee0e9eb92b4aa77892af3844290873e7027b46c7eb2544b51b09d59b021b8ec,4373
data/calculations/calc_1d0d11d7d1abd4e1/starting.xyz,cb3396f59c52e2fcc8ce37ab1d0a6081131a8c1e443efb4c719664cab648005e,1066
data/calculations/calc_1d541afe25ca995a/frequencies.csv,0417ea7f7afbac9639a749af2c38951fde4161b36c4685eefb1f361bb3302d93,1143
data/calculations/calc_1d541afe25ca995a/optimized.xyz,561d1973c65a1237fa77af6d8c53c5c72cc1cc982311499bf4923e67b7d38e4f,989
data/calculations/calc_1d541afe25ca995a/record.json,190fa8b69170ad570e5640ea5c8b2acd0bc8968eb828c1714f0d597869f98fa9,4286
data/calculations/calc_1d541afe25ca995a/starting.xyz,0aaec1bc5d9f492284b82b3e491ae829f2c4e3beca67013e220433954eab3442,1010
data/calculations/calc_2037d7c3b7321ddf/frequencies.csv,9ff194c781ca926f9dfaa76441cc76816bf79b0fdd2af4997341e644a8ce8d0d,1179
data/calculations/calc_2037d7c3b7321ddf/optimized.xyz,3eef30ccafbb9da6e85f8607eb3e5af65abf1605099e20017003781922ff1092,1020
data/calculations/calc_2037d7c3b7321ddf/record.json,3329952179ae1fc946424556de0ad49a617032d7abdb2cb131fe210e4daa8bb2,4353
data/calculations/calc_2037d7c3b7321ddf/starting.xyz,3045318712b11f7e2f42d0f873f1f7f48ece138e3fe2d0d59e4d0711f9a2e8b5,1047
data/calculations/calc_209cce8566547aff/frequencies.csv,b0babc71827ba20a338db49eeacd3d974b6387109a2b6f37cdf6bb122373c1e4,1590
data/calculations/calc_209cce8566547aff/optimized.xyz,301800827020e64b8b039ad2bfb367f53cba0295fe9c3a261a21c21f6d249bd9,1323
data/calculations/calc_209cce8566547aff/record.json,c4c7871f33b60cfc538bc9629ac88162ce13a7db964c62072a7a42b860169adb,4751
data/calculations/calc_209cce8566547aff/starting.xyz,cfbe19c908ff819d93c5f9e2bfb43f7ac83b5be9081854e0ba96e596c2e426e2,1346
data/calculations/calc_20fc3c3d23a5dbe2/frequencies.csv,0fdfd404f753e46ff9edb65f38914200675c863bac085bd85da9298cdb3c9fe1,1231
data/calculations/calc_20fc3c3d23a5dbe2/optimized.xyz,1fd07bbd831eb3563c105c839e6ee1acf6ef1aebc8d481f7e68a99e71d4ae1b4,1046
data/calculations/calc_20fc3c3d23a5dbe2/record.json,64bdf8971d4332f853c710035fa37e6ed4329071837cfaf80cb4786c57063087,4353
data/calculations/calc_20fc3c3d23a5dbe2/starting.xyz,682ebf44db03a8151f320fb5aeec367b7661ca3151b70bdcc594aefcaccc3112,1068
data/calculations/calc_217379cfb9bb4243/frequencies.csv,4dc67ab89d555ef6a5fb73812f8c52d53fd7050548d584cdc59c3b45ff8698d3,1175
data/calculations/calc_217379cfb9bb4243/optimized.xyz,a526e3937c4bcdfd5477f0891be2698fd8658e598edb2e71f22c6ec898f301e8,1015
data/calculations/calc_217379cfb9bb4243/record.json,624e8e463941e692480eaae54f3b5a31b6cf11971b876e5c933799135935471e,4342
data/calculations/calc_217379cfb9bb4243/starting.xyz,220e91b886e4dc1a404051c0c739f81062479016444c8a56e18b5b10f42a2e0e,1037
data/calculations/calc_21a856a6d79c22c2/frequencies.csv,8516df1e1cc3ac4c1fe39915d669c980d4b0f13ab8ff17ae099ffeef241005d7,1502
data/calculations/calc_21a856a6d79c22c2/optimized.xyz,da84f8345b3eecbd10a40715043c04b48ae6f1d7192f52da8744a26703f01a34,1260
data/calculations/calc_21a856a6d79c22c2/record.json,3bd2f72275b4a90535d61a506e01d38aee30e1c58f9872cbd5d5dc6de2ce6b16,4732
data/calculations/calc_21a856a6d79c22c2/starting.xyz,ca32ab5afe3299fd440d65639619aeab3fe1394ed2b6ea362dd4f493c8af54ae,1284
data/calculations/calc_21d1ee35118554b9/frequencies.csv,c39a69a4805d5bfdc67a138dc6438f0f9f7e533b23260745fe88f5dec5383ebc,1338
data/calculations/calc_21d1ee35118554b9/optimized.xyz,3d9e51df513aa07bdc141a6512eae04e8f3edbc9f0841b15e4fb69ec3e1766bf,1138
data/calculations/calc_21d1ee35118554b9/record.json,b8bc92ea1d2080d57afacb93d393b9bef8d7540937da4a5fbba05d9448b1bd20,4516
data/calculations/calc_21d1ee35118554b9/starting.xyz,45a524499f5e3bc8fa72387d0faa1edad448ac99a52a9061e5709fc9ade776b0,1160
data/calculations/calc_2307812a37c1a853/frequencies.csv,9b08bfbca68e7a858a95370fc6f69d7ac4dd206c76970df95dd8cb69c35e5186,1178
data/calculations/calc_2307812a37c1a853/optimized.xyz,02e6c11297f503174a2bf2e8f9f3ae01a4ae5918e596ec5a6266cd36d2ae914a,1015
data/calculations/calc_2307812a37c1a853/record.json,1b0cb79565998fc060b2f7bc1c33ddc7ea471e38f49978dc585b236c4f6b3db0,4312
data/calculations/calc_2307812a37c1a853/starting.xyz,3232954613a7d7dd26b4e2f6c7f7358aa8b1d8123245c897bfd000c3572f4b1a,1039
data/calculations/calc_23bc295a9a84aeb9/frequencies.csv,b9eb3dd6fa9cb64528f08bc782ee3076a255a1d2ee7c423affd874365388e059,1423
data/calculations/calc_23bc295a9a84aeb9/optimized.xyz,cf4464c0ff70e1855f1aaa3ac45bac163854a2a54edfc5c896b6303a42629583,1198
data/calculations/calc_23bc295a9a84aeb9/record.json,d0d4c5917efebcf54ec938ae7dcefe4f827993c03bb8848b4cfe77bcbaaa33f0,4651
data/calculations/calc_23bc295a9a84aeb9/starting.xyz,c53915288fde6e13119daad66e577b55d9a961830dc984cd14f12965d17f26ec,1220
data/calculations/calc_24debaf35022ea98/frequencies.csv,0686ccd3502e3501f7633b4b97aa125f110db5e2b88073455ab095a173c3b5c0,1424
data/calculations/calc_24debaf35022ea98/optimized.xyz,29cd5d0d29ec6acd28bca14973da16bd3a89257cd7fc1d568baf9cad02a5f234,1197
data/calculations/calc_24debaf35022ea98/record.json,efd0313c1b91f756acd83515e9de52bdd5ed6e2768e81701f89a8d97f2e2fbf3,4632
data/calculations/calc_24debaf35022ea98/starting.xyz,65f9c0d3e4deaab6ac11a10f127e7ffd1c583219bb45023a415c77d66839534c,1220
data/calculations/calc_261fd8f740147344/frequencies.csv,dd23a86950dc8aabae336b8ec974e9eeb0804f918938063a5fec7320741102d6,1420
data/calculations/calc_261fd8f740147344/optimized.xyz,1947dace336aaa0fea21ff1c6621f2ac5a8415864d3f782ccb0a3b30d3aa5602,1198
data/calculations/calc_261fd8f740147344/record.json,3817c4f6b726d96076a4e133903f2e6a31fc74326c19dc8b0d7172e2df9a0292,4632
data/calculations/calc_261fd8f740147344/starting.xyz,b10be49ac25203f26481bb10c005348fe0b7185178b647a221d57a0a50ef94c6,1220
data/calculations/calc_26a7190cf8b2597f/frequencies.csv,db5c69937e9b95cfb32839ada1452f610bdb8c18d66c858e79dce78c21d28639,1418
data/calculations/calc_26a7190cf8b2597f/optimized.xyz,4ef4d6ca5ea19b088f68b09421f61414e5ec6b1f6f4333b5b52e71c740feecc0,1200
data/calculations/calc_26a7190cf8b2597f/record.json,67d6a4b074c0b13561acb8edfb854203f3c1a7d8f2ea4f6e68eb6e38a78f0235,4597
data/calculations/calc_26a7190cf8b2597f/starting.xyz,db712d3b53c4042ac978022397408b8bc9f3478eb2c00606e311fba7e795892e,1220
data/calculations/calc_26b88aaeca25a46b/frequencies.csv,181db59cfd536b3e7451376ff5a86ea9368982d9844f3e13a19b07d21aa3fdf8,1422
data/calculations/calc_26b88aaeca25a46b/optimized.xyz,3a68b5dec44286c8a4a60caeec33185c77c956027711a0fcb98b99ca14ba5e8b,1196
data/calculations/calc_26b88aaeca25a46b/record.json,665c1c35879ad34f55d423f81cb679ef0ff90aa044567e497f081a54fc2b40bf,4597
data/calculations/calc_26b88aaeca25a46b/starting.xyz,e7623f89d407f3946f6bb3f4ae26f1cc7defede3909d0372284c1650cc0d3f2e,1218
data/calculations/calc_26db644a050cbc88/frequencies.csv,c727073ce7d40c273d564feed6488859d14bcfe160949a63bb2b9fe31cb7bf42,1132
data/calculations/calc_26db644a050cbc88/optimized.xyz,6e73c75fc0454e3981ab0efe66f4627111143c9416a79bc5710106b47d117078,983
data/calculations/calc_26db644a050cbc88/record.json,5708892416af7ce64682689dc9ceddb743cb8b023b7aca70d42a5fa829e3369d,4284
data/calculations/calc_26db644a050cbc88/starting.xyz,e654a3c413454f73448143184c44f1eb84ff3b373477ed23e19f2f8e92fe9304,1009
data/calculations/calc_26ec58bd7524b4f3/frequencies.csv,015c36cf304805a4c14d89768d5fda5ba335708b45b765df959787da749dd710,1295
data/calculations/calc_26ec58bd7524b4f3/optimized.xyz,36ad9c5bd5d2858fe2ad94f28185678aef089961569f55e1149e01ea258af071,1107
data/calculations/calc_26ec58bd7524b4f3/record.json,817bd7f73f441270beb30a05cb5b134b386ffad949fc5fed323e9124b5220b4d,4492
data/calculations/calc_26ec58bd7524b4f3/starting.xyz,020c15bc486474c406a4823a934a8d284170665a1d0e693bb9c4e9038c207e99,1128
data/calculations/calc_2912cb24b0f8f665/frequencies.csv,e6e11f2a39228b363598ec20c349c6544436a6d9ea2f538bd53491a3242c1462,1293
data/calculations/calc_2912cb24b0f8f665/optimized.xyz,ac6ee58ed422d09ac9dce498a2daf93919d109bfb586f343eb34456ff4fef827,1102
data/calculations/calc_2912cb24b0f8f665/record.json,3f33ba8fb7ed46efedffcf06bd6d91fa28956af29e3efabdb1e731cd0c6af431,4507
data/calculations/calc_2912cb24b0f8f665/starting.xyz,b928377866dabfcb94f6dd80e584bb20ee618cc1a20c31a30ea7aa64f1a14329,1128
data/calculations/calc_2a5469107ea1af99/frequencies.csv,68faa7de7226fbe8c06bde6545a7939f05f86a629724a2db9bb6ae5642a75135,1334
data/calculations/calc_2a5469107ea1af99/optimized.xyz,337dded0fa83aa2d90b98c05d1ebae52ed69406bd32ee69c91ee9750fe199f9e,1139
data/calculations/calc_2a5469107ea1af99/record.json,703559d90407fb6847377bad92677fda0940f2960ae153c0fddf2c41cf5eae2e,4532
data/calculations/calc_2a5469107ea1af99/starting.xyz,addee2b4e329f0f7dc7de7d903271d7eb3687756b275dacca926018d45bdab8b,1161
data/calculations/calc_2ab52de2d0314391/frequencies.csv,7c2506c5f0bc21e525b6ae065c2ccb9d71f182d67a6e9efe26f1615ebc618464,1416
data/calculations/calc_2ab52de2d0314391/optimized.xyz,c2c46854b18032550a9cf954d843d300226c6acff8b25680de8591b0ebafe7e1,1201
data/calculations/calc_2ab52de2d0314391/record.json,90c97fdb26d334fbf653400a9791474eed7e2d6fa1934d9815671f90b46e3e35,4644
data/calculations/calc_2ab52de2d0314391/starting.xyz,a26508deecfa38c1636da1dd9c98e525904ce7c97f41676459903e4c3bccad79,1218
data/calculations/calc_2b7ae9bb53db5d85/frequencies.csv,ac4908d33249718916bee6029c2698228834e91b950ea265474e861aea2e7d71,1141
data/calculations/calc_2b7ae9bb53db5d85/optimized.xyz,50e48931c7a5c7d85228ddd21906cadfe13c75a52e276be97249837452b1b1de,990
data/calculations/calc_2b7ae9bb53db5d85/record.json,c6e417a68e3b79c70b3e9b50c9dbe408e6e019da05057756dcd0d727ed7605e8,4296
data/calculations/calc_2b7ae9bb53db5d85/starting.xyz,3459a807e7d53e951e6ecd1c968599ca555614f538fc114b163676a94d4f9c46,1008
data/calculations/calc_2c5d03c6c8b02656/frequencies.csv,bf45fb2201641c44b66511517d167690a4a7afbedf7841b713f8a9c0e8b15458,1183
data/calculations/calc_2c5d03c6c8b02656/optimized.xyz,5375ada1703db68cf483c474aeee521acc38491153bfc524122169681ab4016b,1018
data/calculations/calc_2c5d03c6c8b02656/record.json,cd51e700e476c5e30b4ec195d786ff5d4cdd8f9659a28881a70b2236b68351cb,4352
data/calculations/calc_2c5d03c6c8b02656/starting.xyz,160ee3d403eed04c516f67a592a09d3a578377dd72889dfe849360afdb24a66c,1040
data/calculations/calc_2c948d08febcbd06/frequencies.csv,c505440383aa637f974fba11b9abef29480fda345d3c5412e602c80a2f06d6d6,1329
data/calculations/calc_2c948d08febcbd06/optimized.xyz,12843bf51d5272412dc822e3e36f2a45e1245005a1ef9076e93a7e74565fa9f2,1138
data/calculations/calc_2c948d08febcbd06/record.json,1c6bc75fab9ed50cef18451800990a4227ba812210f4a8941a3e8d3438f6e239,4538
data/calculations/calc_2c948d08febcbd06/starting.xyz,01da56ae9b935e85f38359ed07f69678ffe4b9000f48090708ada70e3426d628,1163
data/calculations/calc_30c04d4de5da70b4/frequencies.csv,9ed41c902a9613729cf43fc23c2c4f2c9bef04163c1f31615987a5d0b68ff86d,1336
data/calculations/calc_30c04d4de5da70b4/optimized.xyz,37affb2f638a1c422b2ffa38a50463c050d049387b4e993d00006c39002f0e97,1140
data/calculations/calc_30c04d4de5da70b4/record.json,98481ca5f7da0e8f2fa60e726a4b0068f9872ea0d530996aa36e374e6c5a3092,4538
data/calculations/calc_30c04d4de5da70b4/starting.xyz,780ea52193f217daa75daa3fea207e0b7348f8616363304af37945dd820e54d0,1166
data/calculations/calc_3100ea350ac9136c/frequencies.csv,39a7af0def225706668c4cd9d820a54bd60c99eda10ad097c51d77907d207fbf,1297
data/calculations/calc_3100ea350ac9136c/optimized.xyz,59351438259dc5e50d2c8379ec409c285ec4277bc4fcc525c5e6de8017e4e463,1106
data/calculations/calc_3100ea350ac9136c/record.json,4417a01d9ca57b21407af153231d24ab0273d7c5f5be3da9b2690a18ffae0d2d,4485
data/calculations/calc_3100ea350ac9136c/starting.xyz,180190d5c995ccc75f323aba9218051da754a88e1aaef181d7c33267efc57679,1128
data/calculations/calc_33836914b1f80b7f/frequencies.csv,ec5d53799c91c9c6bb16eef1258af923e13dcca25772d0306b2e7ada6962c2b5,1223
data/calculations/calc_33836914b1f80b7f/optimized.xyz,07001bdabe509e650b1406e60230d43111124eb2e8a9cd2af397cd837981d74e,1045
data/calculations/calc_33836914b1f80b7f/record.json,01a0026cb383f29c6a49b2d1d0d335c70f0e976e9012bef3993d503a0d0860b5,4383
data/calculations/calc_33836914b1f80b7f/starting.xyz,9ee62a77cc9a3c4cdcc77214208e7d0ea0108d8bb169287476cfebd4e3a48e1c,1064
data/calculations/calc_33af2952458f3c63/frequencies.csv,e19e553d74bfa5ff9697b89557201d5377efe97731778fed6b3889f0e87c0d4f,1098
data/calculations/calc_33af2952458f3c63/optimized.xyz,ea925bcc85f9a1597badf57a351f3b246d7c490393273635e2190f076aacec6e,951
data/calculations/calc_33af2952458f3c63/record.json,4cf6bc6290f1ddec9d0d046a3a398e6102b464f4210d7f365da5506ad02af2d3,4232
data/calculations/calc_33af2952458f3c63/starting.xyz,1e8bb7ebada5475f94a2da5f5635a31f4ae8bc02ff226b58f20109ee3329a94e,981
data/calculations/calc_33f0d89cd9d3b947/frequencies.csv,1b2ebd83fb367673660ec0eaaddfd21d66efaee40ff3c42465ae22e8e206c9ee,1104
data/calculations/calc_33f0d89cd9d3b947/optimized.xyz,6004ff917050fb823184adf5706697e27775787b97501f9599b21ab9a9d48eea,959
data/calculations/calc_33f0d89cd9d3b947/record.json,ff4134c6a4ba88f36c93d696002ed1d313b6defeb7a2d2327390667b547bdccc,4215
data/calculations/calc_33f0d89cd9d3b947/starting.xyz,f787c0a1b7bb0f785718ab7d9e97029c6f47b90e5a5633f9fba0630a96f58e96,969
data/calculations/calc_33fca431883e2cd5/frequencies.csv,6597f45f9fc4b7d356217452b7a379e8aa2bb8933dc747a65a46c6b10cfabd38,539
data/calculations/calc_33fca431883e2cd5/optimized.xyz,a956a545231152b7531bf32ef2b49154e83d9c4f3075603f77b1fbe1e71c548b,529
data/calculations/calc_33fca431883e2cd5/record.json,152719124037dcda168d72c4ee52098fe51a7310cde563dbbc9e21d626fe1889,3562
data/calculations/calc_33fca431883e2cd5/starting.xyz,24c49812b100cddf2e8c2288ac46bf67a3e0a95bd131084ee1756abdc659d82a,551
data/calculations/calc_34f733f79dbbb4ef/frequencies.csv,8a1401073f32c65dfb39749600d7e5eca3d68157cff5d2373c984d0115b10547,1378
data/calculations/calc_34f733f79dbbb4ef/optimized.xyz,968488995e8a0a2f46477f486033d36c7342e8d2fdb35604f66aaee677a7a2ec,1170
data/calculations/calc_34f733f79dbbb4ef/record.json,00fa04f68f810a3fc65366f85506c5e42196b1e71d6ddb256437084dfd9602a7,4600
data/calculations/calc_34f733f79dbbb4ef/starting.xyz,4f98901b1ba57a5f8f2aee2d6c0b7586742a98263e65998f8b26e9739c3ff31d,1190
data/calculations/calc_35c16c09bf59768c/frequencies.csv,f0b0b9d52de094ab553b3806ada3ba8045cab25a2cbad224c4bd7dbafc30e0cc,1142
data/calculations/calc_35c16c09bf59768c/optimized.xyz,2824e010f70ee48e9574b8c4bdaf08ce41bb49ded6c7b64b7bd2a9e46f518e1f,981
data/calculations/calc_35c16c09bf59768c/record.json,805a73040253a17fa7b6e78fceac719797b5755edba6fa23ed4dac1594a192bc,4260
data/calculations/calc_35c16c09bf59768c/starting.xyz,95bbe582af35af58fa842f73cee737c51aa575529f501d494ffcbcd0a100b564,1015
data/calculations/calc_365dba8199d0b0ba/frequencies.csv,c30de1f974a6db1dad57a5835330731bb81d08619fb8ccbb6f2ea0a7cb0db93c,64
data/calculations/calc_365dba8199d0b0ba/optimized.xyz,7ef2b69333d83ca08ea70536442505917450f3eb8b5577d2f8d3c151808b970c,161
data/calculations/calc_365dba8199d0b0ba/record.json,ddae80769305136e2a584b125798f2f25d71ade773e7b65387ad25cf65c1d522,3033
data/calculations/calc_365dba8199d0b0ba/starting.xyz,983ededb880eec662d048d57d55fd2876ccbbf503c71cffa20090cc4e5781ea7,182
data/calculations/calc_37224311d98c4c49/frequencies.csv,4c87f006b43ffe7768fce3b4ccad36898c3c2b4763f22b14c6e2c7fd861034f2,579
data/calculations/calc_37224311d98c4c49/optimized.xyz,9f2df239af332e6f12417d331040ac32f01aef9ed5a2eb16efdf0d63051f3799,554
data/calculations/calc_37224311d98c4c49/record.json,3ccbb5ae8fd61fd16f23079b37d999f679940be5a69e88c0b7d355ab47e7e1d7,3618
data/calculations/calc_37224311d98c4c49/starting.xyz,e8e923444439ed855ecf6446fa1f491ca9bfb523146dace33690a6d8b5588a8d,575
data/calculations/calc_37bcfc83bab04f8a/frequencies.csv,04893280ea5413e7967f59693858f404035ca5889fec1ece3be61c71edec0560,1141
data/calculations/calc_37bcfc83bab04f8a/optimized.xyz,838fa90234e096bc54506a60e056107466d249ac9a45134f99741bd58c633127,983
data/calculations/calc_37bcfc83bab04f8a/record.json,b6acfac275bfb36eb76d8ffbbe25fcfee75a4c67d0e2c09fad25ae6e2fd6b5ea,4262
data/calculations/calc_37bcfc83bab04f8a/starting.xyz,9d570c7d8fc11928ca58f03ef6e3d01a44856a424e25800aefc94817a9259dc1,1009
data/calculations/calc_39dd26d104c70154/frequencies.csv,d9542e5dae248bb3ca084fc596f9d2245968e561b76a84042ffef8b012cb85ef,1139
data/calculations/calc_39dd26d104c70154/optimized.xyz,2a9d630759b3067b4cf3a96e2b12279f92e615171292dd9269ec5fa56824c161,981
data/calculations/calc_39dd26d104c70154/record.json,e6a38256450ce018428060278cadbfa789a49a5b1e612a08b0c7e5065e2c0a01,4274
data/calculations/calc_39dd26d104c70154/starting.xyz,a4fbbb387a7d60bb5d4b7e6fb093dd9a238a1985e851a178197ee56f44159da1,1011
data/calculations/calc_3a261bbad3062bff/frequencies.csv,8bf85cceb424ff221ded2802ccd7360b4b7dc39fc74ee6f94d0f8f42160636f4,299
data/calculations/calc_3a261bbad3062bff/optimized.xyz,b010df51be381ae75b99efcf9a6a995fcf04a2854f8ed74c08dda415e64d7b1b,343
data/calculations/calc_3a261bbad3062bff/record.json,1fdc322351721a54f0e0804291a26829a80a1b85c69f7ea82fa6594e8ff3ad41,3314
data/calculations/calc_3a261bbad3062bff/starting.xyz,c2b2033d5dc0fdd60813680657afb0ecd3601a78e31f1777e6c00574860ffa95,362
data/calculations/calc_3a48ae006fae1bc6/frequencies.csv,4ea8cf344c2d1b44afed2365c75c5ba6006d1daaa4fcf327be0c7ebd69e15383,1141
data/calculations/calc_3a48ae006fae1bc6/optimized.xyz,2b292d04c7bad8b185a6f51709756f271b648924dd5d73b6b4c9ca0a7033771b,986
data/calculations/calc_3a48ae006fae1bc6/record.json,322f3fc02f30d9e3d196f84b34ad5d0bc92ac1b36a30f9718419992b0435861d,4263
data/calculations/calc_3a48ae006fae1bc6/starting.xyz,9346a1a512809b2527836f01dac174eff047f5a6ee4f06e7d87efb7747c55f2e,1006
data/calculations/calc_3aaca4b39fd0c75b/frequencies.csv,7ea32888900062f61f583be67af9f0c79ab2d2bb75041d399e5cfa8bd73f2c02,1384
data/calculations/calc_3aaca4b39fd0c75b/optimized.xyz,11294e3823bd3d2bb98be0a7cc57cd3ec71229525e1e6fedb5d18a3f3128d063,1166
data/calculations/calc_3aaca4b39fd0c75b/record.json,5d84136311838253dcc883b421006a09dff7151cb36bec37a344ed80fcb5efc8,4572
data/calculations/calc_3aaca4b39fd0c75b/starting.xyz,52a6eab83f544f422c10fae6e58d7b68f0133981f545abef4046379c0be5f055,1195
data/calculations/calc_3aad2676410e3727/frequencies.csv,1cab617ea85543a54052bf4d024c8ecc496df46285fd4115b420b451320c0000,1465
data/calculations/calc_3aad2676410e3727/optimized.xyz,849956f92fd33b5eb2ad1770530d8e65db36251bcac84e85e93b3ed75e75850a,1231
data/calculations/calc_3aad2676410e3727/record.json,edc882602880d052b0bcde6484cc698159993072bb7efd26367028d90c12e7ba,4679
data/calculations/calc_3aad2676410e3727/starting.xyz,750ddd67d87e57de3533bab24356f6ba2b721d8e56902ff219c24d8ff98d8c43,1257
data/calculations/calc_3ace63afce64566c/frequencies.csv,b903c5a15804ec2fa12daba191c8544ea94710d2b002fce1884060d8f4728487,1329
data/calculations/calc_3ace63afce64566c/optimized.xyz,3619e650a289afd7f761967bc49775bad71e156af54716871855f5e5cc432fc7,1138
data/calculations/calc_3ace63afce64566c/record.json,36d3a9709ec3cba64be786add0e72639b216514d942527cfd51116f91399e3c3,4540
data/calculations/calc_3ace63afce64566c/starting.xyz,0fc9bab75c252e52120affef6fbca4c90fc6aceadafccbe43bcd887d468fdfb3,1161
data/calculations/calc_3b6d4e4b6795d760/frequencies.csv,b7c305eaa4d3058c7d3c1092c6366879bea296258d7c98fcc3fb0982fd99bd28,1430
data/calculations/calc_3b6d4e4b6795d760/optimized.xyz,d5c8a2ebcf7603c8541f083df4596ac6c48472bf41dd45b92f753a58e390ce48,1204
data/calculations/calc_3b6d4e4b6795d760/record.json,7f3393eadad41e09bba9f21d989ed19521b551ecb63375d6a0a77ef4f3f89280,4578
data/calculations/calc_3b6d4e4b6795d760/starting.xyz,722886c0100e1644be57b34fb2ff750ed70ad882d4b7fbce6643bc69407d6a1c,1221
data/calculations/calc_3b73f2dc785d5acf/frequencies.csv,cb99dc2570cdd429e5cdee056b147f6a9951d7320a9de6bf20faf2e49f72313a,1263
data/calculations/calc_3b73f2dc785d5acf/optimized.xyz,f793eeb3ac34d9782f57adc98c7c5fd2f79e377ee14a4343ca6773e0ac0ee1e1,1074
data/calculations/calc_3b73f2dc785d5acf/record.json,030cd14261381c74eed218e8e1926964370ccaaa9213e44a626caf057aa4f083,4438
data/calculations/calc_3b73f2dc785d5acf/starting.xyz,11ef67ecbe22e10fb774616fff02993b27cceb301508f595123b7ddfbd658308,1102
data/calculations/calc_3c5a4da3a0e261eb/frequencies.csv,7e0f576613bc2f005e591cd18f57ac51ee098ced91e40ba38430756ea34517f6,1147
data/calculations/calc_3c5a4da3a0e261eb/optimized.xyz,852c2e745adbba6888f439765ad799268daf5ce259339a8903397eda50dd5ceb,986
data/calculations/calc_3c5a4da3a0e261eb/record.json,2b0428d0efb006471696f7d2a474def7f76ed071bfe3d3975d3dcb2efa806fdd,4289
data/calculations/calc_3c5a4da3a0e261eb/starting.xyz,f34a93a31b266b6177f1c165ccf1085da30814322650214369d86f30842ae2a6,1009
data/calculations/calc_3c702ab51f529882/frequencies.csv,da9838b7f266ba9acd013c4fbaa87e3ecf62640170016ddc25e4e3cdadf802c3,1096
data/calculations/calc_3c702ab51f529882/optimized.xyz,98011e29ea8364b8cd241f3929ad3befb9a4590fe6db1d70f62957b77c310cbf,952
data/calculations/calc_3c702ab51f529882/record.json,9a75c797f7264a021c79af4a4af01213b176629542f97d3434c31203ed8e60b5,4260
data/calculations/calc_3c702ab51f529882/starting.xyz,f3582d361be3ea5492f6068055d38c2a71babdfe414c55f45fe382c44deb24c1,974
data/calculations/calc_3d9f45370675f460/frequencies.csv,9bf8948cb8867dcf55509d1d48d0948cfff29b5e186529f3c58c54d518c11a75,1142
data/calculations/calc_3d9f45370675f460/optimized.xyz,7822743edf58385971cabfce7509ace5a435d5c33ad20a101ace58a3f659deb3,988
data/calculations/calc_3d9f45370675f460/record.json,4f8ce55a91b50782922bd962f26d3be3e3b206104f9001feeab3ad7994cb5c16,4300
data/calculations/calc_3d9f45370675f460/starting.xyz,d486e35fd19d2b94009781de6c7714c312dbb32b05e05d33a297d91774a2828a,1010
data/calculations/calc_3e28efc611b0ffcd/frequencies.csv,9741565c7e6e85e2d4d8c261853eb7403ea5d6514f48a651a7fd82cab1ab62ca,1424
data/calculations/calc_3e28efc611b0ffcd/optimized.xyz,09f6a8938174538feaccf41b47f955323f3ab90507a3a1639bdef1bfeb322c1e,1199
data/calculations/calc_3e28efc611b0ffcd/record.json,80ba5025b7c5d0c7cbd22360e24e42a43f7e2e807bb12fe67fb4b812afb33305,4635
data/calculations/calc_3e28efc611b0ffcd/starting.xyz,2ec4329bf11222632d89a6e7095b6b46d685c2d5517ceb267eab7b1e9787b271,1221
data/calculations/calc_3e42afc65c2111c2/frequencies.csv,b96d7838781c55940c574e423d7dd46593686c7b23477e5729d6277c023fcfc6,744
data/calculations/calc_3e42afc65c2111c2/optimized.xyz,ea1cc5d8044bfb0c299188f3da020fd75d0e81b4b41cb160f610f7c258f0b516,680
data/calculations/calc_3e42afc65c2111c2/record.json,1f307b70c2ac31eb53f72e2ca235f9ea70f2219ac9ffda52cf996b64fe5783f5,3780
data/calculations/calc_3e42afc65c2111c2/starting.xyz,a357cdfbfbcf52418f8fcc120951cf9e78d681f3ee90abf5ac597a85000ae889,701
data/calculations/calc_3f6f1383e4bebc9b/frequencies.csv,91248217b420e96c8989ea93b2557019351769af4376758b1fb1834f68bbf76e,1423
data/calculations/calc_3f6f1383e4bebc9b/optimized.xyz,ac8e5b04f1e69cc6d444c930151c2fadc38ea7ad7d046e1b7349f19a76fcf9aa,1196
data/calculations/calc_3f6f1383e4bebc9b/record.json,864e99d4dd1aa04646e77eab95c1afc8aae375e30318e75f84d044f450f11461,4644
data/calculations/calc_3f6f1383e4bebc9b/starting.xyz,a9bf387f3e71bd413f78c5e798456ed5ee5eee84060c6bee67bcffbc1f27bf23,1224
data/calculations/calc_4111d058a9a23ce3/frequencies.csv,926db72340f71a2550dec7033bd7568e97fdb64af6679359cfee9df789a5a21c,1306
data/calculations/calc_4111d058a9a23ce3/optimized.xyz,26afbc2828383b8a9e77e5d32ecf42fa2e44ea5af49df65b0b64324c92d91c54,1105
data/calculations/calc_4111d058a9a23ce3/record.json,1f638a9580901a7b14692910244da64d204cbdd263f78d7f21803b1869d8e252,4500
data/calculations/calc_4111d058a9a23ce3/starting.xyz,1d46bd2bdf23e4877ae7994596283855f4a834b452a47bbb875b90e00539959e,1130
data/calculations/calc_41c59badfb206e78/frequencies.csv,1c04d1007265a9ebfa50ad9b35fd531c25e9acf7dddbfcf60bc62c4e19ac55d4,1378
data/calculations/calc_41c59badfb206e78/optimized.xyz,bea58faf4beb785eef3e1095bae00af38f61981d78dff5e2823612f92580e3ca,1168
data/calculations/calc_41c59badfb206e78/record.json,f691cd4cd8f7f24ff9ae57501fea3aab0b30c5a223e77f3378e7b5ebb8b3faa8,4576
data/calculations/calc_41c59badfb206e78/starting.xyz,3217961843653aaa9ef63f4424c909813965e78c95815f072e19204bead5f7e7,1194
data/calculations/calc_420b11f0851f386d/frequencies.csv,87923b806d5d97dfcf02a20364fccded13343c7968ab4f9d5d054410fa61899d,1427
data/calculations/calc_420b11f0851f386d/optimized.xyz,8c8167dc69a96d726fcb4d3554841bc5dcafb2db8984d799967ba79b55d7d227,1197
data/calculations/calc_420b11f0851f386d/record.json,ae9836ede612e7bbaa340d5d88848610e4e72dc107aeb3d7d130335d3b144d28,4607
data/calculations/calc_420b11f0851f386d/starting.xyz,be10fcb74f3aea8e441d63d5252267e8dd21631a59ae8a294a8fb258c524da69,1226
data/calculations/calc_4331c3dcbcea9fae/frequencies.csv,91d2e582cc413b15daba6ed92a65f1aab26fc40d608f05c36e0cbf0258efcdd5,1510
data/calculations/calc_4331c3dcbcea9fae/optimized.xyz,b18429fc35e6f3b3571fed37cbee16aebf8a7802ef6ef21bbe1e95bc84cd8314,1257
data/calculations/calc_4331c3dcbcea9fae/record.json,f6b5d257758d36026656dd718061fd43b41c7615cd7680929fb3180a8afedb32,4732
data/calculations/calc_4331c3dcbcea9fae/starting.xyz,8c678138bbb20a097cb5b6460de2fc7ed1039f1f71235e9998c072d5affd6066,1292
data/calculations/calc_43c0069d4d54a62f/frequencies.csv,f9eea833c1fcfd465328d05aa70387ce9a9ae8ca34b9f1ab827de2b95c37c46a,1141
data/calculations/calc_43c0069d4d54a62f/optimized.xyz,9f51e4259417a8b1d62f43b4ccd8a6bb99ce1365fa0b19c697e834c5b7d26cd7,989
data/calculations/calc_43c0069d4d54a62f/record.json,e9e7a7a1a7d79d137eeab51878dced27ba1358894b310fbb44a7b81449c6f23d,4300
data/calculations/calc_43c0069d4d54a62f/starting.xyz,77088f2a40533fcafca75caae55885085eb144d71dac4cbbb508d16c19748c8a,1008
data/calculations/calc_45f8dcda8b5e8f3a/frequencies.csv,7a418b0d012edc757bf380ff843a342921164992dac8a40e1b527798b5b03f9a,1098
data/calculations/calc_45f8dcda8b5e8f3a/optimized.xyz,37fd9a7beaf2ed216d1b71138e50540b0e91fee12f1cf1f5bec6f816a343dba6,959
data/calculations/calc_45f8dcda8b5e8f3a/record.json,5459307df52d6b0cd37bb09b9119806c1354531c13206cfec21eeaa6a87a4122,4208
data/calculations/calc_45f8dcda8b5e8f3a/starting.xyz,f251963b8529d0e7a96c9bc0ce9354d8f814b994cac49e388337ab3c77d2a56d,981
data/calculations/calc_4608e43cdd64d9f0/frequencies.csv,95bebf346cfe22995f11c62b72faf402f85dffcf1db4fecc302215a75cae46b8,1460
data/calculations/calc_4608e43cdd64d9f0/optimized.xyz,ab8eae85d0f5744b9ce7076c9f5b45f976dc97bed46a1b597afcedf66f238221,1228
data/calculations/calc_4608e43cdd64d9f0/record.json,f873f4db6c9ff4384d4ea7ba0b764c0dff3f6879431ef342859c0c051ce71e52,4693
data/calculations/calc_4608e43cdd64d9f0/starting.xyz,48fec303b2badc1c4cbed565dd5ea5e744f8bde580032863c00cca62d2e088e0,1249
data/calculations/calc_461032b033f7667d/frequencies.csv,af5cb6c3b533fad1d16fcc212b54bae095fb24a9f3c13b40c266f0e3570af204,1419
data/calculations/calc_461032b033f7667d/optimized.xyz,b9eb3db01e122b1b8028d057accd5b0bd14b6baaa5e21b072e268cb948708732,1199
data/calculations/calc_461032b033f7667d/record.json,760617bafb79c437915125a49f1673fe6fe635c2686330ff35ea67c195b3a7ae,4598
data/calculations/calc_461032b033f7667d/starting.xyz,6bd576f6d7bdd67b9e27fa9ade035dfb8219a1b1f31f7bf0fe589ab3f99f8720,1224
data/calculations/calc_462b23efdd473dfd/frequencies.csv,36a647c436cf0a5d445a098a236de35fbf370db0e9a5a495b137444922964d68,1333
data/calculations/calc_462b23efdd473dfd/optimized.xyz,838e03af588c5d4ad0dddc4cc9b2b2801ca06cdad59efd53e687739b96e837de,1139
data/calculations/calc_462b23efdd473dfd/record.json,3ad19657b3d4532f07499252627ab99841110268c6a54ad1b355636cc299fd27,4526
data/calculations/calc_462b23efdd473dfd/starting.xyz,328d212f71df95399cc1b61ce4d76d12d17c767555f2298a51540b24cd9504e9,1161
data/calculations/calc_46cd4512cd3591cc/frequencies.csv,27d1be0434879d683fd0e56f1821d5ebeeee3f589b57e47711efdcaf3b5d87c9,1138
data/calculations/calc_46cd4512cd3591cc/optimized.xyz,4a9023853702f67b6195d70ec0591ab722e049d1218280093d3925e2d013e497,989
data/calculations/calc_46cd4512cd3591cc/record.json,83c5fd75a5aad0adfe9e831bd3a5493925fca578ed6eb33d8e510a86ed3cb14e,4286
data/calculations/calc_46cd4512cd3591cc/starting.xyz,7b3c7cd4d4bfcc0d154a157ea2d5852e7133146c80e91448eb6bfa378c382972,1010
data/calculations/calc_47c87a5e95e3b02e/frequencies.csv,d5e53cbf05beb156610d4d6c23b3a772ba683f26ac7d861df05e82f71edb097d,1221
data/calculations/calc_47c87a5e95e3b02e/optimized.xyz,40ab64cd3e50aa790b808d071ae1481a5c137a736a1f10a35182911729d60d3b,1046
data/calculations/calc_47c87a5e95e3b02e/record.json,6c374c44028a4aba165bb0cd82440f89ae39740492cb142ade59f703db984f86,4346
data/calculations/calc_47c87a5e95e3b02e/starting.xyz,6dc450a22af54de88bc7a882e3f2ae58bdcce75935a5e12ecf3f1adec4c20fae,1064
data/calculations/calc_4823804aba3def82/frequencies.csv,0c0e60a4beda985b823a642b2120b5ebe8f6b961f6bd96727bc41c0a1043b5c7,1098
data/calculations/calc_4823804aba3def82/optimized.xyz,49089c4adfec4a903330617e0900ab3398d431e96c07f37fc89d337369b4def5,959
data/calculations/calc_4823804aba3def82/record.json,61b0a6f0f8780e4881fa734199345522b507e8468e1c69a60e46c14f0c76d9e6,4223
data/calculations/calc_4823804aba3def82/starting.xyz,beae32cb05ac75bceb3ef779cc668f8286773083521b51bf89a41c11bcc97fcb,981
data/calculations/calc_49089228618d7685/frequencies.csv,13c326772399b13a37baea7d699280acf9b5b97954af995d401c11fb166ae358,1228
data/calculations/calc_49089228618d7685/optimized.xyz,fd6ffc865e62b6976fbffce0c263c868589c418a73832a142b73553f08c71c60,1049
data/calculations/calc_49089228618d7685/record.json,4c7e639ca62a967240fda5027fa696d6cf7c63ffa01fcb8bc89de806579c38fe,4382
data/calculations/calc_49089228618d7685/starting.xyz,86d09c4801cea9df9715ec28ef03354cbc3dcfbe1a8e01c7e2d74a4a444639bb,1061
data/calculations/calc_4964087490e41f55/frequencies.csv,dc5e806b2991022e65ba0c62af4f9ba267ab82f9d666f9fdef9ddb5f96d4c661,1177
data/calculations/calc_4964087490e41f55/optimized.xyz,4ed7047966cdb613f6cf1c2e3e54b6d5cce26ec7e0b11b1693d3979cbcc4c7b8,1021
data/calculations/calc_4964087490e41f55/record.json,ce8ed890f00d80d4ac0b3359f9b1eba0be5fe1dd407d59d7feab6f1835aeb534,4345
data/calculations/calc_4964087490e41f55/starting.xyz,7427c81f22e1e05f1b2b46bfd2244e11117c4981e5d5e9b22cc0a3c674309aba,1040
data/calculations/calc_497a0b04503b1b8b/frequencies.csv,98fd4932f6824b3bba714f34144fcfa9648e10d23d133182aa18e486bf51238b,1097
data/calculations/calc_497a0b04503b1b8b/optimized.xyz,f80019acf5c1fd17a3de82591c9575c56e7a226382eca992766095836b5d5730,957
data/calculations/calc_497a0b04503b1b8b/record.json,b81d15086ec6e0f7e5dfdd105b924c9240a78ba65f410e89961181c94c639527,4254
data/calculations/calc_497a0b04503b1b8b/starting.xyz,0883a50b98997226ee1cf8b1ee16bd5c509171e57cad805540bf301f76040fbf,971
data/calculations/calc_4988b19d69c57b7e/frequencies.csv,7c77327a6fd9327e2efe46955dfb68849650fd20f1cec94b65d92c2ab79c4a54,1673
data/calculations/calc_4988b19d69c57b7e/optimized.xyz,dae0e9ee41f59429a73ccfcaab37cc3143a13328febc41852bdc9e0e78058a3e,1384
data/calculations/calc_4988b19d69c57b7e/record.json,4498f56d4200c1807dcb5667b3ce602cbe9d5df6e508d882d4f0a0e4b690db49,4826
data/calculations/calc_4988b19d69c57b7e/starting.xyz,d3cdc54e55ddcdad8f73e96ffaf66e299800bec3d3cdc820b10353b2436e9e7f,1401
data/calculations/calc_4a029c633b392b69/frequencies.csv,5dcb10d123d365ff1251e7f014fa45fe74350e6555fca98c407185dd5bb85d5e,1222
data/calculations/calc_4a029c633b392b69/optimized.xyz,66889edb9690ee9ceed7437ef3f73c1a8ce191981ce43ac16064f58c49190537,1048
data/calculations/calc_4a029c633b392b69/record.json,9c9fd2566615552fb54cd6bd9699192865d8edcecfca48e9482a6896455b4580,4348
data/calculations/calc_4a029c633b392b69/starting.xyz,ba879bfd7e7d78c6de679126817cb8368e1a5f9048c1230aa94be09ae7d76913,1062
data/calculations/calc_4a92c714ea7f5fc6/frequencies.csv,bfeb18788d95f660ee8847447debdf3c6dffe456b5d269b1087948f1bec95921,1427
data/calculations/calc_4a92c714ea7f5fc6/optimized.xyz,5b20863392c17891fd71915bcc0b330b47685fc8515f86b009da4c568b44e7b6,1196
data/calculations/calc_4a92c714ea7f5fc6/record.json,9907d3d60963b5c9257e952b0d4ccc6621398213eff7bd67808200f6c0133707,4639
data/calculations/calc_4a92c714ea7f5fc6/starting.xyz,613b11d5477522d4e095d3e2930b2952e32e15709fbd95dd7e06866b6a236460,1218
data/calculations/calc_4ad91875079a2fad/frequencies.csv,f1e22ee3b1a598ae6ba275c867d0f64bee93226edc21b0989e13a5ffff36231c,541
data/calculations/calc_4ad91875079a2fad/optimized.xyz,07d2aa8b5ae98abc078cc7e815dab5eb22c1b4dbdc2e8ebf052c2097fb73301a,530
data/calculations/calc_4ad91875079a2fad/record.json,aefd62060af4393e71e62a8a59657cf9e4b03972593d1eb5b48459485b66f556,3563
data/calculations/calc_4ad91875079a2fad/starting.xyz,6e84a46ca83bfb76582fa854f4ce5fe502ae7a8b7250faab7305be304b0fe133,551
data/calculations/calc_4b4dd9bef7f20064/frequencies.csv,2ce1c95fcff4ac89a2c9b456e3e0c0ad41f05ae096997dbbfee86e3344f0e2cf,463
data/calculations/calc_4b4dd9bef7f20064/optimized.xyz,6a2e7504ca74c96a167aebbfc96026487790eb6ce35b90cae8227e499b8a9319,472
data/calculations/calc_4b4dd9bef7f20064/record.json,11d1df05fa0ff127891cd496a9a3125c3a10d05dab87f1b155ef94e878ef51ee,3487
data/calculations/calc_4b4dd9bef7f20064/starting.xyz,531258e5fb322d7f806b068b234c22a965c0bc9f98fb18b352d8ccba3498167e,487
data/calculations/calc_4e2e0861eea37088/frequencies.csv,53515b36db527acd8f64060f5addc8a54444453d3c216202a6fe04914ee4061b,581
data/calculations/calc_4e2e0861eea37088/optimized.xyz,e4e3b6cd95c67153f43cf0ddb017d6b2d90c2b395754385e74ca9ee41f79d5f3,555
data/calculations/calc_4e2e0861eea37088/record.json,eb7982eef234d9563af36f024a68f156204f379416de6e26ccad664f99a96075,3607
data/calculations/calc_4e2e0861eea37088/starting.xyz,98f290f4b0624b373d516b367d2bbf9fee0cbaf3308cceacf0739de1857eaf5a,575
data/calculations/calc_4f5a7381e2b6ded5/frequencies.csv,21a13a42e3b290cb81c263621b0f3d489962a27472605dae5ed1a2c1e445d2b8,1139
data/calculations/calc_4f5a7381e2b6ded5/optimized.xyz,42d022d2cd8dc02716204b225e43d7bfb36491ead12838f0b7b23ecf11133659,988
data/calculations/calc_4f5a7381e2b6ded5/record.json,9417e1882fccc630b15816db4e8e514c6b411d98881ce925aef5151984a1bb26,4298
data/calculations/calc_4f5a7381e2b6ded5/starting.xyz,55d0d776581462cc88a5ec77647da49884be7b2ef7d479b6bdc175f51bcf2a5a,1010
data/calculations/calc_5001a71b0242aa1f/frequencies.csv,8c35f1419ce889a391863d09daf55c3dc566b1f4e0ebb7f52543363a72951fdb,1473
data/calculations/calc_5001a71b0242aa1f/optimized.xyz,b3bc4b0e6cf333d1ae514a7b130144c42c3eb04cc97aac2c654f95afb5ca2989,1229
data/calculations/calc_5001a71b0242aa1f/record.json,d15b3786faf8fc53ec676fb7b7dae5587e34e58bd3153408a42a8ec7263160a6,4639
data/calculations/calc_5001a71b0242aa1f/starting.xyz,e1f6df436e2e1a61b674afee5f47797bf94c5a058649b2a11ea6d0b87813e9fa,1247
data/calculations/calc_5025a3e61a678561/frequencies.csv,f29aa5b9eee4d59a1ae7a4ba1a872fec16e9970894048cf45d7c90440585a1b4,1339
data/calculations/calc_5025a3e61a678561/optimized.xyz,d4216482f543a5a875d65c67ff2ff3f952184c321b937b9f826cae500a35427b,1134
data/calculations/calc_5025a3e61a678561/record.json,8d7cbd93149ab62e5075e3d047495442a61d20f6a72b37c183722c7e8965ea5e,4543
data/calculations/calc_5025a3e61a678561/starting.xyz,71228cbb0d8fef22a3460fc9c99cc444e833c7ea9d5cbb3bbe27a1ee549b86cf,1156
data/calculations/calc_50e8f8d4f07f014c/frequencies.csv,c48fd81096efbcb89a82cd1a59b15ee116594f3ccfe9d991a82150ad85705422,1223
data/calculations/calc_50e8f8d4f07f014c/optimized.xyz,7220e77c0c3447044a953f323fe6bf8afdd8b16ad5e6173cad91f796b47bc4d6,1048
data/calculations/calc_50e8f8d4f07f014c/record.json,0c5ccaac8f9d87b441d824f0f3ad797bc2561bd82e3ae36ad1683ab99a0200b3,4375
data/calculations/calc_50e8f8d4f07f014c/starting.xyz,d3803d93c85ad95a3ba595a7069856fde1354393c7cd0233f07a6a8701bfb70a,1062
data/calculations/calc_51a7a22d7dc9dab4/frequencies.csv,52f7f67396f0cf85b1fd61f37249ac7b64b6dbae2afb1396b52e51bb29dd6091,419
data/calculations/calc_51a7a22d7dc9dab4/optimized.xyz,ac8736ae598f84326447ecdda577f393b1a56d2c46b20f22e5514b98abc83667,436
data/calculations/calc_51a7a22d7dc9dab4/record.json,4714a6eedfa078d7d7e0f2be0570ae6b353589f838b518f44c8cea79dc1067ca,3437
data/calculations/calc_51a7a22d7dc9dab4/starting.xyz,c93be8bdbea9d7365eb567035ccaa6d66d65be6bdf2a78b0bcd3ae15ee1732b2,458
data/calculations/calc_51c2f3ea6aae4f49/frequencies.csv,82c69d55b5a24e3394b3dba985fb99fb4fb667eb9386e1eecfbd00638b752977,414
data/calculations/calc_51c2f3ea6aae4f49/optimized.xyz,b4d2cc6e7e82659597b23e9a989380e1da1fa40d24bcf45aec132d4f9f81830d,435
data/calculations/calc_51c2f3ea6aae4f49/record.json,1c08938a02871fe559c6661d63d5027f6b1eaafd506392ad544f71fc66565f1c,3468
data/calculations/calc_51c2f3ea6aae4f49/starting.xyz,18c58eb039860b152d1a761bf1ec9026d608835052d04a7597acc75fb7131f01,458
data/calculations/calc_52957a55359e7d7e/frequencies.csv,35d6b1b87b74b2da412fd2188bb41bc49747978e0323a474644a14cf4a98e093,1411
data/calculations/calc_52957a55359e7d7e/optimized.xyz,49a25bead21cc04648e218117db5430ee84b67d816e6df09792d671b4690f372,1198
data/calculations/calc_52957a55359e7d7e/record.json,acfdf258dfdb27bb2b70412a5654302bca4080b83c65ad614ff87b0a31814be2,4647
data/calculations/calc_52957a55359e7d7e/starting.xyz,a9d476565dd98a442765d908c056fa2c3787e01edd02134831890757519e0d8b,1221
data/calculations/calc_52d11e5c99c1522e/frequencies.csv,b96bf3dd61015cb38daf56b1940a9937a2ea221346d0b7db1e70e7b092de3dca,1425
data/calculations/calc_52d11e5c99c1522e/optimized.xyz,d8062a57cd05c4f384b0b3fc0659eb43e8eb9440f981409d055c4223e13ab973,1196
data/calculations/calc_52d11e5c99c1522e/record.json,79fe4e3d00ba3b8312342e563637536c801cb50f1811fb795cddb53b6b6fc3dd,4621
data/calculations/calc_52d11e5c99c1522e/starting.xyz,3e66458977592ca01b4755e9d8b3ab1a5d343f94afba6ff1ba01e6e50d951ab8,1222
data/calculations/calc_53d55d25faa7cb2a/frequencies.csv,7ef3ef0039b21c1d6bd96977e02ea72861721dd9688863c3a44505fe6e0d43fe,1097
data/calculations/calc_53d55d25faa7cb2a/optimized.xyz,2b7281fef016c7ba4a54c59644f887aceb68f657eed2b21c48886174e63c63e3,953
data/calculations/calc_53d55d25faa7cb2a/record.json,2df34d49f7b0394bd9aa57318cfa7e04b50d2b5c8da98da4e5580de1bcf74463,4264
data/calculations/calc_53d55d25faa7cb2a/starting.xyz,f10e1e21b1c923a684c6ff2e2a084e568e0948f36b0516f7e3ffc116e066e6ec,975
data/calculations/calc_54a013183407b3a3/frequencies.csv,547611a7faf0b92772fca019f5244fd101b5a8cc1db1409af6171fd28ea86059,577
data/calculations/calc_54a013183407b3a3/optimized.xyz,b44fab464b190604b69210fcf49d4162c6270efa023848feff48c5e429fdf8d3,557
data/calculations/calc_54a013183407b3a3/record.json,abd1c585e2ccb96287a6b055a14ee5f730397a8a2aacbcd36c5ccad9567063ac,3642
data/calculations/calc_54a013183407b3a3/starting.xyz,a12000e62fd2a54a8f3f42477115a9b535223fb244fc7a5232870c37b3933b05,581
data/calculations/calc_553141f295b4c8a1/frequencies.csv,dc6c942f7511a857ed4d4c83017934c341a2289049fe46beac7954b690bd32b5,1423
data/calculations/calc_553141f295b4c8a1/optimized.xyz,cc71c51e3a5ec597bfac57b03101472af9eed66f56ce834875334770525f0022,1198
data/calculations/calc_553141f295b4c8a1/record.json,14e1046e2a95771195cc9c81e4a82be7a88627423e6321f479fcfd3996d12270,4620
data/calculations/calc_553141f295b4c8a1/starting.xyz,4ce6fbb4033f462363fbff176c1758e9ec8b7dcedcfe4fb83e6dbd5b032c9d50,1231
data/calculations/calc_557d5df31f5d3868/frequencies.csv,f7843588038156db5da423c279ddc352a46aecedafd60a1b5169009e963c0a2e,542
data/calculations/calc_557d5df31f5d3868/optimized.xyz,2a843f9d22166d18536ec877ce6b188ce56df4941abcea216d26a7c988ed8b99,529
data/calculations/calc_557d5df31f5d3868/record.json,028ed31b379769a4e26ad5592438b730c9e8f14f5d3404b83cfd4ec09220e5e3,3581
data/calculations/calc_557d5df31f5d3868/starting.xyz,9886a909b299a794690c27e5ed729c78b738047dfd682f0b6d8698529d93f582,546
data/calculations/calc_55fb7f63499d156e/frequencies.csv,c774625068b1dd81435da2f19d548dd35819bf5c508f1c64fd144c38442e7237,1136
data/calculations/calc_55fb7f63499d156e/optimized.xyz,0f40183d6999fb1d6dbf8aee8b22fe8451657f5fbb33d34a24ae786d7138c935,988
data/calculations/calc_55fb7f63499d156e/record.json,c86e1315db2a23bf9519dca2807d2fc7de4782b45c85d4c4a101a71e8ab4bf94,4303
data/calculations/calc_55fb7f63499d156e/starting.xyz,37597eeb238db250e18b7824b3a31a401f9d5c957062bbc2bee34db0d2833707,1009
data/calculations/calc_565406d4de58dfbc/frequencies.csv,ca66805d70a983215b9683163ad831bdce7256e7fdba63d69ea8567a707e82de,1419
data/calculations/calc_565406d4de58dfbc/optimized.xyz,a11ea40d50f7722276b13e2ab40c2da361372eff7b53bd2155c05af123bd855c,1202
data/calculations/calc_565406d4de58dfbc/record.json,e640e16cb26be577453d9c42e4fcc502d01f935e318476c3b82a9b3b24e7bd22,4636
data/calculations/calc_565406d4de58dfbc/starting.xyz,7ebc2767154ea8d1ece0a97d1485fc7dcf27bdcfd3a7349b33d23637f90fd8ed,1213
data/calculations/calc_5687d6eeed8d267c/frequencies.csv,59c7ec159cdcb4ddbc2736e80637c0f1a8d26b19cd90649ef51d1f50c5848c21,456
data/calculations/calc_5687d6eeed8d267c/optimized.xyz,e513e197e1fd3a6fe0e48dec9468b005ee94ccd6f920681dce03516772a4ad68,468
data/calculations/calc_5687d6eeed8d267c/record.json,9dbe382ff6109ae045bd0fcde50bcb5432ecbf37500f0661a61b7e3afd57c0d5,3514
data/calculations/calc_5687d6eeed8d267c/starting.xyz,9ca576048d5c62cddb60218d5f7a6e47b9ccd9dea77c2be94f7e97eb140b04a4,487
data/calculations/calc_579b225d5746d6f9/frequencies.csv,53729ea3c218d7a03c6ab93d9cc81f52045d09e686c18c1db7fec3956ed2d47d,540
data/calculations/calc_579b225d5746d6f9/optimized.xyz,51b02e4e9e52b19a0f28a151abfb53d7b9ff2e88f84f38ef9b784a91b347d8c0,531
data/calculations/calc_579b225d5746d6f9/record.json,d31fd9abbb7b23efe6a611f06dc9d868f6e65005b6bb94fd7fb5358bd16dcf56,3592
data/calculations/calc_579b225d5746d6f9/starting.xyz,195b23e0ba9a870cf0b2422923dd55821070a19e40fb6006d0f910eb503276af,550
data/calculations/calc_58f0b426ad841540/frequencies.csv,818c61617af3b5ca18bf611e646913f5e18d5e4dc18c30c031c5c8aed67fffde,1416
data/calculations/calc_58f0b426ad841540/optimized.xyz,814c78dac90cfb42b3b5638144e27a3e223187f4a3326e21ad34a48baf9a16a7,1198
data/calculations/calc_58f0b426ad841540/record.json,aaf4aab0309c21992abe00e475a537dd2330750b53b681fca07a2a47e0b38737,4615
data/calculations/calc_58f0b426ad841540/starting.xyz,fee5c614d3b201b7e72e7c49eec8dd84348a8558eefde8e400c936ccb3bc79d2,1222
data/calculations/calc_591f499b8d1ae2c9/frequencies.csv,1d7d77a5eaa8001f68e177bb66aa51f2371693a93aa00ea9335ccfe4b7785667,1142
data/calculations/calc_591f499b8d1ae2c9/optimized.xyz,4f1c19b996e7dc3ce38efc2f54021c13d1a2153e1ed3ce31e47f6ff9429af2f3,985
data/calculations/calc_591f499b8d1ae2c9/record.json,fc409d50c266c4466ad298adfcdec2c3f4277aeb24c82dfcd56e7cc241cf59cc,4296
data/calculations/calc_591f499b8d1ae2c9/starting.xyz,0ec74e0b0510a50e04abf4058ef4f9e3a516069e1545c52bae7499e8ae038c05,1011
data/calculations/calc_59a42f27feac7e7c/frequencies.csv,448094c766ab0fe351825b55dfaa85f05d1b2ba48f9e64302069c6239f53b7e7,1101
data/calculations/calc_59a42f27feac7e7c/optimized.xyz,4c3266d8cc4814928b940f9a18f222fa4bfd6a61e9e50896d603ee41d70bfeef,954
data/calculations/calc_59a42f27feac7e7c/record.json,89f09e99b187409c99efe1dc6e866e1b91fd6e717c65e4c9347103f3f5012f5e,4260
data/calculations/calc_59a42f27feac7e7c/starting.xyz,3a3187b62645812b7405fbd858b81004eb9889f236b9e0a4b9f80482fdafe621,974
data/calculations/calc_59c363ed4bc285ea/frequencies.csv,5b99af0ba370a1e6f17b15a00c9f7a8afc9fca7fc7d723edb5624bc5a1b96769,1462
data/calculations/calc_59c363ed4bc285ea/optimized.xyz,177c786bb79ae095936dcba442331acb6edc8922f659fbc53b5ed2e0415599dd,1228
data/calculations/calc_59c363ed4bc285ea/record.json,df42e9e38e588ce4318c4f88fa7ac9412273bcd95b051081146c87edecdaff8e,4668
data/calculations/calc_59c363ed4bc285ea/starting.xyz,248c5e9cdba15a08aa0c117a1cd6b1da40cba99384315c7c9f4b0b205bdbd52a,1224
data/calculations/calc_5beadd79f0a9afce/frequencies.csv,5b76a7a7150e97d0ffd46aa1f8cd5d2189e2b0d05cc32c6f8e952930378adfa4,1265
data/calculations/calc_5beadd79f0a9afce/optimized.xyz,dfeef4949e7ca7594abf928f3419e0caecc6983b2d7c27d45c3f3397bd308038,1080
data/calculations/calc_5beadd79f0a9afce/record.json,1fe1e4d2f84eebabbc7cfcf7798da53bde6eede58fb2279494d72b47ffb43c29,4430
data/calculations/calc_5beadd79f0a9afce/starting.xyz,6548455a9b60b3bef8ab27d6614a96ff861f1485eb4443144a62a387f1db67f3,1092
data/calculations/calc_5cbeee002649ab4c/frequencies.csv,2c6af3f4584428934c215fadd9a65f837071528dc947006d161e6af5fc1d3856,1462
data/calculations/calc_5cbeee002649ab4c/optimized.xyz,8cb0a94c3ad647885676c5b63784320ffdf1d3c141542fe0ed428da9b6560cf2,1227
data/calculations/calc_5cbeee002649ab4c/record.json,9666c6a694364f1566affecbf0bc7f4e13f87bb9c5a46357256a72cec765fc86,4676
data/calculations/calc_5cbeee002649ab4c/starting.xyz,6fca077f4859d204ef02ef0b96fba7d74879a8de1b840628c369cd38a58132f4,1254
data/calculations/calc_5cf0c9816a5806dc/frequencies.csv,99202748653a20b8138a97926ab7d3b0555615ff1716f3192e0c44dac4945175,1423
data/calculations/calc_5cf0c9816a5806dc/optimized.xyz,d54e53be2e34957f915ccc61a90563be7c668bbcf9acc31a1c641da73a79d386,1198
data/calculations/calc_5cf0c9816a5806dc/record.json,59b7625d9ca94ac0849d09fa76b47a2f97ed29899ed276e73364522bc7cdbb7d,4652
data/calculations/calc_5cf0c9816a5806dc/starting.xyz,46a7fcab48aa6c065c56ed3c4da4abed9a5f9378e55b48f9ba41131c37a4dcb3,1220
data/calculations/calc_5d2fa492b1a489f7/frequencies.csv,692684c9bc37ec8adcda95139b7604ad24710287ce9fb2ced40e9650fc62229f,1294
data/calculations/calc_5d2fa492b1a489f7/optimized.xyz,75d611dde8541ae6f6f783533734c72b8c576ec369fae21eb0b0a8686576b0ac,1104
data/calculations/calc_5d2fa492b1a489f7/record.json,bb849de82eb3fb1bddf7d348c5e16abfabb358b0e9f18733209edf6fa303f13b,4506
data/calculations/calc_5d2fa492b1a489f7/starting.xyz,fff0dfb1ba3f6319f7d6f09c453fb6473d01da41f85c59cbf0af099595f13678,1128
data/calculations/calc_5d6f1ccd891cafde/frequencies.csv,9e95138df1e894a3148b94e43f68bae2a4caf60d867a257bb39d15d3097b72ac,463
data/calculations/calc_5d6f1ccd891cafde/optimized.xyz,f8bcaeef328e06e056eb3cae6e299f748dec3ae498bb5309e782541707f7f67c,467
data/calculations/calc_5d6f1ccd891cafde/record.json,ab5a704756c09726fa1f25f10f9481d6913672aec8959e174229ae5ecb44ff85,3505
data/calculations/calc_5d6f1ccd891cafde/starting.xyz,927f2f028b93bd2af72d8f429f42633a697449bad32951e53739e26daccd1380,496
data/calculations/calc_5ee54d8eac1aceed/frequencies.csv,f5f2cfee5a72bc82490e099ac40ef471db3ae7bcec73bd98fc28fc5ecd8dc0fa,1423
data/calculations/calc_5ee54d8eac1aceed/optimized.xyz,c97c791994827be0695f465cc9212fed2b3d7b014440512a2fc3f0a0b0376119,1198
data/calculations/calc_5ee54d8eac1aceed/record.json,e0fd696e7dcce905639f5c01d2e5a157fc4a1520e18593b646e23af959e77f15,4647
data/calculations/calc_5ee54d8eac1aceed/starting.xyz,f9ac84c4f7f8cb1c9c5bb00d711db37f3ec202b69c4561b72973905b4d5bd70f,1219
data/calculations/calc_5f8c85709d717bdd/frequencies.csv,7d5d5bba59aaaf6374e0d3ad71c65745ed4b79b811fded1962b9d192c21446e8,1222
data/calculations/calc_5f8c85709d717bdd/optimized.xyz,3aef0b31cb04390f88d860f8de3e7338864359feb3617b858010a5e1983957c1,1045
data/calculations/calc_5f8c85709d717bdd/record.json,1f3acb9a7f15be92a06b617035677bd703517ab00debf04544ca70c0aa587fd1,4352
data/calculations/calc_5f8c85709d717bdd/starting.xyz,67bd9f1fb5b32b1124201c1cb07e7038bfc4aa80f6e37578115a46b0e30ffffc,1071
data/calculations/calc_60130b56d282be66/frequencies.csv,464a25f0227e616315d1dfdd9992645313c43e1f48c9448048234c5a61678aeb,1261
data/calculations/calc_60130b56d282be66/optimized.xyz,21906ad8a57c5e792c7a07ae3664ea560f468267c00ff6878bb83a6028f8d097,1073
data/calculations/calc_60130b56d282be66/record.json,fcb0273c963e36ec0a115d76ffd0748aed9907ef53c8e0a498c5dfea3a3d5e6b,4387
data/calculations/calc_60130b56d282be66/starting.xyz,bef1a707fd58f2cdf9b748a415944fffdb4f1e90576bd9a305600e36d948172c,1096
data/calculations/calc_609245ac8ac7d69b/frequencies.csv,af6d1d9485c398e27362c9fddd46ee244cb1896252f5ebea0098563a5897f66f,745
data/calculations/calc_609245ac8ac7d69b/optimized.xyz,d947c7f538941aa5165c9d9c3386516c8c53c7e00eddcd8b1bcd24cacd32291b,680
data/calculations/calc_609245ac8ac7d69b/record.json,87a3ba7b3ede1ed293cc3d792dd331d57fe83af773c66762cacd87b7d6661c84,3778
data/calculations/calc_609245ac8ac7d69b/starting.xyz,af1ae0479466a6256e7f602000f70df314382cd70cf1373c5398468bda1d8cd1,702
data/calculations/calc_62672a6146a08e14/frequencies.csv,cc3df2bac319c3b98a73d968a765ddced975274100520cced25b139ae0990193,1427
data/calculations/calc_62672a6146a08e14/optimized.xyz,f6484254cb629d233e80f416b50cd6d4127ddd0d6d4f51ac83582d231c48c1c0,1199
data/calculations/calc_62672a6146a08e14/record.json,ad08e3fb098297ab60cb080d633fd7ee2112697de229d9452910855eee60683a,4609
data/calculations/calc_62672a6146a08e14/starting.xyz,996f962efbe2ccdba6a92878a7c718bb32b9a567052dbb9c4c7e960134308e0b,1225
data/calculations/calc_6323fbb0eead07d5/frequencies.csv,bc82637f43fd54fa8bc0b1a9312d032ea0b3919ab2afe3401015dee76bc950c5,418
data/calculations/calc_6323fbb0eead07d5/optimized.xyz,1730b98ba61f265e7d8475e30529430fb331a7d9c85d3f2bd9ee14aa5f451481,439
data/calculations/calc_6323fbb0eead07d5/record.json,84439e167ab43fcc6dbd5aa66c8cc208dcc2206874fcbae6bb47ad34def0b4ca,3495
data/calculations/calc_6323fbb0eead07d5/starting.xyz,cba588509463f141234aba838d3604b7b448da1aee659aacfe383bd484c74215,456
data/calculations/calc_632812ab1f35c957/frequencies.csv,f1fdf0a77d94675a46984c83fe4048cfc81bf1c7cae5fddcc49c843ca74ec2dd,461
data/calculations/calc_632812ab1f35c957/optimized.xyz,2cf1ada24a715fb31b396f42546da4cebb7f1b9fdbc660f538891330e4b64867,466
data/calculations/calc_632812ab1f35c957/record.json,3ee6755f195f408f6c48b0afa3ed49ed12292e64e083d0bc4d376cac4ddbeb32,3492
data/calculations/calc_632812ab1f35c957/starting.xyz,9dd6b772f0a0b160e82e114e2a381b605d9d2579f918dfcc529103189ae7dfff,487
data/calculations/calc_632ac16308aa7835/frequencies.csv,030a88d2cde0fe93c1306c763074979908692175a4ba3b3a8de44128d55a23e7,1141
data/calculations/calc_632ac16308aa7835/optimized.xyz,f994b50eecc385241209994c755393b64bd0703943d83bde18bfc28b92d53683,985
data/calculations/calc_632ac16308aa7835/record.json,04806f60792f3ff6d11c8e9f0e74bcb01cdfac4ca35975a7a6f4537fb5e7e2e6,4265
data/calculations/calc_632ac16308aa7835/starting.xyz,91d6081e1e3a83c38ecdd4a6b3fd50bca7389d83ee11065186d430db68f7bce3,1006
data/calculations/calc_63adf8eb5d64e352/frequencies.csv,fbbf4f87da62f5bb4dd9ecb2471fa30c203c15eb7fa2e1613a121618ab4992cf,1136
data/calculations/calc_63adf8eb5d64e352/optimized.xyz,044ba2240d829011a2e518a3cf7a49dea68ae3033285d2e0635ed71c94621a3a,986
data/calculations/calc_63adf8eb5d64e352/record.json,f9719b59350aa11aef82735d842f9385d48278867bc69c86648881a20d488519,4278
data/calculations/calc_63adf8eb5d64e352/starting.xyz,05fc72564bfd07bafe9e10674e6d59daf84ab8d7e0db8c703c71c6684fb1d42b,1009
data/calculations/calc_63f8b75b8679c7a5/frequencies.csv,fad724a2edf1c2b1b41b4d5f780f0c2cae57bfa2628be300d2d58d73b93331e0,1339
data/calculations/calc_63f8b75b8679c7a5/optimized.xyz,ee0095eb5416f4dabb1a22266695ca934cd69d906ed65ec3e047f93dee1c17bf,1139
data/calculations/calc_63f8b75b8679c7a5/record.json,3f1c178ae9a113e9bcba0069cc219319d16095ebc9e5d83c4789981035b6b4ba,4518
data/calculations/calc_63f8b75b8679c7a5/starting.xyz,986a5406414d9e2159f956ec5ff9694d827f562a07e196f85d2f833715ef63a3,1164
data/calculations/calc_64bda940952af5ef/frequencies.csv,484dc81c7dc8a34424ecc02c638760ae0b06e412b4780014cd67c72c568b5c86,1228
data/calculations/calc_64bda940952af5ef/optimized.xyz,d4d985a521b1cd5bf8f9234375ccde1d90595fe5be5824bb42a1b2f0190aa606,1043
data/calculations/calc_64bda940952af5ef/record.json,fe6464f377a0a1a3b112e85f8c31e797f68ca4184e3899e782423cc62c957f94,4352
data/calculations/calc_64bda940952af5ef/starting.xyz,90b14a6976db8fd531f705ad474ec98f807bdac18f21f3bf6f8f49dbde3e9491,1063
data/calculations/calc_655ec0f917222576/frequencies.csv,59582b993902670f0773c609bc567d0de815cc1370f0f7b6c8016152a9e0a2b3,1103
data/calculations/calc_655ec0f917222576/optimized.xyz,994a1ebfead8a4945b41c99e42bdf46c8f68188f44a75189483ee98608e7f6bf,952
data/calculations/calc_655ec0f917222576/record.json,41f5743fe044abb1f963764d021841f04f827cff74e21a427b8cc3da0264ecaa,4270
data/calculations/calc_655ec0f917222576/starting.xyz,636acbe3145aa0068f44415c02d43b93a800a20f2a5720d2a230612fafba91fa,978
data/calculations/calc_65dc9944805d507f/frequencies.csv,af881edd998ca4480120370e2e6558b61b0806b67ece47c408ab7df2c7a94559,1298
data/calculations/calc_65dc9944805d507f/optimized.xyz,98f5588ba64869e22bdfba61ba08010a08aa699d47621471b131e14ed1462124,1105
data/calculations/calc_65dc9944805d507f/record.json,fe80cda06e56eb14c3ec837176078a5c3ebe6230ac001d23bfe124caa37efde7,4471
data/calculations/calc_65dc9944805d507f/starting.xyz,dc4a7d637f1298ec675c65e1404c2eb8a84cfe4ef28569a2e01351de3b9fc304,1127
data/calculations/calc_65ed7cea79d02289/frequencies.csv,f877daa2611d754711f209bb35b8f5e10fac9b797bd0b5857d74af926e65a676,1425
data/calculations/calc_65ed7cea79d02289/optimized.xyz,854af2edf03ef9ece8c25dbed58096acc5b3f5b79bebd6ff884b5f4ac314aa2b,1197
data/calculations/calc_65ed7cea79d02289/record.json,080a7d5ca863a6e4c5497315dc319f42a155675adc9d89038b3158e180d5845f,4658
data/calculations/calc_65ed7cea79d02289/starting.xyz,edb06145172e710bddccffb683a247876967d3c7c6d2da0b85e7540d9614da19,1220
data/calculations/calc_663fec4b0d648b83/frequencies.csv,5d95c2652b51989d0c5b20631b7126f509c17a1660b39257b647bc235aa553c7,1336
data/calculations/calc_663fec4b0d648b83/optimized.xyz,81176f5d94bce3a5f5ea66411d7a426de06b89f0535941bb997885826ed39ba6,1135
data/calculations/calc_663fec4b0d648b83/record.json,202a93c57b0dc1cfd41b7b3d3ce42da2694676eea2d7f1501e2c6b213cb88704,4518
data/calculations/calc_663fec4b0d648b83/starting.xyz,8015ebac7ca6f2546ecfaf27a75bb931d8d315356f29c474eb3cf57f3e182d8c,1160
data/calculations/calc_67c0ccd51ab4dd66/frequencies.csv,a3848754aef1065b730b373bf84d0e7f19bdff825f766b070228b1079ababca9,983
data/calculations/calc_67c0ccd51ab4dd66/optimized.xyz,19b4f80e94443ada694facdbf032b69eafaf53ce29c680cd724fa965ea5ff4b8,866
data/calculations/calc_67c0ccd51ab4dd66/record.json,9b4065e2b50a222de2f499060c777ab48d59332c0f866a5abed3c652030b4d26,4095
data/calculations/calc_67c0ccd51ab4dd66/starting.xyz,8446474db68a11425c4a587f30e4314b86e45dbc485321208ad0be0db96d499e,888
data/calculations/calc_67ddb66290e3abfb/frequencies.csv,1db56ce9b72ab7f303540587b864210d8429ce1a38c6bd62d12131db675bbb12,420
data/calculations/calc_67ddb66290e3abfb/optimized.xyz,c1c12e514b3365e1e46c4e0557207c6897d7514532ad19522f992a7b8b70a8dc,434
data/calculations/calc_67ddb66290e3abfb/record.json,2551f1865de700d2a719bf095d7bb007c78123e56a8ea08225079a46aa516f82,3503
data/calculations/calc_67ddb66290e3abfb/starting.xyz,2874398c86db9d23dcef7ee1432657fa38556d6d5f4ca0fffc03064a279cafd0,455
data/calculations/calc_67f510584130e945/frequencies.csv,ff9a19a32c49682aef650d44a3360aed69e8cf571797bde8fb1cd382edd3c0c1,1379
data/calculations/calc_67f510584130e945/optimized.xyz,c86291e29c5e9cd4879e2ec837dee2e0c56f1bb95429a0417dffdcfafe6dfb58,1170
data/calculations/calc_67f510584130e945/record.json,b743bd0ce4221476c4e5464d8b879cb896d4d0394be4ff57805501b9a88ce1ee,4604
data/calculations/calc_67f510584130e945/starting.xyz,e4956b54d8bf867e83b5f7995249e2038012ec70e9e99facecc3eef37a95b7e9,1184
data/calculations/calc_6860d94188298203/frequencies.csv,626ec6b74f0795d1249f094b5e4bdc48c2ff6ef9ac7e03d0eac5478a57162b65,1226
data/calculations/calc_6860d94188298203/optimized.xyz,85047b0fb6d68ae54f3f81d22745a05baa8be3344cab87b5adab27dfe6d604a3,1042
data/calculations/calc_6860d94188298203/record.json,267f02fb311ddef52408028b81be7d3e71758a4fafc5bf448b2c5f4f6e1135b8,4351
data/calculations/calc_6860d94188298203/starting.xyz,33bac9cb9e2d71334e1feebf8b9b42b175271c2164240e6a6effbae8e72df149,1063
data/calculations/calc_6893b0227250c583/frequencies.csv,20c7406a126aa44bc2204089c0a5dcdb080a5f2649cd98a14a5d4dd2ff9a50f7,1264
data/calculations/calc_6893b0227250c583/optimized.xyz,419af49f6ccc0396bfb9b275851212b7456e284396e8032273ad92b7e24e6d0e,1080
data/calculations/calc_6893b0227250c583/record.json,6e5141d3fb6c8e15251aae6a1a6e9f66123d7f088bac49a6ddfff11e14810cd7,4426
data/calculations/calc_6893b0227250c583/starting.xyz,8707c5ba9e05a3cb2bbeea152edc77a79449ee66d90a61d2a6da418f595714d6,1102
data/calculations/calc_68badf35c7cc9a8a/frequencies.csv,b205fdf9037bbae020b60eb197d3396d8aea74f65c9415eb8c4faba0c8d07020,1107
data/calculations/calc_68badf35c7cc9a8a/optimized.xyz,929fe352ff12367daf8bef1410c941120c32732896171350e2e9daa94defb31e,960
data/calculations/calc_68badf35c7cc9a8a/record.json,2d1e55c0cc52de32b97b2e16b0f2b0a0447840b20040962b8eb4769077a329a0,4241
data/calculations/calc_68badf35c7cc9a8a/starting.xyz,7e42b2f955af283fffccee133e88e1735c24a0bba7eb361b1a55c912e53b23ec,982
data/calculations/calc_68dce74d32dbd762/frequencies.csv,60c8d2074baf3360e773197b27e4c31faf73cfab77550d858741eff7e8a080e5,982
data/calculations/calc_68dce74d32dbd762/optimized.xyz,5730b296e255b08b6fda63dd83d9298837f8dd2a70c28fff496b848b486078d5,861
data/calculations/calc_68dce74d32dbd762/record.json,531310045cd745b53ca7b9d8ad914e39e58b62394343fa926dc99460a6c9c7b7,4104
data/calculations/calc_68dce74d32dbd762/starting.xyz,f7c05df86a8c87bd29e6149d126103b63d32d9eb145c319713269d05a508bc2b,883
data/calculations/calc_68f76f635567b570/frequencies.csv,59c3e441a46e49404686b37c17de3deaf9af4b77fe9595255fa821719c3e37ae,1223
data/calculations/calc_68f76f635567b570/optimized.xyz,aece864c891e2355637e75ec1dc4d0fbb797fa0ccfa5891fbb455e3da82b7949,1048
data/calculations/calc_68f76f635567b570/record.json,2efda485ccc00d704a69039410787f59bb6d00e6ae5f82caa54876769b64e071,4381
data/calculations/calc_68f76f635567b570/starting.xyz,7b3c56d56f45a2fc6d6aed9890ecec42cca2f7fd278af53029bdbd67f42665f8,1061
data/calculations/calc_699eb456c0bcee04/frequencies.csv,3f947b8756d7dc44914f3f02ab4018a2b6dd25fbafd5490a1fe1a3d8257ed323,1223
data/calculations/calc_699eb456c0bcee04/optimized.xyz,84cd586c3d7a5c93b02f1aae9a3b5bce3f91c19483564d110d985fc170d25005,1045
data/calculations/calc_699eb456c0bcee04/record.json,527931be7efc3c22d9f93c57dbc365ca9712d119f2568775bd4289efa97c335d,4365
data/calculations/calc_699eb456c0bcee04/starting.xyz,03305f0f7053d70c1191881b4e86af77689d6ee610653507223c76ab8156b382,1067
data/calculations/calc_6d1bb725183be428/frequencies.csv,6c59bcf1d79a9f0320eecb4c3baddaa197cb7cfd3d2b0dedc057d47a3a8b5e74,1334
data/calculations/calc_6d1bb725183be428/optimized.xyz,b9bf46556bc943e62a2ea06320e43752b4fc2aded21e99a9cf7430f89b07940f,1138
data/calculations/calc_6d1bb725183be428/record.json,c3dbbfc1a16e0965e39a05050bf42e7d6e90c650ad2af65c9e0f1aa18e583726,4510
data/calculations/calc_6d1bb725183be428/starting.xyz,b37a38dc093de84e21aca254ac274ebcd8c7cfb5b952a25bec2eb269bba4a1b4,1159
data/calculations/calc_6d597551171e62f1/frequencies.csv,f4068944c8f2b83e2ae3ac4e067f47d9979bebd9acbe1cfbeb4ae0759e246187,1104
data/calculations/calc_6d597551171e62f1/optimized.xyz,4c743a207708916be485977f021e1788304a925265f977b347093800ddd363d0,959
data/calculations/calc_6d597551171e62f1/record.json,421e5bb2be7277ddd591a7cbd95d375b4cc067f32b93aed1d7dd4182bbac536a,4232
data/calculations/calc_6d597551171e62f1/starting.xyz,35dbed03634381576a5731fb16a105ec6609a7622ca4a1b01a24b1569d42f4c7,982
data/calculations/calc_6dd25721f53cee2e/frequencies.csv,d71ffb870f97578d163be5343dc77bac162c4fea8308ba0cdfe70b2b8902a22c,1174
data/calculations/calc_6dd25721f53cee2e/optimized.xyz,bc272144bc341307e93ad7eacc79701b5940034fb0d11784ac54e227386e6d1b,1016
data/calculations/calc_6dd25721f53cee2e/record.json,452c49a24af7229a8d930da00e8df014cb0b84633342c52ebcb2cdc1ba0010c9,4338
data/calculations/calc_6dd25721f53cee2e/starting.xyz,3f10e19cf70fad644dcaa8d3847924702e5019f7c1c468c0ac9a8a62b5c3a443,1035
data/calculations/calc_6e5426e1ce41021c/frequencies.csv,e1dcd89c97246bd10723fca2d74656a7253453c352cf8c57b470a0a78aff5607,535
data/calculations/calc_6e5426e1ce41021c/optimized.xyz,c6812164beb298a933f494a1b1bb5457f26e7c591950334cd749b7ffd28f36c2,528
data/calculations/calc_6e5426e1ce41021c/record.json,68d2fb134c4e2b83bdc15b545ce4759cb4a31891ee6a11ef80fb06ca2bf92665,3605
data/calculations/calc_6e5426e1ce41021c/starting.xyz,20640f594a37268cf57205e79cc0f7e9893e7f8065a70b79f52cefb0c03094f3,549
data/calculations/calc_6e9313e7d80730f3/frequencies.csv,2203bb6c558e601ec770490d8247ae6a792a400689a882e48c9710c05488b64a,300
data/calculations/calc_6e9313e7d80730f3/optimized.xyz,d2d0109f744ef59039de1c4d399d5d8ee222a7309df2a2f434a0c5196d7bbdae,343
data/calculations/calc_6e9313e7d80730f3/record.json,9d64c43ab250313ac8bc052d74bf59cb55c79cf63fb8bcc58ea243e4278234f8,3318
data/calculations/calc_6e9313e7d80730f3/starting.xyz,afaf3baba1fd0f4e6085db33c322c5aeb6aaa92193b74807fab935ce3b5442db,362
data/calculations/calc_6f3fadf98efb8443/frequencies.csv,5fd1863cb48c444c8a7e5823510c7d8d762f232f68a059f0fe4e490b7fe06bc7,1470
data/calculations/calc_6f3fadf98efb8443/optimized.xyz,7785839ddcd69829e72657e9589a2e1c87bee6947b5089a1c1d7d7e9876af2ff,1233
data/calculations/calc_6f3fadf98efb8443/record.json,4c3d139c7b3687b290cb0f4337c2ec3a2a622a5925a0ced5299d134e4800c07b,4673
data/calculations/calc_6f3fadf98efb8443/starting.xyz,643ad4bf68e7b3a82c5f1b555a15c04043ad3904aeae237e3c6e51301f1d88f6,1256
data/calculations/calc_6f45fb9022587d2a/frequencies.csv,4dafdd0fd8ba5c83f77986f6387240bd80436a50f1171242799cabddfd979d6d,64
data/calculations/calc_6f45fb9022587d2a/optimized.xyz,d556b19c85bb4f79a4f4f5f1676ad8bd1c495af774a213fb01be4737dfffd2f4,161
data/calculations/calc_6f45fb9022587d2a/record.json,7ef4d085c83a7180021d1401ad7ad61b8218c7b9b71ddebe8c30904a6d13156f,3034
data/calculations/calc_6f45fb9022587d2a/starting.xyz,bb8dee1682f1892ec5568d56b288c689b20fa2f49f6154c0b257089d2c8c2014,182
data/calculations/calc_6f84473072d9c8e9/frequencies.csv,29b3d7bf137c16e2ea3fa15cc7bb41be802668cad18418b2ea28baa5ec41b5f9,1504
data/calculations/calc_6f84473072d9c8e9/optimized.xyz,003d13bab3696281aaab63a5064ff908a33ca71319f85cb468a07cc32e474b03,1259
data/calculations/calc_6f84473072d9c8e9/record.json,c94d1e75989902deef22a9e28fb845c8761f74d2310f0cca254da160e335d60a,4739
data/calculations/calc_6f84473072d9c8e9/starting.xyz,bfcf01cd72520033052597490d55ff862d86cab8c13123599ecd57bea0b0328a,1287
data/calculations/calc_6f912d137c0aee92/frequencies.csv,0c8aa47079554992988ed68ba623ab94be59c15fb7eec93ddfc55265d7922144,1338
data/calculations/calc_6f912d137c0aee92/optimized.xyz,e1a630bfebdaf5eb8ecc32dd1f2516cfa54d210854082e9d8a415dab1c24591b,1139
data/calculations/calc_6f912d137c0aee92/record.json,cb20522e41f18511babd42628db98df141a4edbea8e5b57ce720038c4ed1eda8,4506
data/calculations/calc_6f912d137c0aee92/starting.xyz,5827cf7f359adfb1ff48a75e71f86ee532a85e066a296701848471865f8a00ac,1159
data/calculations/calc_706acf64f1683d4e/frequencies.csv,33c5c1a45cf7765bd158acb586b8927e546835896bfc8a86eaa573481677d1a8,1377
data/calculations/calc_706acf64f1683d4e/optimized.xyz,9f225dfe91a8711096a6ed0e0168439f5e1f52941b5bbfdd34fd0ceb1b410ad3,1165
data/calculations/calc_706acf64f1683d4e/record.json,08ce0e89db2d105a2dd3b0e487a30c1938624888e2bcb1023d1ea5e2cb42024b,4609
data/calculations/calc_706acf64f1683d4e/starting.xyz,bc56b2b076da607bb1dc9d5d0efb7a221815fc63b2db53a43e0d219e65dafe9e,1194
data/calculations/calc_70a1afe23b704cc1/frequencies.csv,1e2ae72ffb2d8cd878cca43718b13cb69529793c6611da3846e61d04b85e2cb5,1143
data/calculations/calc_70a1afe23b704cc1/optimized.xyz,1055a1a5987758f15cd349405fda39f612caabedf55c244b103caeb3cd9ee72a,987
data/calculations/calc_70a1afe23b704cc1/record.json,4bf7451397fe9339b765bcea5229bea60033253d8acc67017ef9c9fc03247816,4266
data/calculations/calc_70a1afe23b704cc1/starting.xyz,a864b68ce5f92f40223e6e6b636f5fadf955220c4656ad80d21055bae24a4ea4,1008
data/calculations/calc_70d17d7b51860fde/frequencies.csv,ea209f9886705fd447f5ed857d412c9df03c650263ff3540422082190d66a64b,256
data/calculations/calc_70d17d7b51860fde/optimized.xyz,e1c1e3125ed7d6c3e42e352e446d81ba936eaf44e63472f07631e3d828926d16,312
data/calculations/calc_70d17d7b51860fde/record.json,753502b9c35bf33e1b212a1ef0fb62d885d6993aefebdacaba6bef88bf46721f,3249
data/calculations/calc_70d17d7b51860fde/starting.xyz,ab95a8fe35ca27374b46f6d4abc351f4fb6b7e2f6820c2b108666aff9af39f53,330
data/calculations/calc_70f6acb805d3c805/frequencies.csv,8fa36d111accb488b9dda2e3b474ce4e689e9ab31438fccc60132396df2f44ed,1177
data/calculations/calc_70f6acb805d3c805/optimized.xyz,f37f59688a9f2374639ccc0bbc2809d1e0478d49cd28d1db32e2796b25126b9d,1009
data/calculations/calc_70f6acb805d3c805/record.json,c37c43318aced831a2de1987e11fc26f18769fcabfb89aa308ffc7e058890633,4354
data/calculations/calc_70f6acb805d3c805/starting.xyz,5f9f3ea3abbc996fae68c2949eceb20d95f027739eff0eef5d12777a3a007ae3,1043
data/calculations/calc_715864eb4f63358d/frequencies.csv,8eaa9524426dd6a38787b2673d83155ee702a35b3ff84b3f780ef76b0b699331,1219
data/calculations/calc_715864eb4f63358d/optimized.xyz,65d7b66b2a8882fa5cd19faf030bb9cc31b152d60960ea0602e140ced572a525,1045
data/calculations/calc_715864eb4f63358d/record.json,e56c3ad71ba7e65dc6f7afc63a27e1e9886f7ae8d6121e735a4423151051c01d,4401
data/calculations/calc_715864eb4f63358d/starting.xyz,47e8f584d7fb925ed1896bb4a428777ee69b16f5cb3e23313a08571df663251c,1068
data/calculations/calc_71e4fd9c80d17df9/frequencies.csv,c554e5953d265788fede7d5aef04476dc1afa32c1fabdc5bb8840ab14949c875,1297
data/calculations/calc_71e4fd9c80d17df9/optimized.xyz,2034e3c7ac0ac8304f1194c433f1310468f907672dc0a134758e8ef70aa81e96,1107
data/calculations/calc_71e4fd9c80d17df9/record.json,1a1714871c3a162d90ed00a3d7140c6e7a02ea6ad6d31ab188af9aa8bb38ba68,4460
data/calculations/calc_71e4fd9c80d17df9/starting.xyz,e573e257001ad7ed60bb792e90a65b01efb8ed3d2acbf383f7ec4c780aaac752,1128
data/calculations/calc_725de4a7fb1a69d0/frequencies.csv,77b65350d81efba4aa1c3b0afc3c26ba1d7549fb86e5935ac5c2387c60e6c9e6,746
data/calculations/calc_725de4a7fb1a69d0/optimized.xyz,1321dbb38ee311d0bda76efc946b8acd42a1db7ddaa7e796af8e74383735319e,679
data/calculations/calc_725de4a7fb1a69d0/record.json,d58157cf28c8118a7a576bc449907bba8febb72bfb79e3cf74f937dc6879e178,3783
data/calculations/calc_725de4a7fb1a69d0/starting.xyz,77ea3455fa70bec565cc13edd362283941b6954c855679c8a66c47b7ec295ac8,695
data/calculations/calc_72bf1dd411b42985/frequencies.csv,395b82af0268e543ee8fbc416d55391eb5abe799b2d835faac466f19e4252b99,537
data/calculations/calc_72bf1dd411b42985/optimized.xyz,fa37a0a62e065ccec9fde6b0db84a7c8e8460949d58572d6fd5e0c05db5f41ba,528
data/calculations/calc_72bf1dd411b42985/record.json,096080bb7e8a0f9925ec846fcfd057f8526ec745184bb3479e8e10b41899acac,3622
data/calculations/calc_72bf1dd411b42985/starting.xyz,d8c7b0c1ca8da3425b9f585ca90356c53d8018d5009986cb8b821faf3e768abc,550
data/calculations/calc_72d490ce35cc1dce/frequencies.csv,5219d865974eedc00c64ac3933d554343618e758d9e0f06fa626727b25ac5cfb,1421
data/calculations/calc_72d490ce35cc1dce/optimized.xyz,4e447e7332fa8a910817931e78f1711f8d92c8bb4efd261153f5f1892629efa5,1196
data/calculations/calc_72d490ce35cc1dce/record.json,f4343101ed83315693ed2ceff7be544b587999aa0009d4bb6c7556f9c5c35695,4643
data/calculations/calc_72d490ce35cc1dce/starting.xyz,245b15ac60449ab6cd9c75d53741777d6869f5bf217c5f8116ce26d22b471254,1224
data/calculations/calc_73513eb6dbf3d59a/frequencies.csv,8a46afeb8358e73bf9c34b1d9f79ce29cb804a561a19dd394bff91fbf43945b0,746
data/calculations/calc_73513eb6dbf3d59a/optimized.xyz,46682823496e0347475f904c37b8e7597dafc32ada194001ce3fb1ff9c24dc37,678
data/calculations/calc_73513eb6dbf3d59a/record.json,eb90a2873df9a4b6db96df7f13b958f92db439e62e1bd84b8facbecc85407740,3777
data/calculations/calc_73513eb6dbf3d59a/starting.xyz,51dd847c72058bfd88d5feb566032de63db1530915e5e8c136ebf97c1aeeff21,695
data/calculations/calc_73ec8ea041c3fef0/frequencies.csv,fc54e189f2b11c9a16a86c3723f28574863956b1ad378c59a85450e1649ed18a,1339
data/calculations/calc_73ec8ea041c3fef0/optimized.xyz,ab1af0479a6b14d99d531447084e18f980b3c433e47d5aba117881aebae50804,1135
data/calculations/calc_73ec8ea041c3fef0/record.json,1c12368b44df04f1e13457905bec92e2e1c1e6df43711779cbf7235936bf1f6a,4530
data/calculations/calc_73ec8ea041c3fef0/starting.xyz,ea13e07243086532cdf43d27e1a34082217b6140b05e2932a70009faf31d5a53,1166
data/calculations/calc_7415e77ee687e04b/frequencies.csv,58daf66caeafec84e8c6848356ba9f7985fe04d790314b49a4f840079e2aa267,1178
data/calculations/calc_7415e77ee687e04b/optimized.xyz,b754996dfb5d069a581fdf8be02bdf9a8247b2075dfa54711c7ac77b661cad63,1011
data/calculations/calc_7415e77ee687e04b/record.json,3226dad817ba855c614a2f3d532b1c6022cd3fd62f03d14d11921c6d2e1da895,4327
data/calculations/calc_7415e77ee687e04b/starting.xyz,20d4abc0adaf66fb82c782ffa19897fb0844c188caf7fa82ac980bf6cdd1959e,1039
data/calculations/calc_7474c1645ee48f37/frequencies.csv,9b32231dd03e12706755cbb9fbe0346098a3625bae3ddf714c4a3db4eb9ad58a,1423
data/calculations/calc_7474c1645ee48f37/optimized.xyz,914a13ff81a0e841d5ff6d5f85fd1a46431e87cd7960d84481575ede2b0d3cc4,1198
data/calculations/calc_7474c1645ee48f37/record.json,5de3a43bf37717c4246f2e21cfb5902bc7bacefcd31f467b216aa09e58ee17f6,4625
data/calculations/calc_7474c1645ee48f37/starting.xyz,7892486d25a49c1e028fe1f3cda7e37578fddee780bf2258798a20aa8e3ebe93,1231
data/calculations/calc_7521e24e6129e1a8/frequencies.csv,92499af0dfc43c1a0e729f5481c9e69b3f12cfbaa0043535a2f90361aa3a1cfe,1226
data/calculations/calc_7521e24e6129e1a8/optimized.xyz,b6d7befcf915fc725b3f3285caad5d58f437192d0d0dcba28636e1517d1935d9,1046
data/calculations/calc_7521e24e6129e1a8/record.json,ed215cc0fd6182598f1397ccf466e9194f81e0b6c9d34b4e3231d331fa325d2e,4397
data/calculations/calc_7521e24e6129e1a8/starting.xyz,6d69873c6a41d17dc7e17596000c5a37eb950c3f0bf13744f49046743d4e33dd,1065
data/calculations/calc_754078939221572d/frequencies.csv,19d95ad3447c5e514e173ce7acc5f9d0cd2b4184c325f8b3c28d579dae1ad9b9,535
data/calculations/calc_754078939221572d/optimized.xyz,aee0ba853f5e6d05e48832600cd6ef1fd3fc672557e502f6f3288047bdb255ca,530
data/calculations/calc_754078939221572d/record.json,569bfdf0a4de9e5129b0c72d5481e3afac7d09a4b007da63bda6d56f369cc40e,3562
data/calculations/calc_754078939221572d/starting.xyz,0e882d308d0f323512e1aff93bcba4d815b6f48103f7c30d03888e8b2093ef94,551
data/calculations/calc_76b5542ff380a349/frequencies.csv,092c4777d8179aa251ed5ce26b3cbd863a3d736a3fc210117f2ebd500634724d,1222
data/calculations/calc_76b5542ff380a349/optimized.xyz,45b02cf8b6f92060d9d75f3afa9bf8e32253822110d80f2a14f4268d161899cf,1043
data/calculations/calc_76b5542ff380a349/record.json,110c0e47c38a6e2a71402c999a8510af880282f4c63a9433c11a50b095bdefb2,4361
data/calculations/calc_76b5542ff380a349/starting.xyz,915858cb7655b88fdbc6e08d016ab318a2e96fe92a59f3dc4d7af4721e88fa92,1065
data/calculations/calc_77e99c7202c577c8/frequencies.csv,63beeed8fd5f2bcd137ffca54678accb5f8d0e733e6265caa6aa64f7cb090da0,1177
data/calculations/calc_77e99c7202c577c8/optimized.xyz,e847522cc786e74d01fd9808fc2cf77821a48c498aa9fd54ee77792af93163fb,1015
data/calculations/calc_77e99c7202c577c8/record.json,2bdb8128855d0e3ffd1f3d4ca4a274547bc40691343bf6e839912c11caf4c3e9,4336
data/calculations/calc_77e99c7202c577c8/starting.xyz,c01be00c8e541fe312e4a772a549301ca24cb8a16a5a253dbddce8f977898757,1035
data/calculations/calc_78af7694df9bfb2e/frequencies.csv,f3881a43dfd3ce6d88498664dc992fba23372f6005a1c7bdf916985be7362870,1225
data/calculations/calc_78af7694df9bfb2e/optimized.xyz,3fe74479a294ed0178675a05df11fb1578cc2f6fb7cf1369857995fbca3fc6b7,1047
data/calculations/calc_78af7694df9bfb2e/record.json,3934f537cf17132e511c6f65e335f8e8dd852aa1531fa45f7d9f313979955728,4405
data/calculations/calc_78af7694df9bfb2e/starting.xyz,a6a7197ebfa183b89c9e796f1a6b1cb00ddbd5dd1fdad93a1b276b6de9894e9e,1069
data/calculations/calc_78f81024d1ff47cb/frequencies.csv,2bd656e060dc04f5298fc5d44ecd08b5d6daf12d6a38a4af69d52e9cdad5dbd0,1463
data/calculations/calc_78f81024d1ff47cb/optimized.xyz,ca10d91c1996633678bf6480014b16e2086e9f99b5a85b919a761c143f0c3658,1228
data/calculations/calc_78f81024d1ff47cb/record.json,3662ca911e9068421706b2847431098839c045fbe62376367fb5597a736191e6,4698
data/calculations/calc_78f81024d1ff47cb/starting.xyz,07245280f0274584de77f39666371490958a768c63861596250d6baa2b6d3650,1249
data/calculations/calc_78fe08a98c3fcc8b/frequencies.csv,362a828db30cc2c6dbd129592d23381db177ea36e28d0f78da409f548403632f,1343
data/calculations/calc_78fe08a98c3fcc8b/optimized.xyz,e553fa5cd4bb443ed53f3cbb739a5e28502415a2aa7f325dfd7e87429862a8bc,1134
data/calculations/calc_78fe08a98c3fcc8b/record.json,99acb376d8597396fd1e3b1f9642c36f4dc174eb48e8087fc96f43d808614016,4519
data/calculations/calc_78fe08a98c3fcc8b/starting.xyz,cc9feeb2ae069bdf44218986777ec033fe43b50463cdbb521fc92ca2e55e9b36,1159
data/calculations/calc_7962b097f9b3988b/frequencies.csv,705e99bd11c1def415a5ad8b7ee696b5ef1ad75720f857dead29a4997565c1b5,1139
data/calculations/calc_7962b097f9b3988b/optimized.xyz,80578a01a9c8d0e7c783feee1eb02a45e8764261785fa10fe9b0136a6d7486c1,981
data/calculations/calc_7962b097f9b3988b/record.json,40680da155dd9da8bedc49eb99c341a59b5053abfc4e68a09f5ca47e03d597be,4300
data/calculations/calc_7962b097f9b3988b/starting.xyz,0c7dc603a3e97e5c005f7b146bb89e4209da91bad721fbd1844a7d4fb2669066,1011
data/calculations/calc_7973bf39cf426fad/frequencies.csv,ccb4f7797faef1ed776f9199495e9ce432bc16685be17ad92d1303565b3c4bcc,1261
data/calculations/calc_7973bf39cf426fad/optimized.xyz,7fce181974c10e4918e52fe808ec885d7c726034d1feb71cf11f43ca1954662c,1071
data/calculations/calc_7973bf39cf426fad/record.json,0c3919af10f2b67a76b01b6131174a06bd544a80f0f952fa152aadb0426b9742,4445
data/calculations/calc_7973bf39cf426fad/starting.xyz,f3b21379f342f273835a9e905a831f2a7214288d89d55b4b661b79ff0c5ac629,1101
data/calculations/calc_7a8ceeb16edf502a/frequencies.csv,dcd7c7b17c88bb9f20568f97905950363043c346b84b93a141f8e8673103c607,1428
data/calculations/calc_7a8ceeb16edf502a/optimized.xyz,4966c185d6fbd5bf7680b20899e209d79a99c8d89a9f9d1340f6b5b53081e52a,1198
data/calculations/calc_7a8ceeb16edf502a/record.json,b55d3fe7c240468fdec89f91db4ed7de0a713069eb14a12f35c2a3b3f931238f,4614
data/calculations/calc_7a8ceeb16edf502a/starting.xyz,1da0d297ba0be2095245bd961f9bc5c5332104f8129a710cdf95694c0e5f8028,1221
data/calculations/calc_7a99d9d504f0f29b/frequencies.csv,91576c990495d1c245542a3ead92bb0b170f8c07ac984f4fa8a092cf5f46f1bd,1266
data/calculations/calc_7a99d9d504f0f29b/optimized.xyz,f6817a545fde2bbe35c7e6f5bcf35016db0ee55bc0856420bedfe822c3878284,1076
data/calculations/calc_7a99d9d504f0f29b/record.json,ecc28420d7df3ae021bd50e11d4a14bcc4bd185ac4666b35fbd36d95650dda20,4433
data/calculations/calc_7a99d9d504f0f29b/starting.xyz,c9e33fce11dd1b247dd11923e58346fe1419171f86038e1e5061113bdc000087,1092
data/calculations/calc_7c714d94b6d3f498/frequencies.csv,85f3857a89315c5198a80eb28abb4de77f458ed23ed53e444cbda85e2d255a8b,1334
data/calculations/calc_7c714d94b6d3f498/optimized.xyz,31c88e8b16ea79e0c4a9b585a3e554d4e7e3a8d01246fc53616687ccad2d47f0,1137
data/calculations/calc_7c714d94b6d3f498/record.json,9d272df573ac4ec864fdcab4e20a2c9fb06fba2f7e378ea6eb08da19a3ec436f,4544
data/calculations/calc_7c714d94b6d3f498/starting.xyz,666401015cd2f48db888706ef6a48929359d7ad32ff6c74a2a00be6af641584a,1164
data/calculations/calc_7cd543fe94878ff7/frequencies.csv,d596fb9bdbe4b352839d950ebcc084810cbd9b4894041a50a135c41a7682a84e,1470
data/calculations/calc_7cd543fe94878ff7/optimized.xyz,105ede2e3c786bd4e192a7d5823b741fc7d7cf3870ed7c64ea7ef6acf4c634c9,1228
data/calculations/calc_7cd543fe94878ff7/record.json,fd3cc237f626faa9ac46b994304b56e0fa0a420a306e64e5266e65df88beb1cc,4660
data/calculations/calc_7cd543fe94878ff7/starting.xyz,1cf3a6e60b3c3aa480ed44e757d0beadc4a0dbca49395f57df9b96ea80b40409,1250
data/calculations/calc_7cf045fba1ceadc6/frequencies.csv,f6eefcbea565d3b94148380a9b46a7c08b0d0deaa000d9ffb58caabcb7f60548,1258
data/calculations/calc_7cf045fba1ceadc6/optimized.xyz,921a3c790c0a63221ae950fc317ecb1b6502ea1ff525c24e0d126d7bdab8f102,1073
data/calculations/calc_7cf045fba1ceadc6/record.json,d98c4af9d9cf41e9ab0d3707aa296c3eb2fa445197fe012fed7752a01d97bdb5,4438
data/calculations/calc_7cf045fba1ceadc6/starting.xyz,01030aa459b07b617991aea178fd48e40420467afc517460d3da4684662d89d7,1101
data/calculations/calc_7de52b9db685b71c/frequencies.csv,e7be535ab19379c666303f84006e1a89e37db058d1e6d4ddcfcca0e344de88b9,1338
data/calculations/calc_7de52b9db685b71c/optimized.xyz,7be170315f02128fe40c273d0cdbd4ffccda0c8df70e09662a971d0c8f7e6591,1138
data/calculations/calc_7de52b9db685b71c/record.json,0bdf46546dcac2d135b4fc932d530a6db8934b1b9642b9e515ccdb07fcf55692,4539
data/calculations/calc_7de52b9db685b71c/starting.xyz,e54749799f8a318899c0211ae1d702e85f1659e164cf26c54e870c26efe3a8a1,1163
data/calculations/calc_7f0e4ef6f3f32803/frequencies.csv,b804bd3610c76d09a0c2cfe5a25a55e25c3a4c0a0cd3c9107fbf25cb4aaec06d,1221
data/calculations/calc_7f0e4ef6f3f32803/optimized.xyz,c5618dd1d4e5556b1a08395d9fa73e012caffa14bf2e0a8fcbf74cc17ada46e7,1051
data/calculations/calc_7f0e4ef6f3f32803/record.json,9c6d3affa42d098478be0425ecf66f399aded70e36d79a074c16348eb2da7438,4347
data/calculations/calc_7f0e4ef6f3f32803/starting.xyz,512d5f8abc277badfc03efa135e760e146ba078dd45fd96f7aed1b462ea371ff,1067
data/calculations/calc_8109f6c7007fd17d/frequencies.csv,4af7492586a673e3947c4508873fbd379a460299f536b556564823535e2b12b4,580
data/calculations/calc_8109f6c7007fd17d/optimized.xyz,067ca616a6d06413839d1d17fc52b8c40b9d8514a4971857c0b72f858b465915,559
data/calculations/calc_8109f6c7007fd17d/record.json,c1bf3c2dc16fe7c9edcb42886938d1e4eccdbbbe9c03a9f86f2e5c13612880e7,3639
data/calculations/calc_8109f6c7007fd17d/starting.xyz,8a59130cb3728f6609d0f76b77f3dd43d4615d373d6a6df80632deefecf0ac85,581
data/calculations/calc_81d6cb24819ff295/frequencies.csv,ee11ac34dc0bf3bbab34ed0f9bfe159563a9b3b1434b201bf12dcf1af5f159ef,1225
data/calculations/calc_81d6cb24819ff295/optimized.xyz,77abeb904d3945014f5a7dff9ccd2305212ac2c5f4131358fd76691d4635dc7c,1043
data/calculations/calc_81d6cb24819ff295/record.json,fafac628f972e447ade05cc0500bfeb96e03855424bbecbd521e7edf4393ab87,4369
data/calculations/calc_81d6cb24819ff295/starting.xyz,5b816c7a2b2c420a7ee2462ee79ba59391bfe8a5664c264c4eee5e7b8c0ed83c,1066
data/calculations/calc_830a46d1ab2d89b1/frequencies.csv,3f99328351cc335e9d8fee2b5519f4cca737137003a79d3295c5c5dab5deee35,1141
data/calculations/calc_830a46d1ab2d89b1/optimized.xyz,3861de6ecf1cce379e093a92dd2b276c4014d3fd00e1761972d19f25de53a478,983
data/calculations/calc_830a46d1ab2d89b1/record.json,f000b255108cfd83565c87ed97b782ca58cd9c2f3a742ed886b0b99edd2dddde,4270
data/calculations/calc_830a46d1ab2d89b1/starting.xyz,6f7ea93c4bfd2862f5ca9a799deeb6d5d278f7fc2830abda6e32df73bb405d90,1007
data/calculations/calc_836ae49f6e3efb58/frequencies.csv,dfdfd365b3a05204dd5433c0242d9034be09f9791bdc821ae752f233d12a1192,538
data/calculations/calc_836ae49f6e3efb58/optimized.xyz,d67685eeba02cf0a1e7d16cd72e75e8eaf213988f5207b33c28b722f0935c171,527
data/calculations/calc_836ae49f6e3efb58/record.json,a9500b2c3936ee1b97fd51dbd615c5d5100702bf0548114c65e7b33d023d70ec,3598
data/calculations/calc_836ae49f6e3efb58/starting.xyz,1ff9369a1af832bd187a1bb551128218675194651fd1672a46ef95a24332a981,549
data/calculations/calc_83ba274204495cdc/frequencies.csv,11ab9ef0e3c79959558d1e8b431dcbf59f5824fd29d780bf7714ebd2f8a790ec,457
data/calculations/calc_83ba274204495cdc/optimized.xyz,5c1230908164f9bad78ea457f32619dc9a665e1a5ae3095060b47a34361570aa,469
data/calculations/calc_83ba274204495cdc/record.json,39158a749b72c8168fcd00e3c69cd673f36486cd7b3d81da9e7865d8e4a71237,3500
data/calculations/calc_83ba274204495cdc/starting.xyz,cb0aff15f2b798477e600826433a9d76f7fa9094d16f198ece0ae22d4bc1ef2f,487
data/calculations/calc_83f2523565472fb4/frequencies.csv,1369db54871bb77021cacd1642848660db1aae3dbaf2c7dd80433d574a641cdc,1179
data/calculations/calc_83f2523565472fb4/optimized.xyz,3b0ee15bbfb91302af5eb1d94a17281e11597d223a59487a47591dfa7bd08920,1013
data/calculations/calc_83f2523565472fb4/record.json,5fee7afe3c57f57e67e2883f0397deb1660c42fc33fc9b19221ee2b7a545c5fa,4313
data/calculations/calc_83f2523565472fb4/starting.xyz,3988885e3abd0d0d2f3dfe82e2bc6ec96cdce1cd1312fc4f5cb2d5bc5b13ffca,1042
data/calculations/calc_854cd91e3e0b7b7d/frequencies.csv,ab0e6b8408f19aea074275e435a1e001d9f2079cbd88ef61cfccd0257a0f120f,1136
data/calculations/calc_854cd91e3e0b7b7d/optimized.xyz,56315c97a98e0a66b30869d11daa50bd94e05a72a5ee375a8f5e39c417a506c2,981
data/calculations/calc_854cd91e3e0b7b7d/record.json,f14cc4db30e34eaf6ef45ad485096994fddff04c3b22d7e4d002529f503bf785,4282
data/calculations/calc_854cd91e3e0b7b7d/starting.xyz,063be06d340548a918b3b686230889289fb9f8a6743824e2c4ccaea9b0ed7729,1012
data/calculations/calc_8562808cff7d009e/frequencies.csv,909b39c6de2cb69c2a497d1f76ccfba47c3fd59d632bbd383aee1dd9b670a078,1416
data/calculations/calc_8562808cff7d009e/optimized.xyz,5ce8e43d52e0709813f0520be8077f6044d7dd61da1c6c0811af4abd3924fdcc,1199
data/calculations/calc_8562808cff7d009e/record.json,82e8ddb78ba39d4a4c3c01edabefbb4208aa3063f2cfca1c18003092b10ed3ee,4625
data/calculations/calc_8562808cff7d009e/starting.xyz,1463a1e2e23848b3b2d09a2b4df4db2a567fd38c2962e83a7dcbeb6bc292ddfb,1231
data/calculations/calc_85d48d473e5d49cf/frequencies.csv,2a4996ec9428159dc5e8150b1f2990e3eecc4b8317e43c404edad2bed2a89138,1334
data/calculations/calc_85d48d473e5d49cf/optimized.xyz,d16684f1102ecc0723e17a8670f4bf3b3b7343eefdde091a37c4011845fb84b5,1134
data/calculations/calc_85d48d473e5d49cf/record.json,bda0d2798402205992db81d0336780d0d69fc35db596a91c3610d52952544b3e,4508
data/calculations/calc_85d48d473e5d49cf/starting.xyz,0ae8f5571e4169ec4b6bfe79e368d4801acf2b37df75b4d62bca3ee02407a55f,1160
data/calculations/calc_8626fbd01c1c40ed/frequencies.csv,d03e9215a4301a8c6ba50030f2ab889d769127ce9c72fa7739f53a5ae612e6d0,581
data/calculations/calc_8626fbd01c1c40ed/optimized.xyz,89bf01ae2a62da33c7d7837133653cb91e44176715536ff480ce55b5b92264f0,559
data/calculations/calc_8626fbd01c1c40ed/record.json,685a61ad5d1109f61fd0e35231ed0188019df5f4b580f2ecc0dc50b78782ab0b,3640
data/calculations/calc_8626fbd01c1c40ed/starting.xyz,8b4cb011513b760a99023864ce61363cde516679195c077852d370f3ca90dc0c,581
data/calculations/calc_86aab83ecc0914ce/frequencies.csv,3d5463bd6639ae213c87a95c72cc1a0e1e51d2421a75185927c119df0b8adf61,301
data/calculations/calc_86aab83ecc0914ce/optimized.xyz,cd649429cd22bb37f023e14a904e28c64db350d0b00694ebdcb200aab7fc193b,344
data/calculations/calc_86aab83ecc0914ce/record.json,e67c26f98b52a422ca7ca8cf556073966ac08d510587f107d306b2950784889f,3318
data/calculations/calc_86aab83ecc0914ce/starting.xyz,ebda0455b80c6b15692882f2853762b8cb0974038bfcf36c122d6776fbee6ae3,362
data/calculations/calc_8855818933fb6b34/frequencies.csv,0336819576c566e1524ffe2da1d3fd17739fea6276726223522831d406847944,1339
data/calculations/calc_8855818933fb6b34/optimized.xyz,ea86c57a8e0f89179b5cb7bf4ff51998bab8f9d4c4ddda904ce31732b326faa8,1140
data/calculations/calc_8855818933fb6b34/record.json,e89e18a39e0195996d5dd3524903376bdb67a7f43fb1327e1a352199278109c3,4532
data/calculations/calc_8855818933fb6b34/starting.xyz,85271eccc471bebbbfb8c4c598f8ad176a1fbc40e71f41812e02485a4c2daefb,1162
data/calculations/calc_895de7d89606a543/frequencies.csv,f71c5c531fda89522e323e6c9388952dfa1196bc3866dbf959bc4e1b22d37aed,984
data/calculations/calc_895de7d89606a543/optimized.xyz,37ebf8d6dd9ff700bd0a8890a9c857f39fbcc278f64d04f90a598692c5acabd7,859
data/calculations/calc_895de7d89606a543/record.json,22d33593ad405ae5c409a32867f16c17b7f5ab274d0750cbf19fb837e1ba665e,4107
data/calculations/calc_895de7d89606a543/starting.xyz,2e4128fbd51d25e640fd125d301ad7a4af10b8b58afdb889be13a54e8fdb9652,887
data/calculations/calc_89719a80c1568a7a/frequencies.csv,b602da5a43d4e927755c178f0e1c94a9fb53f9f2ce99796e3b605dda2d51aa53,1136
data/calculations/calc_89719a80c1568a7a/optimized.xyz,2c2a1ac273562446c90a51e9bc9bdce18dd4b14a2f737ec05cc1be38ffc147ca,980
data/calculations/calc_89719a80c1568a7a/record.json,438b08289f2cf0b9ae2ad0a4825240b238548b37a7c52b3f0bc0bd9c845c897c,4309
data/calculations/calc_89719a80c1568a7a/starting.xyz,749b6ac29bc1f1532adaa48a7cd45c870bdd36535edc858ca24ebd7998e722d4,1014
data/calculations/calc_898ca1c71f1e1d6d/frequencies.csv,32c2a8c343e5517f02f36445ce3ad486cffe23d47794017cd37ccdec4a08d159,1418
data/calculations/calc_898ca1c71f1e1d6d/optimized.xyz,01bcbba77f5e535ab3ca2b261fb5622d7baa5e4973d2449af441f10b2839aa6a,1198
data/calculations/calc_898ca1c71f1e1d6d/record.json,c8bc474e5c783e195df2e680c6cef2e0888024d7d4ccade9e9331207492f4ec7,4655
data/calculations/calc_898ca1c71f1e1d6d/starting.xyz,b1902576d010ea1698c8aba034a90faec71407f70b294fb869eaf1804aa57930,1220
data/calculations/calc_89d5b7ad758f6bc5/frequencies.csv,a7340f45e0e3f41ae993f3d8ced76d96c69307dc35c6886a57f7ce8c60b19548,1415
data/calculations/calc_89d5b7ad758f6bc5/optimized.xyz,0a39dc8a22580a166292348c85532fe58ef3a3c50dbc4d9d769867ceb7f8ab52,1200
data/calculations/calc_89d5b7ad758f6bc5/record.json,2210fe5c3062f0a604fedde7570ef9f8d571f3fd32c7303621f969f7bf9197d7,4620
data/calculations/calc_89d5b7ad758f6bc5/starting.xyz,bbdd178408b3659c07b9b7296ddb3aa721541c7faba4338194a20bc4fd2bc6d6,1220
data/calculations/calc_8b99c043436f854f/frequencies.csv,53591f58ca260da603510d21a992f43b48ae09ad0212654718455a20757171be,1424
data/calculations/calc_8b99c043436f854f/optimized.xyz,6df3db2df8d7c8e96ec05d72f09e0f708deb01841942601cadb0333899f1ed9f,1201
data/calculations/calc_8b99c043436f854f/record.json,73a62287a26855dad52359952bb169bd9671d083d3a4518d8518a6fa5efc17af,4594
data/calculations/calc_8b99c043436f854f/starting.xyz,52c9ec9c0b895046e08e8ee98809d982bf581a72ddd721273173b390286a6bc0,1214
data/calculations/calc_8d8e4f819cf4d5b8/frequencies.csv,834206c4f13b555777bff64de1875a1719fb7319345356682e6b95be6488fd0c,1418
data/calculations/calc_8d8e4f819cf4d5b8/optimized.xyz,f5820281f3f05d44c363fbc427afb01bbee8648dba68d934245d9038c1e33740,1197
data/calculations/calc_8d8e4f819cf4d5b8/record.json,0b573a370c69d9ceb9d6c79f92ba098d3f29515eb928a814c16be7d22c278f33,4591
data/calculations/calc_8d8e4f819cf4d5b8/starting.xyz,2f4d195e08f1a6268fc759370c077a3ceecc10af8c511035a88c523439b8b929,1219
data/calculations/calc_8e95f1e00b2a7294/frequencies.csv,2da7018fa2c5877c64add3c4f2e497d4f68d5db0c717b67b82bda5217dea0029,1416
data/calculations/calc_8e95f1e00b2a7294/optimized.xyz,09133a83f05b1fd15fdbfaa53e72defaee0bc0be03b1e51176015a4043252584,1198
data/calculations/calc_8e95f1e00b2a7294/record.json,9b6cbe86396cce11340d022dfb3fafb581b71550636b245e969babb711b8e4bf,4634
data/calculations/calc_8e95f1e00b2a7294/starting.xyz,6e944df2dc0e7f7c9a22610b3141901aa5a222e9e7758ce93cc6bf5bb677d9d0,1221
data/calculations/calc_8efe3a51a5020e3f/frequencies.csv,e3e90e1fb72ae9154f63ba647f6f6f40f13a367c6beddb71b17af21a814c73af,1416
data/calculations/calc_8efe3a51a5020e3f/optimized.xyz,4ae93a1bf52fd2fb0aaf8bcb753fcdb05cf513ec7ecfd6be9ab5782a024b0a55,1199
data/calculations/calc_8efe3a51a5020e3f/record.json,29181d3387804c7b789a3f85ab0e48e21d2c83ea834702d035ab98cdf556dcf4,4618
data/calculations/calc_8efe3a51a5020e3f/starting.xyz,02cbcbe4e5d568ab0b4ff605a870686ff42b7d69ea3a9d4fbeb85d73caf0260e,1221
data/calculations/calc_8fa808175767f388/frequencies.csv,cb3771a3f081f9c13b44e6c6dc237b9250ae697d28f9fb8603ab325553905a07,1176
data/calculations/calc_8fa808175767f388/optimized.xyz,8bf4cd1be2b24c3b6cce4b440498826f2b08e114659dda3bf518958965c3d15b,1017
data/calculations/calc_8fa808175767f388/record.json,975260367eb690ccdf25811058a22def7613e9b4b9521784fd0397c23ab8af46,4352
data/calculations/calc_8fa808175767f388/starting.xyz,b6f6c3bf34957167656b2e70bf1b108156a645d00c46bfa0f8b03eaccd22f843,1040
data/calculations/calc_8fff6d635cf75f67/frequencies.csv,2dc7709c5de2e365503d6282342e7a7acd4966709a63edeeaaa67240d40822a6,1217
data/calculations/calc_8fff6d635cf75f67/optimized.xyz,4def953edb9bdc3761cbc7b70b522cf9163fb50946a1e62d874918c3ea3a8856,1050
data/calculations/calc_8fff6d635cf75f67/record.json,c42107388704d35f7897c1805a9b61f1e99043b58795fe44fff7f7a6db600e5a,4373
data/calculations/calc_8fff6d635cf75f67/starting.xyz,31f80633f571ddb5b4ecebe44805764f4f9c8a7b0f2a1093afa090dde746f371,1064
data/calculations/calc_907a99946fc5539a/frequencies.csv,6ef4c94a9fbaf6d2ffa69f4f0cf05441a0fce6ca63f7e8765d915018d8ee4bc5,1294
data/calculations/calc_907a99946fc5539a/optimized.xyz,e15aee31f9e193e661979082bdf94f7b5311b92d9268cb63109d6a2166edf30f,1108
data/calculations/calc_907a99946fc5539a/record.json,0c4679718b1fc4d5b5c57904b159bffbb7fb2d8c4efec8720758472720495fe1,4494
data/calculations/calc_907a99946fc5539a/starting.xyz,0f858c342f50f3f1deb40d116f2a789ce8dbfff6991ddeee2a4214f8e5fbaf3d,1127
data/calculations/calc_91cbaa5a06790e92/frequencies.csv,4e7e44f8674c812f871a4ecaa5c77d8245093c0eccdf01a22d1aafbfb2feb4f3,539
data/calculations/calc_91cbaa5a06790e92/optimized.xyz,7aa981c12726ac7fd7611debe767f51235e8b36bf22c1296196668eea50bea27,529
data/calculations/calc_91cbaa5a06790e92/record.json,7ac2ebf7b6b974982f640c900d2af2e88f4c1bf31f987bf31082785bc08279c6,3601
data/calculations/calc_91cbaa5a06790e92/starting.xyz,1fee76db0147a911ce42292d62775e819588f2432e007bc800e44aa93b528188,549
data/calculations/calc_9245a11b85b2f147/frequencies.csv,0562353aea8080e9790461d212f995e7a30de4c4a651d1c7b6cb5312e05a5c66,255
data/calculations/calc_9245a11b85b2f147/optimized.xyz,99ac059801dbd6147fb517a19878d7b82274a5a098b757ecddce62b2e4569c4d,312
data/calculations/calc_9245a11b85b2f147/record.json,648332faf482c8aded6ace18e27633cc07f5c820f3a68631de1d3be933f7aa86,3250
data/calculations/calc_9245a11b85b2f147/starting.xyz,ff1933b1fb78877aad1230a725bbbf7bce902bbb8c216f26b1d4019ea4dfe7ce,330
data/calculations/calc_9321e946d318e261/frequencies.csv,681e5e863b85410700edff52cd5729b5211e0d615f68b86365a9505e69e35f09,1412
data/calculations/calc_9321e946d318e261/optimized.xyz,bc62b2617ef1c035331091c84fdcb6fe5373300e4200c04449ed72a89304d711,1200
data/calculations/calc_9321e946d318e261/record.json,52251f3364611a0f53d98f7025ed313dc8e560c06bc49673e1365ece6950ff56,4636
data/calculations/calc_9321e946d318e261/starting.xyz,31acb272940b876535e6789271d82a8b014e18483b8558f5b5d6202a8762fd66,1226
data/calculations/calc_9518692843c4482d/frequencies.csv,c393aa25b39942531acd764cbb3f11f58bc3f69d1f3a868bb509de32f2463b00,1299
data/calculations/calc_9518692843c4482d/optimized.xyz,e2138e7e077e8248f63f5f390b8f8b0a4335f87f552e2ef8d7fb6e37d7668842,1107
data/calculations/calc_9518692843c4482d/record.json,11c9908705e244dbcd38670f42cb104ed6c84ff0bb21a4a9138effae165dfd07,4460
data/calculations/calc_9518692843c4482d/starting.xyz,af7fa74ff592b3b0697ee48c4e55e7deea9ae31560a1f9093073ed522eb1d043,1128
data/calculations/calc_952ceee5ea63c11f/frequencies.csv,9c92144f2fe27ae1cfeb2fb3d9b627836ce68e9c812999995ef0213f3c9260ec,1221
data/calculations/calc_952ceee5ea63c11f/optimized.xyz,67f6c54157d2a3fbe849b6e3a5d2b07ac9b96298e72555ead6c837d768772deb,1042
data/calculations/calc_952ceee5ea63c11f/record.json,9770a2ea79bc984a97a12b12cfe5bd7f2fe3b6ffeeab6269ad365cbc0df00b72,4393
data/calculations/calc_952ceee5ea63c11f/starting.xyz,e6fe45ffc69925516d74ab2bb1365249aaa6258500bda2ef9010fab37c5a2c2b,1071
data/calculations/calc_955b807ebfbecf12/frequencies.csv,7c234c05faed93b07fb1bd1b1139132f26f43a35aba2b6db0af8a7d7f66f6277,1461
data/calculations/calc_955b807ebfbecf12/optimized.xyz,f8fce3d61c909df3eb9997cd90ec2c6c43bcb4d6170090e306034839b4aafee0,1226
data/calculations/calc_955b807ebfbecf12/record.json,7d3e484acc951fefae68a919ae1513985b27bb28c56214f18d29aa2ccba5cf9b,4628
data/calculations/calc_955b807ebfbecf12/starting.xyz,37f01848bebcd96edbe5a4bdc7921aca90e2e6bf38473a45c453c3b2ee4eccc1,1249
data/calculations/calc_9649b970f6180fd9/frequencies.csv,ae8acb0570d8bcafe682e70832e315145200f43cf9c4072d6f822ad18627fe0b,541
data/calculations/calc_9649b970f6180fd9/optimized.xyz,281a3b3e98c92051b0084becf5d8f1f25e176bd3f71e926e58ad8474abb2ad2c,526
data/calculations/calc_9649b970f6180fd9/record.json,2f6a40787a26fc7071df6b495a169a9e9bb7c19833e72a52d542c847063cc20d,3593
data/calculations/calc_9649b970f6180fd9/starting.xyz,2e3810074d8c342b42cabfca775ad651a447bf93d2a3e20abfc205119a3c4f59,550
data/calculations/calc_96a5f9226f958845/frequencies.csv,a8040ab727bcc4a2576ac70ce07d9b8fae3d805f618b986e47196ec7da412c3e,1425
data/calculations/calc_96a5f9226f958845/optimized.xyz,b4eae14c0538caf38d2e473c1485e73262994803dd4733e833ca5420b84e86f6,1196
data/calculations/calc_96a5f9226f958845/record.json,e2892ba76f2b14a1f15a33574ac7c051cb14e798d34c46c7c3aafa0a48d3e77d,4646
data/calculations/calc_96a5f9226f958845/starting.xyz,710933f1f260bcbf02d41e7b777e9ece8936aa4b8fb378c4404ee278bbe5f37c,1220
data/calculations/calc_96d8ce6176ad9624/frequencies.csv,5aa1bd5f298d607d12a5d6b35135feda381408dd14231ae3fade711ca1e59651,1287
data/calculations/calc_96d8ce6176ad9624/optimized.xyz,48d4a56933aa650d4a9d699f13a63cc70ac59d270f7a63b6eb9c37ba8206fb9f,1106
data/calculations/calc_96d8ce6176ad9624/record.json,2ba5910f90b80221a89031e371ae0469737d5d8c1547ba0214690ed1b836face,4486
data/calculations/calc_96d8ce6176ad9624/starting.xyz,f698ff7b210f805fd222373f533a10f24ef5995b751c95aaa1c2ff7e25b46ad4,1128
data/calculations/calc_99e961bc99a08e31/frequencies.csv,f4608694f0be897514c408bf61a34e78a43631307c5202c621b0b87d2706e0cf,501
data/calculations/calc_99e961bc99a08e31/optimized.xyz,d038c6f47a0fe115350c81d7fe92c29a7927251cb3b11af9649d3f277f7e3bb5,495
data/calculations/calc_99e961bc99a08e31/record.json,30f9cae514a02895fb8f4af51e3e1184aabb66d6b60047d388d50e1f2e8638e0,3539
data/calculations/calc_99e961bc99a08e31/starting.xyz,35a45045de52e5f26311123e39e0a51f64a34d8e100d986d72e04202654e5a0b,520
data/calculations/calc_9b9694792829334f/frequencies.csv,44314626b2571323f88ab2b26bcd1d92d957e34097191acfd4ebc9ca1f181b3d,1342
data/calculations/calc_9b9694792829334f/optimized.xyz,72a4af8bb91af18dd95ff1dfed638678fd5d4f66ac47f0c0e3d0c772cf694e5b,1136
data/calculations/calc_9b9694792829334f/record.json,a11eb275095c300f46d517b64bf6a445a4b89991bef6f1fae05a78090143a5a4,4502
data/calculations/calc_9b9694792829334f/starting.xyz,2a89c3a6f129f6d235f28128294364cc92d0a56efb7f4e005988386eb88293a4,1170
data/calculations/calc_9db5e2d5ecb9c3a8/frequencies.csv,6043081bb57cca59a5fb848dba49d5456ddd84f586cc0ab6f1ecebe2c5049286,1416
data/calculations/calc_9db5e2d5ecb9c3a8/optimized.xyz,de9af4c400bccaddc1e2f9f3e75d7e4a028bcd5fc17383dbcc0b916e50419022,1198
data/calculations/calc_9db5e2d5ecb9c3a8/record.json,c9d8d8ebe3a961c2bb17dc3294e2306179bb5ec98a8a5f9ca52feb1fc277f150,4616
data/calculations/calc_9db5e2d5ecb9c3a8/starting.xyz,92ee644a285f0c3339bf9f92fd5dc315a07fd07aad7fc6e336f53d92a4d681d4,1224
data/calculations/calc_9dfea3050c510391/frequencies.csv,1f01583cd2d619f63d03944b684869ac5cd33f3fdaf800970b7c87acf7b6bfc6,1428
data/calculations/calc_9dfea3050c510391/optimized.xyz,635b3ab4c43b5a27aebd60c487f0b33299a2b9dc84521c443183040192036906,1198
data/calculations/calc_9dfea3050c510391/record.json,64f6c8ac4ddca1095f5a83b545c7b908017b42b81ae40cd926f2603e3b6bad41,4601
data/calculations/calc_9dfea3050c510391/starting.xyz,cecf6256e5d55f575d44e016a1efc8386ca4b6dfb3a05e3ecfa1a3faa13ede24,1227
data/calculations/calc_9e9d5987647e1684/frequencies.csv,7923b970492734614d22a4ee851c074edb48b6c656a6d427b6b935e4510787e5,1717
data/calculations/calc_9e9d5987647e1684/optimized.xyz,7bd2a7e2a2e20690d4f129fdc565a280af6b537478ed1a7a01c2946d31442ee8,1409
data/calculations/calc_9e9d5987647e1684/record.json,84181c75d1b119f32e0a26154c3ccdb6d49a728e889734ad551230cf5eb73e8a,4879
data/calculations/calc_9e9d5987647e1684/starting.xyz,b0b2a52fe1d31a9aec82fdc060e62400d54e899883373a9353fddaa864c3cbac,1432
data/calculations/calc_9f2bdd9c41fe820c/frequencies.csv,4d68b6cbb34b157451e7873d826197c98a72189ec2117624ec8b9cd5f21c3f52,1339
data/calculations/calc_9f2bdd9c41fe820c/optimized.xyz,10d5b8b4b32b17dc983b25ca4d60e5b9290ab1be67958988148f0235d1b6204c,1138
data/calculations/calc_9f2bdd9c41fe820c/record.json,abe48a0ca74a093ab28e7882a97bc0d03df933fdfe0dd3c7ad0933ac3d022725,4517
data/calculations/calc_9f2bdd9c41fe820c/starting.xyz,c154ad956516f54d027c32ecc0539bae063a872ef93601631303cc3f515bf12f,1161
data/calculations/calc_9f3d4bba17d5da13/frequencies.csv,f24feef8840f7e59f587f9d9e36b02a5934531efb7a09ab70a93f1c275acd512,1177
data/calculations/calc_9f3d4bba17d5da13/optimized.xyz,0ea48a1cdd770891ca619861918c9ac4d76eaf6a0de32d0428cb05402917fddf,1017
data/calculations/calc_9f3d4bba17d5da13/record.json,2cd94ac528445dd364bd6d7a790e307c61dce029dca75db49783505d5d0c932d,4334
data/calculations/calc_9f3d4bba17d5da13/starting.xyz,065b6b07115e713d872d931f8bbf1a45eae1dc4595f6d0e5c51930f6fd72dfff,1037
data/calculations/calc_9fa1ea43e6160877/frequencies.csv,5f83f79d2ab9fce5f96ba9cb55bd46df9f4f8c1e0a8fa64fd668c9c19f37afcd,1142
data/calculations/calc_9fa1ea43e6160877/optimized.xyz,b9ea479a2c9ee5564496b5e62fa2bdf44a3dc0df45910a6426f659b2d7d55cda,986
data/calculations/calc_9fa1ea43e6160877/record.json,313d197743dc19aea2a87d99a412ce896560c61aa32bae1a06a7b9f0d6e0d68a,4263
data/calculations/calc_9fa1ea43e6160877/starting.xyz,44c7234b18f657fdf4f0888d3eeddd277c1af43df60f497b8268f209b11128c3,1006
data/calculations/calc_a086cbecc4a79b9a/frequencies.csv,82e26ce2c84009a6440876a27a49aea50473405b9819bb4fd0d4184ad09d6de3,1093
data/calculations/calc_a086cbecc4a79b9a/optimized.xyz,47e283d6fbd83108a81cf962b0942bf370d933a5fb4b50a33d29a9aa2fe2b3d1,961
data/calculations/calc_a086cbecc4a79b9a/record.json,d286d18e7ed1dd6eb741a9283db14a965511443ade978b44884c3dd1827ff3f6,4270
data/calculations/calc_a086cbecc4a79b9a/starting.xyz,8464c2b553e2a930808d9568cb0d217785d53d40ee1fde5592d3686cf923ce3c,975
data/calculations/calc_a091e116d6de97ca/frequencies.csv,9f9f5d7a6b427725705420c5385070b655b1a6ce64ebc9a278809d6c4735b050,575
data/calculations/calc_a091e116d6de97ca/optimized.xyz,1a7226ae89ccc374cf337794dc4e8b1143971565255d90cab63ac9a4406b59a3,557
data/calculations/calc_a091e116d6de97ca/record.json,7f8e96f63b66035c7fd352ded68d54767b16da9f930731f02167a4ee7c122cc8,3639
data/calculations/calc_a091e116d6de97ca/starting.xyz,5a0c3bde6e669ef63447b6918101f2fabd111763bf52375ca40d067cd50fa82b,581
data/calculations/calc_a095de9d688069e4/frequencies.csv,b3ce8434186437f6589c4fd797700a616b06fefdc1242c9412319782fba9e55d,1221
data/calculations/calc_a095de9d688069e4/optimized.xyz,3fc116b536aa699c6a6625d488a76c1e06d3d708e29b265d2aa0579c845008bd,1042
data/calculations/calc_a095de9d688069e4/record.json,9224bacc78e2c1b53eb8c9fcf2275f3615ae1f83a983cf209dcb012e493fdb70,4394
data/calculations/calc_a095de9d688069e4/starting.xyz,510aca4eaf3893422478384b1ad5013ccf9cfbfe53e87167bfecc96247751310,1067
data/calculations/calc_a11e13b4f9762b56/frequencies.csv,85b9c9af6ff6cfbfb7488a9e6abf781de9d4a295f0592c071b195ed4f3b5bb65,1136
data/calculations/calc_a11e13b4f9762b56/optimized.xyz,026f0e0f68c9c39e16e817fb839d0c0decec7e661f92eb109259dc8b61efc9e2,983
data/calculations/calc_a11e13b4f9762b56/record.json,c67af4c2ed9ab6876ac17aba53305a7b7d4139b578959b1b524b0689aa12218c,4302
data/calculations/calc_a11e13b4f9762b56/starting.xyz,ab7d1f199dddd971ee3ae0ac1fd2dfcc615948c2f7dc741f475851bc56594050,1009
data/calculations/calc_a213de3c3663f8eb/frequencies.csv,afcee2b085673cbcbbbac3610e1ca81e4f836f1dc3f876313fb66e345dd5fb5e,1466
data/calculations/calc_a213de3c3663f8eb/optimized.xyz,9ce63441324f77dc9a97e160b18eb6c1a0460e739c26476e72dbd972b119a739,1228
data/calculations/calc_a213de3c3663f8eb/record.json,9cd232846dc26a456da2e404e83512258727b1521d6eb72b2836ff15b2ff577a,4634
data/calculations/calc_a213de3c3663f8eb/starting.xyz,1c7c90d1640226905a9892d04cfbb4d62f8568b60b78e9ea85c62a5b0cccc118,1250
data/calculations/calc_a2a94330789aa392/frequencies.csv,1d17d2c416b291b98df2beb010d31686916f3fd0f9fc8a636a78601c183d5b42,1299
data/calculations/calc_a2a94330789aa392/optimized.xyz,d452b6a1b07587e39f54ea9af7b178fbc1fdeea21e9fb3a5eed99ffa966f02de,1109
data/calculations/calc_a2a94330789aa392/record.json,5124f9420529cdc7980f1a043c87c08a6b05533a2ab594783283bf6c0c6adb16,4512
data/calculations/calc_a2a94330789aa392/starting.xyz,56d1edb786adf845b82af0d976f8a29c67f94329b254ae59b3edd7adf3e45d9f,1125
data/calculations/calc_a2c73d7b05c86175/frequencies.csv,c0179c80201b0d3101908f5079b1c5c25bebae3f3602062b0d014f4048c6e4fc,1338
data/calculations/calc_a2c73d7b05c86175/optimized.xyz,e02768bd77148ba05ff81090c772596c5c223b08fa12742c7c70e9ef4a329bd4,1137
data/calculations/calc_a2c73d7b05c86175/record.json,5c40ea118a666626c18075e554d3b4f537c974f4c13788d132834e48a22f02c5,4507
data/calculations/calc_a2c73d7b05c86175/starting.xyz,e3069842eb5e809f393301863c1ae057bbd85a4d18d2e367d098161f0df2a37a,1160
data/calculations/calc_a384fef795f11182/frequencies.csv,7a868dd66a5fef0d190554036dc77540b808567dfd35b9e3aac89a01c76ac7ab,1336
data/calculations/calc_a384fef795f11182/optimized.xyz,4852eda8fd2261c8c26b400db1da050668a1d42ed5b7f82446a2fd9266378f51,1132
data/calculations/calc_a384fef795f11182/record.json,eb2938eb7821cf148cd5eb2280766f0e62dcc87dcdf8faf737286663504551d9,4560
data/calculations/calc_a384fef795f11182/starting.xyz,22d19f3743e2d8bff77d300149344b362dd282b01ce11d27b13a7b780e6a6912,1162
data/calculations/calc_a3a7174101acabd5/frequencies.csv,c66d1679b57c370383432ff95ed0004c145e50426ddbd4f9c22c2058332a3832,1509
data/calculations/calc_a3a7174101acabd5/optimized.xyz,bd69a1f6dd2343b7bf69101b906a93772e0c8f0c8f2b5eda0e0bf00e007a6faa,1261
data/calculations/calc_a3a7174101acabd5/record.json,49f341e632e1b34ed183954bb15216837e7c9680879c1ccf5c7fc90952fc1b5a,4734
data/calculations/calc_a3a7174101acabd5/starting.xyz,9984dc6fd12f572c7ab1918c9e9bf2aa1fa0fc865ba8ad6216a098b424af7679,1285
data/calculations/calc_a499d55cf25108dc/frequencies.csv,e4d0881b5285785abf730f49428240beacf441cbefbc9229759fe2a0753b97a2,1425
data/calculations/calc_a499d55cf25108dc/optimized.xyz,2fc3097c7fcd2b9af906d6aa5a523ca867a6c5f0671e22854139187fd9a054de,1196
data/calculations/calc_a499d55cf25108dc/record.json,d0c483b54ac48e4426eb25adaa44fdc3e269952f6680424bfaa329e9d0a11c76,4607
data/calculations/calc_a499d55cf25108dc/starting.xyz,a8bed7c08d84d27180ea59f471521dcc4ade32993c5cbf88e4d51aa5481c2d71,1222
data/calculations/calc_a647c5dbb36970fe/frequencies.csv,696f1a6f97759e08c5a86a9391f9a83818e5e739aa0119071b68a86607ff18d7,257
data/calculations/calc_a647c5dbb36970fe/optimized.xyz,cfc90415ae0adfc4bad9dd2d2a43c2972e319202912317353bfdec1cee2d3e23,316
data/calculations/calc_a647c5dbb36970fe/record.json,239fd0cba1408de41f1aefd53643b778e8d824766b8c442a9cb1ef12f2654bcd,3253
data/calculations/calc_a647c5dbb36970fe/starting.xyz,1e7a676c562f83dcaf80dd9d29915511ea882e12df4bd211c1f09062e1424da8,337
data/calculations/calc_a79297b7e999a273/frequencies.csv,956f78c2d3f54f5495938abc874c8755de3384f8b8a9987127a65567f4c7fa1b,26
data/calculations/calc_a79297b7e999a273/incomplete.xyz,21507dbf6b059593ed94d9458cf19870b253908f8b4a0d874ebbb376abbc3faa,1194
data/calculations/calc_a79297b7e999a273/record.json,b006f4ce2c6926d362788a107e24a5bf124f476f692e8a204ba289a79697e89a,4556
data/calculations/calc_a79297b7e999a273/starting.xyz,7bf596dfb6a9bd32289691f998aebe497d718b75a5951bffebde4085c284164c,1219
data/calculations/calc_a7a48aa5ca50823a/frequencies.csv,268e989f88c04ad560a902414541293a9b43276a346009fbf4827cd52e83fc85,1380
data/calculations/calc_a7a48aa5ca50823a/optimized.xyz,db02d6da9821fa0247eab1c19060d4dbddbe2c1aafc9ef7a5046dd5e139d32f1,1163
data/calculations/calc_a7a48aa5ca50823a/record.json,4bacbd1392031515a73a077ffedcde0077a1890f391fd9d0c99cc3ff55b56081,4578
data/calculations/calc_a7a48aa5ca50823a/starting.xyz,77d0fe3c976843a435b03b3228b38c1491096d7a6557b592c859df3ef0b91355,1191
data/calculations/calc_a821ef954e5ab9d9/frequencies.csv,10c110ba3da3cf1e7fa16a18ee0042784ebfd518d6823a2904526c4eb10dd72d,1675
data/calculations/calc_a821ef954e5ab9d9/optimized.xyz,aeb0b9deaea00a529847ff908b120eea07aa7e4773a003c140f2cf51cfe66957,1374
data/calculations/calc_a821ef954e5ab9d9/record.json,27018eb121215d52c342cbebb36aa201aa44edad2f35cc8b531dcf7f19a28fa5,4829
data/calculations/calc_a821ef954e5ab9d9/starting.xyz,7d4adfe5daf1f3e04d6ad57d57e31ba0ba1073a2ae8afaf692408ab7ac7ca17e,1410
data/calculations/calc_a8a11457d80de557/frequencies.csv,de9a444c758828f715b4133f12904083ce190da70193fb8bc162dafe4739a2f0,579
data/calculations/calc_a8a11457d80de557/optimized.xyz,617145179aababfc30685293cc1583f03d912440a47e233babf48f2231f9a765,557
data/calculations/calc_a8a11457d80de557/record.json,138c36676250702aac7b5ab0c2c9568d86f20ba6480bf988d7eb36edfd43ee1b,3607
data/calculations/calc_a8a11457d80de557/starting.xyz,d559f883ab46f432382d4adfec03a3306cbde9f9a79ded09060482b6f157183f,575
data/calculations/calc_a8abcfd149ab95f0/frequencies.csv,a969f1d37d77c8e9426f08d2a0ab417a8cf007668fbc64c226ef02fd69a75200,1415
data/calculations/calc_a8abcfd149ab95f0/optimized.xyz,32bf5d27ff831e2d1b26cc1b100afb91be6f3ab03cd9c69cc2c3719021b30c1d,1202
data/calculations/calc_a8abcfd149ab95f0/record.json,7b930bf3c930ab7e0eecb8638a7ab3f3503a5a91ed921b7c492781d219a85b21,4632
data/calculations/calc_a8abcfd149ab95f0/starting.xyz,e67c2f7663fe893de9b9608f00489d468f63cc9529a9ece7d5abf63c270697cd,1219
data/calculations/calc_a8e58f4adf82e438/frequencies.csv,4d5c893ed712ca111854c1abf199868d702297d9a16892e09a45bd5851c0461f,1334
data/calculations/calc_a8e58f4adf82e438/optimized.xyz,c9d1b400fa62cbf21379a98b3f7d4aaf4b1402039a8bd2182812159492693873,1141
data/calculations/calc_a8e58f4adf82e438/record.json,c5a1be26c15cef963e8706ef561eeb6e85433b4d25449433265601477b83735d,4527
data/calculations/calc_a8e58f4adf82e438/starting.xyz,6b1faa207720e0ffec7665b3fa1131923d9a61765e1952dd81f559d421634b18,1165
data/calculations/calc_aa14d9bca0bb84b5/frequencies.csv,e4604dec8be56324c24a9387c11e6f56001c20493b432476958dfc03a6b6b0ea,1184
data/calculations/calc_aa14d9bca0bb84b5/optimized.xyz,b327045b7966b1f54480cae40d91732e84464da63d22412bf2c6ee95e99a156e,1016
data/calculations/calc_aa14d9bca0bb84b5/record.json,5f1b1e65d22454f4d7b6f263fda217eb109d136986d8e405c6fe9a22fc777dec,4348
data/calculations/calc_aa14d9bca0bb84b5/starting.xyz,b72e2600c0f14cae69f8da74806eda12121d651287d9862ffbe23b97af9da2e1,1043
data/calculations/calc_aa1e3a3c4d6e08d2/frequencies.csv,4bf091326fadd21e0db688206baae272d4fdc3df33a7324c72c7b3f9a9af22e6,1457
data/calculations/calc_aa1e3a3c4d6e08d2/optimized.xyz,90249c8a44a2fcb63386226c9503102d82b5e3272033b29baa0f588bcf33cebc,1228
data/calculations/calc_aa1e3a3c4d6e08d2/record.json,004e224ac82a94f0d6af99551b29acb3c692707572de94c1a950ae5f7c5a1bc4,4666
data/calculations/calc_aa1e3a3c4d6e08d2/starting.xyz,8a1aa7d9a9fff9ee908ad3b6b1a10014516d566eb403f90b7c70d24a3c4c26ae,1250
data/calculations/calc_aa4f8869f52bb371/frequencies.csv,fb22d3483c47fcdd9cec48d7e077ac22efd1a6cd5b325eb659ce2626a101aafc,540
data/calculations/calc_aa4f8869f52bb371/optimized.xyz,cf29d75222856f97d23fb88cfe199dc9d3924de12ef682bfe886a20b1e008345,525
data/calculations/calc_aa4f8869f52bb371/record.json,9c5a9a4ef53488010c529cddfe1df203156339b3eea1ee27dce08853119ea720,3585
data/calculations/calc_aa4f8869f52bb371/starting.xyz,e46a52392785e87650283192f6849d75985d7065f2f0849b5d22b4553a3a80bb,550
data/calculations/calc_ab502b59d8237787/frequencies.csv,e6335934986eb54d59a435970871824b0356e76346e01b7ac62a80c71ea600f8,1292
data/calculations/calc_ab502b59d8237787/optimized.xyz,219a3b82471c437ed76c7247e24bf07f55a2937b425640e1b8f58600a176a6d4,1108
data/calculations/calc_ab502b59d8237787/record.json,c6350bb4c3b873fdba98a1f193bb41264bc3c760aa5d1f4152a5c8a0b7b6f667,4470
data/calculations/calc_ab502b59d8237787/starting.xyz,0b26f18e37b050a955e8726cfaead6cc89a4f70351377e5a9cc45119132a8647,1134
data/calculations/calc_abc6a46c4791a92c/frequencies.csv,fc2cab86e38265ab671368b1c4509fe631882ea88b0089e218efae1c55608e41,1425
data/calculations/calc_abc6a46c4791a92c/optimized.xyz,c61a9801a491fa2d993b60bc7aee27c5b2c94fb2567b1e6ab8a99da56b50da91,1197
data/calculations/calc_abc6a46c4791a92c/record.json,b3e6f2f826f5568d77a0cc67d72d287ccbff5efbf2de635df679ec06c50548fe,4602
data/calculations/calc_abc6a46c4791a92c/starting.xyz,5b71081f9f399693e34c4639fc56bd31907179130dffa9cd1ca811b0f84e3fa0,1229
data/calculations/calc_ac00febe62a28d25/frequencies.csv,4ed751e57309a177fa82d9b2652913a135d37972a227c32b718cdc729248034b,1222
data/calculations/calc_ac00febe62a28d25/optimized.xyz,94f6c3441bc51dba54fe3500ca236ef4b0713d1d77c7d73732e77ac5c179d1b4,1044
data/calculations/calc_ac00febe62a28d25/record.json,db81f7689f12f01d93fb153a5e6b0bd8cbc2e92341af7a33f196d665ce60c367,4349
data/calculations/calc_ac00febe62a28d25/starting.xyz,a47b1f89a758dd5c90ba74ee7488f75a8bb452e15f81d81d00f81a726b72a6d6,1063
data/calculations/calc_ae555f8cd58c2f4a/frequencies.csv,99584d828950f3e7e42c43407934a28dd45c6d3227a56c363aaccab0c94e21b2,1098
data/calculations/calc_ae555f8cd58c2f4a/optimized.xyz,e538db8f432fbfdaecb05a4cfb70da5c7ebae7601aaae73fbca7207e08321587,957
data/calculations/calc_ae555f8cd58c2f4a/record.json,25210b67cc099c3053320881801f1cc93cd4327b7b13d0e45b203e3a654f11f7,4222
data/calculations/calc_ae555f8cd58c2f4a/starting.xyz,56e4d4a38ee644542475589d9e5519d96c28cdd66ed5910a593421063ac474a1,977
data/calculations/calc_ae92928552ba62b6/frequencies.csv,fc0dbfcf024751f44c36b3262bb943542551c45a0615b7bc3b36a64281727cbd,1416
data/calculations/calc_ae92928552ba62b6/optimized.xyz,6c04c8c102acb324aecef1146fbdee119ffd4eb53dcc3f535615f03198efde82,1203
data/calculations/calc_ae92928552ba62b6/record.json,ea8f304199d08e9cee5e6151356be5ef0dbcd6010393e5b4b7e15d91d31aad19,4582
data/calculations/calc_ae92928552ba62b6/starting.xyz,8e2cba49078035302b0f9ce6f5df94f8d31f25db70d9fe695cf9c50ad9db550b,1218
data/calculations/calc_ae9385daab161c6f/frequencies.csv,17db332b231ebba7da7bbca270976a1dc91e5ae1399f5c9b1b0728e51499f496,1296
data/calculations/calc_ae9385daab161c6f/optimized.xyz,2d1bcd2b8a3f151ca47afb34a41d5325dc6acf30371fbf047f5894b27c11b237,1105
data/calculations/calc_ae9385daab161c6f/record.json,9ed049711fbb4ddb21f71f3d88bee4aae9e619f7d1c37233e7410466122837cc,4483
data/calculations/calc_ae9385daab161c6f/starting.xyz,bf6ac9182a1e9d6122ccab81d9cbb273133c03719d9840045f4922c397171a92,1128
data/calculations/calc_aedaa4b1b97764b6/frequencies.csv,d49ff534ae49b05033b72702be32b77a8260655292eb11dae75b49135a81c63c,1467
data/calculations/calc_aedaa4b1b97764b6/optimized.xyz,251fefd87c5be6ac3b82d8878d27e748f982e16b22e09c16c1a342ca3d50f24a,1228
data/calculations/calc_aedaa4b1b97764b6/record.json,4262f4608589cb6853c66b39586f6a45e885b4399cacc15a4137736714cb7561,4665
data/calculations/calc_aedaa4b1b97764b6/starting.xyz,0aa9d046a4f4296b4a05b5378d0b65b07dcd03b8ad84e2bb96c9a8a7eac57fe2,1250
data/calculations/calc_aeeeac4065bcb109/frequencies.csv,5f066e4d89f4799ebe8e73dcdc0ba7baa5cc368e48838d15acec959b891fad8d,1430
data/calculations/calc_aeeeac4065bcb109/optimized.xyz,b858f0e26c3fed9e90b410b689034818ce2a640e6b95dc0b77fd15727c6a136c,1198
data/calculations/calc_aeeeac4065bcb109/record.json,21fe17ee6fe55a2e4c46c8b443f24a865faeec1ce0e55229c22f6a4a426eafe5,4592
data/calculations/calc_aeeeac4065bcb109/starting.xyz,7b144dbfc8b33bc90db1bd1e9f7d675293a6466e39b329e3b61f4ab6457e6c5b,1220
data/calculations/calc_af642e8b0aa1e185/frequencies.csv,63277dc99a96891e7e4804d94e86308820be66155e8a14627911ab65d6acd51e,1097
data/calculations/calc_af642e8b0aa1e185/optimized.xyz,441863b16cc5df688cc9557b61704f7d93750e4b8a85fb6d6d2d50918eabb414,951
data/calculations/calc_af642e8b0aa1e185/record.json,48cadeb0fa13ea6773ccaaf179747aa4d3b8225e53d6a754d8cb4c932f975a98,4255
data/calculations/calc_af642e8b0aa1e185/starting.xyz,ed8abeed9fdb4cf5c0f07a6f7ecc697b51130776e46f49c4597496facafa4811,973
data/calculations/calc_b1a6defdb4efbf2c/frequencies.csv,956f78c2d3f54f5495938abc874c8755de3384f8b8a9987127a65567f4c7fa1b,26
data/calculations/calc_b1a6defdb4efbf2c/incomplete.xyz,b5394acabba31997fe403c7e46a2e21a11bd44ac9077df7a0318310e4ae095ef,1199
data/calculations/calc_b1a6defdb4efbf2c/record.json,e28e1f517ad8269a47775601ae9f7f471a866aad7a2bb3cb8a6e952dd43a6d7e,4547
data/calculations/calc_b1a6defdb4efbf2c/starting.xyz,fc59b04b242787a03666a8af94167570ec23bb39c50857e667f9f5d5d31f262e,1223
data/calculations/calc_b246a77642599b0d/frequencies.csv,9dbb15185491026792ae246a2e59958cf70de311e5b2b00058376877b50c5bf3,1415
data/calculations/calc_b246a77642599b0d/optimized.xyz,20f76c08ba4cabe967a31a12a92752cb3718b6957d423e26fd7db626d4869495,1194
data/calculations/calc_b246a77642599b0d/record.json,e4faa9309ea9b94b4a720cdec7e5a83c324f0deae7db637d19ebe0f2dafa69da,4585
data/calculations/calc_b246a77642599b0d/starting.xyz,0e108f2f566fb9fe14bf4f58bab6d9219e47cd95320f69c57740afec5c471c28,1219
data/calculations/calc_b2b0d02a6d2c305f/frequencies.csv,930e58b2f1442d2dac96b54568e5ff7e951ad9cb472e69a4ca5e0340471f0041,1463
data/calculations/calc_b2b0d02a6d2c305f/optimized.xyz,71dfb49b674a3e9d83b271a24707cd53aa37bc56b4885d77f69d7eff6403b15c,1229
data/calculations/calc_b2b0d02a6d2c305f/record.json,cbd40b404bc1ab8af92816459901f367475f0d64518b10566eaee9e8c8a280ae,4641
data/calculations/calc_b2b0d02a6d2c305f/starting.xyz,939091d50e071331be6830743ed102d9a0ff402aa7898ba8006abb29f8830600,1255
data/calculations/calc_b3045d11afbaa902/frequencies.csv,1f0c40efc4ff7e002839a1ff2e4a068828f586caf07292cbdb43ea0420b7bf90,1335
data/calculations/calc_b3045d11afbaa902/optimized.xyz,b33937a7c70df8d69db531b69f6fb9fa79640eeb0085fde2ba1cc5c33cd447cf,1141
data/calculations/calc_b3045d11afbaa902/record.json,5325db6a636be85d4efee26019eecd6595a4864d220751108d525770122a821b,4522
data/calculations/calc_b3045d11afbaa902/starting.xyz,53d2322ecf6c17403b0736d0b2e0eee3f105bab622e738fbfd9a950242d1f116,1160
data/calculations/calc_b3206e392651470f/frequencies.csv,3399e985657e24524f54d1d99e0cf5ec2a0095d6e528d5431dfc72b48117c4c3,1138
data/calculations/calc_b3206e392651470f/optimized.xyz,50847c8c3b706f07508b5679327dfd44175485290169f51ed76d95fb2b91b123,990
data/calculations/calc_b3206e392651470f/record.json,8d6e2344328cfb535f38867c0485306b569924292f4af6985679fad46734b282,4285
data/calculations/calc_b3206e392651470f/starting.xyz,0c89a480c37d66d52e22af7d6330d3bcb839c53ddaadf8b356fd0db7d9cb5aa4,1010
data/calculations/calc_b413c7581f9964a2/frequencies.csv,117eb4c0ff245762c04f5499db94471ac25006a716ec2f178ab271b90fc5b802,1330
data/calculations/calc_b413c7581f9964a2/optimized.xyz,b8bd64794c536d175136b661d6a65ad453f9cbfef47bad5d404b402491a7d2ec,1136
data/calculations/calc_b413c7581f9964a2/record.json,a61f0f60b31e795686467f9e61c2059d48d1f56ce21596d046cb97e25f4f5f00,4541
data/calculations/calc_b413c7581f9964a2/starting.xyz,45948759c8bc62e7757b41d7b7a6f14e6ec2a7e4d6fab6b6f1355a06e0d742fb,1159
data/calculations/calc_b4571a7fcbb4cd5c/frequencies.csv,b6bdc8ce252d65d22c93b99d3f852398b1fd5f4865f75dbb411e80b28302d109,1329
data/calculations/calc_b4571a7fcbb4cd5c/optimized.xyz,b6f46ef11ab44ff8fa37e6103f8bed3b967351c8b734e52eb19ed3235905ac84,1138
data/calculations/calc_b4571a7fcbb4cd5c/record.json,92fb49528cf7cf8887dc60bf49128bf830bd68c92b0d0ea2269e0bd8b25534a0,4521
data/calculations/calc_b4571a7fcbb4cd5c/starting.xyz,332f2b8d6f29e801bebc9e25311cfe1ba53d861017f7f57e3b48bb6c8501d49d,1160
data/calculations/calc_b5998c8a957d090b/frequencies.csv,74f573bed20136ec17fabf0eb83fdc8f3638cf0d336b75346c5d09bc3620e623,1342
data/calculations/calc_b5998c8a957d090b/optimized.xyz,6ceda002c17f4a42ab849bc3c5c20526b3d31c908a14879531fcab5c0866740e,1136
data/calculations/calc_b5998c8a957d090b/record.json,d7adfa6c8450598e48fd7ea88546c91cfb826b9741e9f9af93be48eeb6c79faa,4518
data/calculations/calc_b5998c8a957d090b/starting.xyz,ec9a7e77532b3ef692931d313b2a348caf8caa563ebd88b580dbc8f03ef4f259,1159
data/calculations/calc_b64d0bf85e13c1e7/frequencies.csv,2233eec670921a2f43a959c1c678a4f642e1ee25f0ffcba71667ea52ff5f2daf,1222
data/calculations/calc_b64d0bf85e13c1e7/optimized.xyz,e3c5fe98ff099f55ead63c74d0e536caa998c1c43fbe7ed91c40a5d6e91d0988,1049
data/calculations/calc_b64d0bf85e13c1e7/record.json,d1eaf23523d0eb5d77bed8fb987b57fc8aa456a03743b84639939a3a9260fb8a,4389
data/calculations/calc_b64d0bf85e13c1e7/starting.xyz,4f4ee516aa52d5ef9d0e20e07ee768746d3d4ae2bf1209291f97c0959c5bbb96,1071
data/calculations/calc_b64e41e8c31af266/frequencies.csv,1549a1845f2572b2f7d6926e21da01baf091f276e925d5cb55812c32b87c2f23,620
data/calculations/calc_b64e41e8c31af266/optimized.xyz,050969cbfec63808d1f0e14e3a5f81e2d9b42bf3b897d7bae0974cb27048bd13,589
data/calculations/calc_b64e41e8c31af266/record.json,e3b34573d9c3f59c65e97d9d294a2e55ddb5ad8c97dcba888af3aeb4d1b6c07b,3696
data/calculations/calc_b64e41e8c31af266/starting.xyz,c8bc28d0d2f2bd585b3d5ed0c0343ef056bfd5e543c9c1703e1d2871e4c09c4c,609
data/calculations/calc_b6fd2723cc6199ee/frequencies.csv,e189ea30816c5bd0a1a818cf10d80037d8371e8fec93b870be7c02fb3c198f4c,940
data/calculations/calc_b6fd2723cc6199ee/optimized.xyz,524f6cc3361bf33f8d51fd31aa1a50eba395567d82e71cffd4dfd5dea609571f,833
data/calculations/calc_b6fd2723cc6199ee/record.json,6ee1be2cfae9f0d6bba1e10fb432acf8c197fbd34431eecdb5de352e27658fc4,4030
data/calculations/calc_b6fd2723cc6199ee/starting.xyz,69e7618d18391dd5f163ebd69210ceaa1a396a072d4d7883e198b3f2a415eb41,853
data/calculations/calc_b7ae25f6b23f4352/frequencies.csv,a8ad190bb39e21b261c3b32935f787eedb6301574c2598fb6590c83979f91e98,1263
data/calculations/calc_b7ae25f6b23f4352/optimized.xyz,d1dd7818eaee0e3360a095fe91a2e78c344e1048e0c23c308d12b0280597ebbc,1079
data/calculations/calc_b7ae25f6b23f4352/record.json,b0ce7136d154b6a192779ba5e6b9f80c04200c1f00b979bf54bccc9f7ac4dbbb,4426
data/calculations/calc_b7ae25f6b23f4352/starting.xyz,2d0957356c95d6fac4429bbcbd77752deb9a20eda7e383f04c2400768f322db2,1092
data/calculations/calc_b7b2c419d15de4e2/frequencies.csv,4b23023627794b8b9e3320e9bb11aa8dfb0ea4f2ac3fff25a46dd9d82e5c775b,1413
data/calculations/calc_b7b2c419d15de4e2/optimized.xyz,54f77ae816b04b66771bc4e24abaf02ec5b2a435dd026f929e1e963f86a43960,1197
data/calculations/calc_b7b2c419d15de4e2/record.json,e36ae4e4080a6c97316b6daccc2aa145b2bed7e94970e3b1e92eb4270d0e6550,4637
data/calculations/calc_b7b2c419d15de4e2/starting.xyz,30806de342d7c49a15abd43731a0d6e9849d3051c441add0c3bc296bf71b4540,1223
data/calculations/calc_b818eb6e36db503a/frequencies.csv,28fdf7927144aaae7374f890e579842e8e55f2abbd4d9578fd112b19f53bd0d4,1219
data/calculations/calc_b818eb6e36db503a/optimized.xyz,6ca3650b4b51f5e27c9e80f39e6f89fbce7fbfedcefa0648ff8ba3a2b00141bf,1046
data/calculations/calc_b818eb6e36db503a/record.json,49416e688adec7ac68cd257edbd1794749dcf40d3c593f33de4552aa040792fa,4355
data/calculations/calc_b818eb6e36db503a/starting.xyz,2928ba916780ee5378a26344739630ec09ba200382fcf8c7a187e5955344013b,1064
data/calculations/calc_b8428c2471f83adf/frequencies.csv,43d18b68bcc27c55e2256d41a54b88e3c292c1bbc94d7a29d4167b6e7dbf50bf,1258
data/calculations/calc_b8428c2471f83adf/optimized.xyz,6ce109088950eebb78799f979e081e15ffbefb964088a3f9e8ffdbb2d5b508c0,1076
data/calculations/calc_b8428c2471f83adf/record.json,468ee8f9b927592bba7dedc80abea0ccd66c8a1d65f2fc09d6f01b07b68a6490,4392
data/calculations/calc_b8428c2471f83adf/starting.xyz,48675d0bcbf2a497f775cf8298ed88fcbcb5b466a3bd3ef6935b6fc9c366aaf6,1094
data/calculations/calc_b857d87b6fb2f2c2/frequencies.csv,b28ca3c6d87824022c90fb05fd1b93897d03f274dcf3ed2dddca36bb1ca6bbaa,1427
data/calculations/calc_b857d87b6fb2f2c2/optimized.xyz,97b6f2d1a3c8a0f621a907cde381c1e47483c39ccee26db3affb78e29755b066,1197
data/calculations/calc_b857d87b6fb2f2c2/record.json,7276bdc707efc4cbb310b6b77ae41340fbeb9ca3c34d27df8fb6a4a37f5e401f,4607
data/calculations/calc_b857d87b6fb2f2c2/starting.xyz,6afd12b5e308019fee454fec992866d43c327f1500bd7f8facafc5f09a910100,1219
data/calculations/calc_b968676ef9b47ab6/frequencies.csv,bf9d5b829cb8e14184cfbd24282fc9e3e26d4433502d968d9b3fb2e9e9b7799b,1147
data/calculations/calc_b968676ef9b47ab6/optimized.xyz,9f0bc4c631c5a32c0143030796925483fe38295f4b378f1fa5e8d65e848f5f9b,983
data/calculations/calc_b968676ef9b47ab6/record.json,0c820cd3ad72bbef777f2238ed944367dab530d09d5d9ee6e65c69657a78fce5,4285
data/calculations/calc_b968676ef9b47ab6/starting.xyz,7e4a00ad4f60df614c30ec0016caf474fbb1f876c8d1d8d2ecc9b5042d7972f0,1008
data/calculations/calc_b99194fdcc4a3b99/frequencies.csv,593673ed4f6f4af07fb089ae614ed595bc10c8d2b35a83b76dbbc3d25e43cf6b,539
data/calculations/calc_b99194fdcc4a3b99/optimized.xyz,7a4e6c5d1c02d666aede043d5ab4f988ce95416121cbc8146714f645b9ba82fb,526
data/calculations/calc_b99194fdcc4a3b99/record.json,2a40ae6065f796b28fb020afefee71bdb451f31229ccd860b7f0c728d7f6baa7,3633
data/calculations/calc_b99194fdcc4a3b99/starting.xyz,1868395fc5717886bdc9e1966f21fade8d55477705dcdd819a50653de9d7a1fb,550
data/calculations/calc_ba6fa49138980b02/frequencies.csv,71e0790fd48766ea7649c3a04a864c7d2c50c5ed965c7b0856c8d7dd3b244cd0,1143
data/calculations/calc_ba6fa49138980b02/optimized.xyz,236763d7e121bc3b3f75b471b756a852abaf2f56229bb031594e40dbebfd837f,988
data/calculations/calc_ba6fa49138980b02/record.json,e71c25184ceb6cd963ab5c0969944e0cb7f5da7901b61f4b7a9d6c958dbc1df8,4272
data/calculations/calc_ba6fa49138980b02/starting.xyz,d2c1793dd4b5cefad5260a447b27d44aacafe9a0f57ef7914504c6e63176c64b,1010
data/calculations/calc_babe225d7f2e03db/frequencies.csv,0def32553185eac20a0f7a772d46b4846d9cdabb29109aaa4e3497d3c03b843a,1430
data/calculations/calc_babe225d7f2e03db/optimized.xyz,49817f8c058a37f0fd7b5cd597ccefe81e0c1b26b77715b92753b653d00e08e2,1202
data/calculations/calc_babe225d7f2e03db/record.json,746d1379ca4028c5b02b72129e37a4f9e546832365a26979cf262dc864134157,4608
data/calculations/calc_babe225d7f2e03db/starting.xyz,1dd4d8cc4bb9dc1ada5be9bcbaa0f37e8b5e462936c718d1c7f067e1253ce036,1227
data/calculations/calc_bc421ebce09a5829/frequencies.csv,3d7ef7b91b99aa775cec2be02d4f1352617274283c532819efb826d5aa38faea,1341
data/calculations/calc_bc421ebce09a5829/optimized.xyz,cac70d34965798f30a424069295607a41fbf099521f18168235af58fa252956f,1138
data/calculations/calc_bc421ebce09a5829/record.json,066cc6be4348ae301d989db1ce9ea1c4aadb5d82cdeeb994e9b48bed80d59893,4529
data/calculations/calc_bc421ebce09a5829/starting.xyz,8fe100a8048768e083002edba7e8902471d8ca9394dd5a9f51a38ad706d04363,1160
data/calculations/calc_bc8b49c19f1cfefa/frequencies.csv,e0127ee041760da15ff4177a907673be6f301a32dff0aa2e6c1c5c8cbc7be68e,1140
data/calculations/calc_bc8b49c19f1cfefa/optimized.xyz,f288cae5b28fa65e0c74b869d267e1eb7f3363b80a57847038b7f739f025dcbc,983
data/calculations/calc_bc8b49c19f1cfefa/record.json,018581fa11da5ef7ec12563c51529d137bccc3fe5f92e4e76ada303a86df79b0,4274
data/calculations/calc_bc8b49c19f1cfefa/starting.xyz,f7c5c25c50b817f199d9dfa4bb7d62a37ddef4ca65a40c5a04e692d525ff965b,1008
data/calculations/calc_bdba36e59c4d6113/frequencies.csv,7d4f1463ee308405ca2e9dd4a4b4981d6bcfa7283d1a7edd7eee1d1c9d488a30,1422
data/calculations/calc_bdba36e59c4d6113/optimized.xyz,9fa8d812e07efa109b887ae7cf9e1b5ed7613fed8b7ed1275f10705fa02e2e47,1198
data/calculations/calc_bdba36e59c4d6113/record.json,a54ff00595e96494435ad19388fab9ac3e334815701d3cbab135ddb9141f66fd,4622
data/calculations/calc_bdba36e59c4d6113/starting.xyz,ef7952c00550bbb916c3f014aaf5602f0c26a6c6e5503e5e212c1fe4a68fdbfb,1220
data/calculations/calc_bdbb805e868e5608/frequencies.csv,015e278d03d220ad4e20b9914b1b9a48549d8fe8ce6abd6bcbdd7d053ea1badf,538
data/calculations/calc_bdbb805e868e5608/optimized.xyz,2ded7b4d977193e9d34504537102188cfaa3bbb779810acef6518a76900ec2a6,529
data/calculations/calc_bdbb805e868e5608/record.json,6fabf867c9eda782d0d8e25659fdf9ce1519237860118fce2169151815f19d48,3598
data/calculations/calc_bdbb805e868e5608/starting.xyz,67e51aa2dff469f6282c228bd40db6600209b7dd8f0d65a668d800e92eaef027,549
data/calculations/calc_bdef5ac53c00d7a1/frequencies.csv,bde9874ac06b9bcc33f09a8cafa5872398a58b0edfe7c14073ee940935305105,1227
data/calculations/calc_bdef5ac53c00d7a1/optimized.xyz,07a3551efbb5d183fa0e972ba045682e8c8b6d0119da3eaa87d44f588be2b1c9,1053
data/calculations/calc_bdef5ac53c00d7a1/record.json,e262c4bc18d74450263c248a94e1d4158460ba2a8964b3d872dca4053b2acdc7,4371
data/calculations/calc_bdef5ac53c00d7a1/starting.xyz,c5edf8fab029d21461dd1b6724405b2dc6723f18fe99e92b6879c0722972ef45,1062
data/calculations/calc_bebffc90ac2d06ca/frequencies.csv,f4f392a8fdc9d1dcca3a1798405f13047f7cd4c15efc4206593e3d0b1628d5e9,1472
data/calculations/calc_bebffc90ac2d06ca/optimized.xyz,214a85c2984db61f188694cb70ea0a1e5e0d91c8dcd2bb98cb07bb299b5ceede,1228
data/calculations/calc_bebffc90ac2d06ca/record.json,5495eca5293cdd84ee4473e50c36cfe7f1ba5154ab508b673d9a1cd2fad63a3a,4669
data/calculations/calc_bebffc90ac2d06ca/starting.xyz,3fcdbda66482644cefff78fe38b59154597bf6a8691f99d66f6b8cf7590a6ee5,1250
data/calculations/calc_bef6afd4641d618b/frequencies.csv,debe1cbf61f69d7d97cd719350655d1c564d79edf1433cd62b683117935d5b96,1333
data/calculations/calc_bef6afd4641d618b/optimized.xyz,362e30ed1e50f5d0d828e1655d963b4f2a6446bcca4fcea6adbe1259427b996d,1133
data/calculations/calc_bef6afd4641d618b/record.json,50aca627c4fbb5ef8c34a4da4c88a20f2c13e57cb9c3392a863903c71860c7be,4551
data/calculations/calc_bef6afd4641d618b/starting.xyz,94e272a31d9fabea155423767b88dbdddbc410e8a7b12aa7fa9d8be2449e95e4,1162
data/calculations/calc_bf334ede74e3ec76/frequencies.csv,c9b8d1864da1e089a8bf7aac4eb4fbd7966e06b056fa8ee2412622e0741ff4c5,1382
data/calculations/calc_bf334ede74e3ec76/optimized.xyz,69ea6dda8de3aa0367abc9655c74615ca5f634ee798af4ede9093d67b859d744,1170
data/calculations/calc_bf334ede74e3ec76/record.json,6ccb3c065dbcaf34deb735fb471dd9b671c69b431cf2d69823b02e1e8b5dacd7,4561
data/calculations/calc_bf334ede74e3ec76/starting.xyz,93b051239f48b074d88b85d8da895e032313f5aa721e28e863898f2d82d6ba99,1192
data/calculations/calc_c03413cefe275eaf/frequencies.csv,44903b6c805f1d9f1ce524d745c6117331ce6e98fa97c7da28462f650c0090af,1586
data/calculations/calc_c03413cefe275eaf/optimized.xyz,bf8777879a7765de9a7e043ed18457585cfc25dc36ec99aa432eed79670cd3fe,1321
data/calculations/calc_c03413cefe275eaf/record.json,fe8266a33edd1755df9425e204d8c001ec43fd97fd7f1b9a50ca4c099bbb4b94,4751
data/calculations/calc_c03413cefe275eaf/starting.xyz,fec02b654593eddf10d35d007c18d1b6f4505ee9a282e3636274e0c031902d7c,1337
data/calculations/calc_c10a8008bc8aefc2/frequencies.csv,5dd8424fbbfc21262a1496b79eb98ff70e2deb6cc3d2a291b44575186a136ab5,1507
data/calculations/calc_c10a8008bc8aefc2/optimized.xyz,7c32d9c27620c5663e8f2ac4f8dfce175a92a90623405b5943b929580baaf44d,1255
data/calculations/calc_c10a8008bc8aefc2/record.json,1e3b389f2e6aa482d6d93496e6abd13f4bb269811e85008048f628c456613ba3,4735
data/calculations/calc_c10a8008bc8aefc2/starting.xyz,c68cd0d814fb2f3508573537b4dc7a0d20c909e7bcb73da0245131a683df3721,1293
data/calculations/calc_c161a7e788757379/frequencies.csv,41ed1d0301534db5fd04330a0d3c122cf53b54e8b362483ad4e592bf027d83f8,1177
data/calculations/calc_c161a7e788757379/optimized.xyz,22439f1d289b3130760da0f22200070b8ef0ef1672bccdcd574f17259239063b,1021
data/calculations/calc_c161a7e788757379/record.json,9c01e6c89bc0bb1fe0e65d515e7977caa98f63d4ee0bf01a180119124d09591f,4348
data/calculations/calc_c161a7e788757379/starting.xyz,c38b07c40164bdf27abed9d5482e21d60872b007b39eb20ca05ae7848f76f68b,1048
data/calculations/calc_c24a0cb0be829e84/frequencies.csv,5019ae33539fadb749f980338601d955b99a7c000704eb7b9bd63af355ef9896,499
data/calculations/calc_c24a0cb0be829e84/optimized.xyz,ace22ea7d5acbd7802e75d2d433bad57d4779e59860dc2efd2e95b7189330cd9,499
data/calculations/calc_c24a0cb0be829e84/record.json,086a26643b0c4641cebc37fcf8f11a165ea901be4f853ccba8fe31e076e49c6a,3566
data/calculations/calc_c24a0cb0be829e84/starting.xyz,434fda4a01f028c9b4c2ecf4b9a768f3c53c9ef4dfe76de065560f2f977afb0b,518
data/calculations/calc_c2c6ab8c0cd44dd8/frequencies.csv,949afa78534a3c05d3419b9bb52e7af187f9239e69effda8fdb919d0bb4676ac,1222
data/calculations/calc_c2c6ab8c0cd44dd8/optimized.xyz,18c434741658863059ec81ec60d209426fd9406cd83302fb798679f7933ae31c,1044
data/calculations/calc_c2c6ab8c0cd44dd8/record.json,9209dfaa7339739eb6f94122c8fc3be767bda38bcea6bb59dc749e253a8bfb24,4356
data/calculations/calc_c2c6ab8c0cd44dd8/starting.xyz,650a79590d4560d9b14a3b2e085139deaaf1b5aa87628b106d189749eca4f058,1072
data/calculations/calc_c2c9d57073565a33/frequencies.csv,ade39f842f66c53332d9055dcdf80365b872a4c3d37756dd408c1b0267834644,64
data/calculations/calc_c2c9d57073565a33/optimized.xyz,30edc1056ff1865c5806e8a828eb25b1de0bdfe1f249ab6310ae0aa6bc41b8bc,161
data/calculations/calc_c2c9d57073565a33/record.json,8a035f6f0499b405a5b9ce78dfac6c0ce796d2f5773eabb68f6cbbb735199ca8,3030
data/calculations/calc_c2c9d57073565a33/starting.xyz,04a601ba4dc492a803edd2ecad72996c951aea901b9f6c70a532c6812b2b2e11,182
data/calculations/calc_c353cb46090f2737/frequencies.csv,ae89613fedbdc2eb1b99376102ea5341f63b8163afbbaf7882ccc9fa300ac61c,1221
data/calculations/calc_c353cb46090f2737/optimized.xyz,afe4ccb3b883f5f4dc7c8f9e120aa9bdb85935b08bb62ea43412b2c48c81afa7,1046
data/calculations/calc_c353cb46090f2737/record.json,621576d8de23e273616989c39ba8d0c7628ab9f6e9ca0a62d3562bc07f2d1fc5,4403
data/calculations/calc_c353cb46090f2737/starting.xyz,495e7e022629dbeb02911bc0fc9a09bab13e76cd2d2878a08ab72da31779365a,1071
data/calculations/calc_c35c5f7936f0c4ab/frequencies.csv,88c0f1d9435f1ae8c2835ade38af9d90f6b5d3d878d7f60fa2e9df3847b0fc8a,1228
data/calculations/calc_c35c5f7936f0c4ab/optimized.xyz,0f859ca78e7c2f0482aef80adf0486db237ec2f4b1c9c4de47a54487762dd4ab,1047
data/calculations/calc_c35c5f7936f0c4ab/record.json,a38481cdce7bd9ccd4e03c7c56fbaf3a93afccea608b1298cb30f238fa754bb7,4379
data/calculations/calc_c35c5f7936f0c4ab/starting.xyz,92d1bf2b009bb6091552c0c1fdd759086c7fb5d2db2b58f96c243e4cad5a317a,1071
data/calculations/calc_c361a8ca84c4d8f6/frequencies.csv,d00c52bc44b3666a486d9535af818848081dd501a6bd66a262a31cfaa825ef67,1333
data/calculations/calc_c361a8ca84c4d8f6/optimized.xyz,da87b0631b3f6b8df6b737be08d5fd7c59d441f6f000d36df7d15a6dc36e2442,1139
data/calculations/calc_c361a8ca84c4d8f6/record.json,abaa50f2b39659361554544b4cd05c00021291ef97b9b6cb4964bbba28634fad,4514
data/calculations/calc_c361a8ca84c4d8f6/starting.xyz,5e11449add85fd376f2e2b2001bac7dff72d3d370801de7857cade7271f8fcb4,1165
data/calculations/calc_c379ce33a86930c1/frequencies.csv,0ff959f41f34dc002aa524e5dcf89e9568ded37d10eaa46624932c83bbe6309a,1295
data/calculations/calc_c379ce33a86930c1/optimized.xyz,9fbec369f5543de9f34305792f05a9f0afa928599bc7fd9da47063b7cb04f85e,1110
data/calculations/calc_c379ce33a86930c1/record.json,98dbd0a219e6cb99d2d97f43a878c59814dd4f21eff6d58fd16b44a4709ee421,4512
data/calculations/calc_c379ce33a86930c1/starting.xyz,a3abb7732320ec0d680379515671f7652a918ad5b817a951559ec5907fb28437,1126
data/calculations/calc_c3e30f1dec61c4dd/frequencies.csv,9bc41af33b019a342f3875879d013db1eccabdbd6c7c37d767e1336fc7512f69,1218
data/calculations/calc_c3e30f1dec61c4dd/optimized.xyz,2789478c088613fe1aa88bc6d04a12d58ea6a2d7960b09424efaa0834ef8a312,1048
data/calculations/calc_c3e30f1dec61c4dd/record.json,d929b716621df504f622940eafe1aee354eec1a61f1906152e6c078bc5ec6b03,4352
data/calculations/calc_c3e30f1dec61c4dd/starting.xyz,7a6bab72cb3aafb5e16d2d70286772ddd6e675414a42ff0fe1de881ff32b5bc4,1068
data/calculations/calc_c3eaf19d830458a1/frequencies.csv,08a9bd067eb5978396c68ee26e03552c9c00975c46546d4f0aaf28c2108b8da1,460
data/calculations/calc_c3eaf19d830458a1/optimized.xyz,0b0f75f561a19e3fbad1f538c9d8daaa98835950c4ab7e8058ce139a2bddec68,468
data/calculations/calc_c3eaf19d830458a1/record.json,85897191ee3d79ebd02ffc5bdb2f6b83903b8569f0a1f285a35149ebbbc041f3,3484
data/calculations/calc_c3eaf19d830458a1/starting.xyz,21ae3cbf365514d32f12f7390e123ce21a40e8c9d6ae4dca641092c6fe4cc14f,487
data/calculations/calc_c42d0d054e263bba/frequencies.csv,a1fc205d29c7eb59c051196d2914dd1f8be948b79ffd6bb092a54ad314df4ed9,1217
data/calculations/calc_c42d0d054e263bba/optimized.xyz,609381232ce2e3311d85fdf38e46a267400a0b492aebb4b62db6cf5dca5621cf,1043
data/calculations/calc_c42d0d054e263bba/record.json,7f298dd3bc3da01a7963d218b1817a52bae298028872acfdf51ee0e37494fd5b,4395
data/calculations/calc_c42d0d054e263bba/starting.xyz,45af680a4e9d9d205dbfe1dc0410ae48bce04a46827281364560a15a527ec27b,1067
data/calculations/calc_c5d86e8d05757386/frequencies.csv,d7b878600296c1ecbff3dcdf351475a0c5dec939409f484011dbfb50ceab8b0a,1178
data/calculations/calc_c5d86e8d05757386/optimized.xyz,756ba0c0675e8142d0f5e058ce302d1ca95b356d3eb64a725858f6c13457c711,1012
data/calculations/calc_c5d86e8d05757386/record.json,dc4994c073dbd898f7d3831730a5cadca059971240fdbbebe7f127c55f67098c,4324
data/calculations/calc_c5d86e8d05757386/starting.xyz,721e00dae916ad47a023dde49e25788ee44ce32f6074145c1f0360b713435654,1038
data/calculations/calc_c5eebeb27b999d66/frequencies.csv,bc7d32abe098e9f04d8b4c8e0c8d7b9b3273875305318a344d4943f62ab4b207,1339
data/calculations/calc_c5eebeb27b999d66/optimized.xyz,d686dc7e6cdaea03b7d9e2e9e95f82ba8ab759e6bd6f3875445dad2b2f730108,1141
data/calculations/calc_c5eebeb27b999d66/record.json,552e49ad8738d881c771893f9f20581c841b17dd602f7deb4f14713f5cd1ba95,4517
data/calculations/calc_c5eebeb27b999d66/starting.xyz,c9d5d342a0aa9d308528837412e23a4203c0c2ecafe469f2387419359f035833,1165
data/calculations/calc_c6137ff04773e906/frequencies.csv,e4982a69b07333017372dc820d9302768339c3b0a30e497b46746a0e9c76553d,1224
data/calculations/calc_c6137ff04773e906/optimized.xyz,0854170d7ff94ff8a793e28fd4a8ed0bcb114fa6db61647ee0eed3f1a1f53ce7,1048
data/calculations/calc_c6137ff04773e906/record.json,dc7f27c379b11216a9de41e840e0ab6c181f9a18e3ee43676a446f963873da62,4407
data/calculations/calc_c6137ff04773e906/starting.xyz,3058faa30d022c9dceddb29e7104875ca23ad3a782faf9784b61cc6659399887,1069
data/calculations/calc_c6fedfe26c870168/frequencies.csv,daf8b02f051bebc81d6dad692150f8244bd18d7008e2f3a24190e5d2b451b57d,1467
data/calculations/calc_c6fedfe26c870168/optimized.xyz,39448e77bec2f2ef609bed7c00a9d451209ff3b81b135553e49677faaa5fcf08,1229
data/calculations/calc_c6fedfe26c870168/record.json,fe44f04fdf8cad12fb8277b11d1bfdf5fe98635c10defe76ba0cf2c05a81a751,4646
data/calculations/calc_c6fedfe26c870168/starting.xyz,016027b888a1745c2e7cec9b4e09447a1b725984c05b545a6c04ecd731c5ba8b,1249
data/calculations/calc_c7d087597e139747/frequencies.csv,6ba1280d0d9db9132091ef631a4c0a302ee9a2408adf27f6e6a8cde76874c1fd,1220
data/calculations/calc_c7d087597e139747/optimized.xyz,fe9c04b1f7f307b4187a0cab70b3423bd0fa2572db354885c57abd00776f4dc4,1048
data/calculations/calc_c7d087597e139747/record.json,78f1986f7eeae01526735a79760b7e4085aeee7ca8e8dad4e078b44bfe27b374,4380
data/calculations/calc_c7d087597e139747/starting.xyz,baf1087651a30070534ef7ce8a7486875f81c3a956ca2d1eca24bddc48890181,1061
data/calculations/calc_c857c5a0105ea852/frequencies.csv,d6995edfacd0f1c8bb7318814b05781278f0840b4a6028c4f91fa6b8d156043c,1384
data/calculations/calc_c857c5a0105ea852/optimized.xyz,9a82af2f60390fa2d1e9b5afea9f95f83fd352c33314bfb88b3c69b1a2f92c0c,1166
data/calculations/calc_c857c5a0105ea852/record.json,44713ac8cdf3b47ea0514962df2810aca0410a536a588d4c3de0dbbdacb23f0b,4600
data/calculations/calc_c857c5a0105ea852/starting.xyz,cda58f6b2914d6e069073869acc32ac275bad791c4ab08a4a0f8d62b69dd4af0,1188
data/calculations/calc_c86a1f2350ca7a79/frequencies.csv,3ab904ba2a67dfc7a4b61bcbed7c5624877680ebd2dc7f3b174390b6eaf5367f,1454
data/calculations/calc_c86a1f2350ca7a79/optimized.xyz,0758eec7a5c7e42417310046a6902939aedd8468ffd44ccd14873cb9c9f3edcc,1227
data/calculations/calc_c86a1f2350ca7a79/record.json,ec714c7855140415fbe60f75afd4c7e3233860901babdd396f011f04c06cb969,4674
data/calculations/calc_c86a1f2350ca7a79/starting.xyz,bf98db3a39c88156cc36b686a4e50a51f0ef7d50d734ee77e14adaa750b6b690,1249
data/calculations/calc_c8ba0d588d9f5799/frequencies.csv,1f415a660a578e6a12d0cb9cfe544dfd5d85b88406113e3789bb268152b93852,1672
data/calculations/calc_c8ba0d588d9f5799/optimized.xyz,d0dae0d37d7995720be75dd9be54a3b7163805da666d4943e3b4568e0d3b189c,1389
data/calculations/calc_c8ba0d588d9f5799/record.json,ca5bbd20f21b2862d819028285433117a1e8df47e11495ade288e5289d1ce407,4864
data/calculations/calc_c8ba0d588d9f5799/starting.xyz,6c5995927ae33125ad5d69ec3773587fdb32f62b5458ba74c5e85b5ef810cec3,1404
data/calculations/calc_c921217b0ad50215/frequencies.csv,a8dd5ee37eb6af366feec7fbf6abc5b6a95129f81f38d830986d15310f00e856,1292
data/calculations/calc_c921217b0ad50215/optimized.xyz,8e105432e54e8ff9754d5b9b13961c240ec2f6a2e249ad82167157665945d205,1107
data/calculations/calc_c921217b0ad50215/record.json,c419366adaf7688518cdacb090009fd0aded4e200c66f07d630335f53285b74f,4509
data/calculations/calc_c921217b0ad50215/starting.xyz,6de50da5acca9326b8a6dc31e235bb9ef2b8c148c28922a7d5091738fd1ced9f,1131
data/calculations/calc_c961edaf6d598eb2/frequencies.csv,3f7cfa1671faa1309d8023a1d8505e9acb09be8647fce9ea03c3b8e5d013fd91,1470
data/calculations/calc_c961edaf6d598eb2/optimized.xyz,8d6255f17f7d6f849e1a9748010e66fecb78c82f8781020a4e23e9ac19e80506,1234
data/calculations/calc_c961edaf6d598eb2/record.json,ffe8075a14a5b3706b7647d2625dde50b473ab27b101e49a569f4ea3675cd5d9,4642
data/calculations/calc_c961edaf6d598eb2/starting.xyz,fb2f366d72630795a19927f65ecdad86179842c653155ef306abca60db6bb896,1253
data/calculations/calc_c9a679f675491f42/frequencies.csv,4835952011bcf33538317806443d10be21708655f25e01993a430a3edf8cc743,1725
data/calculations/calc_c9a679f675491f42/optimized.xyz,e8080a6b50144745d5969f5113e1f1886a1898c26066bc9f0f76eb88f65413a2,1414
data/calculations/calc_c9a679f675491f42/record.json,49e9a2cb4689ac45ea07f05ef2ce4b9f283908b1b8a8fa0465325690d2cf8438,4884
data/calculations/calc_c9a679f675491f42/starting.xyz,d330799473babcd325c75314e0dc5ddaa15e297a9ec7793d4b444a8467087d45,1436
data/calculations/calc_ca7a1ad393c49c94/frequencies.csv,d4fbb7cf05c2d76353d2681f2719308e18683e8bc06e26aa5557835b6c1fded0,1142
data/calculations/calc_ca7a1ad393c49c94/optimized.xyz,9178d45dd9e5f96c8dc9d0fa8324eb51b29b1fc787199d986e4254c7ccc5685b,983
data/calculations/calc_ca7a1ad393c49c94/record.json,e0c1040369b933316d76eb880d386e959529ffe90f05cb81344c586d10abaf75,4289
data/calculations/calc_ca7a1ad393c49c94/starting.xyz,8012407a56cd4d9e489f620430a040ce637b1ac87d331238a28869d3f57d694c,1010
data/calculations/calc_cad4d80b8fb69c59/frequencies.csv,b66aa857843056f18a008528bddca2f928cd7329d2e88ffa89d2878d50163cb8,458
data/calculations/calc_cad4d80b8fb69c59/optimized.xyz,2c8f67c1e990d95bfbd5cd3ca758469560e5b4a085aa2b7af4d2d31a4aba07f8,468
data/calculations/calc_cad4d80b8fb69c59/record.json,d0813d4c24ae9c723a96a9a8a935739bf5bb3f36ce278df138e449090e56a39e,3517
data/calculations/calc_cad4d80b8fb69c59/starting.xyz,d3f48b07b2bfcbd7b31c80626c119aed81ff1c557ed41e3dd3a42485b5c1357c,487
data/calculations/calc_cbdeb70572303b68/frequencies.csv,0fd3b06de584d2305128469c0aee3069e8bb89dfaa3e3d4e7ecbfde6033d338d,581
data/calculations/calc_cbdeb70572303b68/optimized.xyz,33497b4ea1da4108f84d3597ddc04b3c92100cf3277ae5c16d8a551f6ce4d9ba,557
data/calculations/calc_cbdeb70572303b68/record.json,d405c691c4143a035189ac524f6a2c37ee163e92cdcf4aefcd41a0690ebf911e,3614
data/calculations/calc_cbdeb70572303b68/starting.xyz,c38379e518a783c72b41bb90e2753d19dae6dd1373141c30f21e7dd79967dce0,575
data/calculations/calc_cc34f0ef71265eca/frequencies.csv,1b2529e21a7912a8e885da648a07b88af8e2c31834e849c78a8f389e9bc99770,1105
data/calculations/calc_cc34f0ef71265eca/optimized.xyz,961758cd91b5ee8b0eb17669b029e88b5d4af075698a834248b73c72e2974222,959
data/calculations/calc_cc34f0ef71265eca/record.json,6d1d6f0a9964e3a4509366c18dea3efbaabf725344ebc7ebae15ea6661d2023b,4246
data/calculations/calc_cc34f0ef71265eca/starting.xyz,ab0b3ca4bb006a734812927aaee24e9163834b222b5548423502604b16ff345f,982
data/calculations/calc_cc51737f8715f0e6/frequencies.csv,f7a048703a52d8bde3706e86b91f7aac25a11d6f1f50ba06d3a6eac5bb4fae1e,1299
data/calculations/calc_cc51737f8715f0e6/optimized.xyz,12d62f1ad2e64653fffe872c6741307eb1e5ea30ae3f35ecad1d2051ee31db8a,1106
data/calculations/calc_cc51737f8715f0e6/record.json,94f672074b4cfc4bd25d1f3419124118bd722c56d6b3bb12b815a86b6348b379,4456
data/calculations/calc_cc51737f8715f0e6/starting.xyz,910ebdc1a607fad14751edef93e34d8b895a5c129c9f686243391adf6072090b,1127
data/calculations/calc_ccffa35bdaa00ec6/frequencies.csv,f938e3fce8abb849cc09df07b2ce1b8e7ea6eba13ed850c39766cf9646cf00b6,1257
data/calculations/calc_ccffa35bdaa00ec6/optimized.xyz,73ae2439de029077282d94efb01fd924ac0bf5aea5b128e189346229c4e1c546,1080
data/calculations/calc_ccffa35bdaa00ec6/record.json,989f19776e750cb4d470b742fd742e4ac05dde44ca5b91bf979e30d59b45a65a,4396
data/calculations/calc_ccffa35bdaa00ec6/starting.xyz,06c3d54dc05837eeea9893e8f6998f2bc3d427e6e192e7af04b72cf74e4efc90,1094
data/calculations/calc_cd8ab4a93de415ca/frequencies.csv,90127932c39562bde9d8177311e24873d556c3385d422c5fa1bf0252b7e0fb07,1423
data/calculations/calc_cd8ab4a93de415ca/optimized.xyz,944f57a8fc3fc203369b2995a5141eef58abb5a3debd08435f9ba28d4f6aa367,1197
data/calculations/calc_cd8ab4a93de415ca/record.json,99234920591fd4e425fd15bdd732395b23c2221fdd710c40bcb1708d7fc3b225,4608
data/calculations/calc_cd8ab4a93de415ca/starting.xyz,1274de52677425d5fcd33f0d11da49348b0bb10a2d02d618471d9caef63592f4,1221
data/calculations/calc_cded447bd0a49de6/frequencies.csv,d3ee0a8d7d60d166a3ef03cad75664abb2f23cc627335f181a78f9d4bf03672c,1424
data/calculations/calc_cded447bd0a49de6/optimized.xyz,ba2b1051caf146d66d4524c12e13cb3fdaed757a441f0ac889e1f2f44dd9a497,1201
data/calculations/calc_cded447bd0a49de6/record.json,478447391907cb0d3b4de8c6cc5579ab4a4648449c1c762a0cb51316c4f9c448,4614
data/calculations/calc_cded447bd0a49de6/starting.xyz,dc581bce407930b49f07371296bea1b331b41082f72b48e812680ac6f5cec372,1225
data/calculations/calc_cdf1dbc4f48a67af/frequencies.csv,bea985a512c2ff7a04e5888270049d7e1dcc819b5fbaf906dcdcc06846104d11,1462
data/calculations/calc_cdf1dbc4f48a67af/optimized.xyz,cde257363ef54ba9988ede559033d429feb619e4896d79728320cc8f763c8500,1229
data/calculations/calc_cdf1dbc4f48a67af/record.json,92956b17eaef346d989f800d3132e931581e1438233756ed0bf9c4184de0f49a,4641
data/calculations/calc_cdf1dbc4f48a67af/starting.xyz,e8679cb54f8282f2bd31c2729776144a280fd2b1c5a75b748b45808163af5112,1243
data/calculations/calc_ceab44138cff1b4f/frequencies.csv,1bc8c0f976cb98388be0e9c97fe04682d67bae083963b8aeb2ab76d5096df7a4,1421
data/calculations/calc_ceab44138cff1b4f/optimized.xyz,ebf944d25c61a773f2db6eb77ebe1ecc033327596ef0e42312afaee7874ab41f,1198
data/calculations/calc_ceab44138cff1b4f/record.json,50bb6eb9b0e141eb5802751eaf56e598ab098dc1057bf1ee051d911cbec040fa,4583
data/calculations/calc_ceab44138cff1b4f/starting.xyz,95af5e8ace7eb3682e3780f7bdba732b20e69c8d9527f2006d0bdcf4f86c4e5d,1216
data/calculations/calc_cfb3c19a9a0d5966/frequencies.csv,856ca1aa01b9af500a7f036b9db40285636fb81fb77b305c854d7e40dd1361b0,1260
data/calculations/calc_cfb3c19a9a0d5966/optimized.xyz,3b07c9383dbb1ba309c4e6936f189b6b6ee96daf3c7f570663dd94ca553f64e8,1075
data/calculations/calc_cfb3c19a9a0d5966/record.json,71b3c2c2f66da723b86e3026a01d4c70bd437a1a71752b2bdcc80efa7f799add,4454
data/calculations/calc_cfb3c19a9a0d5966/starting.xyz,3eca3ae7c71b8f37ce9a71d55fa21c44da39e006a8495bf6533e8a4135e21f80,1098
data/calculations/calc_cfc9a2caa663a672/frequencies.csv,f1e18e2c770ce16c48f4dd1d26750898d2a199f0ea230f98c75f164ca262cd2e,1100
data/calculations/calc_cfc9a2caa663a672/optimized.xyz,b622b81418dc8b0eb776f2e48f89eb3fba0f21aa8b5c96699c4f280fee7859bf,959
data/calculations/calc_cfc9a2caa663a672/record.json,c32ae0bc237f4a969f5819354ad44fc15d9263ba3a053c1518f10c1f35f6fd64,4259
data/calculations/calc_cfc9a2caa663a672/starting.xyz,57961643658987202d0738a628d375577356209c4bf83829277bf7715ff63baa,974
data/calculations/calc_d04b043c5f09aae5/frequencies.csv,d5255addd989c1552b5a377b04c16efcb0751eade21b62ba05c3583d503c47c6,1144
data/calculations/calc_d04b043c5f09aae5/optimized.xyz,d47a79f51fec73aabbb6f06646f4668ca8d8d76781d1d4905cbdfee0eb971e36,989
data/calculations/calc_d04b043c5f09aae5/record.json,c07c33fd5dbdbf038f4c8a3cdda2fcb4f9feb73642284bc6c4c4bb79dfb35f50,4302
data/calculations/calc_d04b043c5f09aae5/starting.xyz,25ef9ba2e24b00617945c7da55d8e1b0617742e44b6d7314beb1d65c971ea8d0,1011
data/calculations/calc_d131565cc15c8f44/frequencies.csv,9f731288134872041f816869dde040ea9d49f628a7802469330802a9f2243e1b,1300
data/calculations/calc_d131565cc15c8f44/optimized.xyz,8312e6118a3152f4c0d5a91c9ef3b737f4805ab4e2c829dae878e26245d24c0d,1107
data/calculations/calc_d131565cc15c8f44/record.json,dfcf5167bd34b2b4c03154f9f37de045bc760920d800cddf77d133bd243d596d,4490
data/calculations/calc_d131565cc15c8f44/starting.xyz,f1db4301403dd7bb07178e7b29c628782d9f62296ef29a13df7a5cdd0989c584,1129
data/calculations/calc_d202d21dfb39f66b/frequencies.csv,701fd0149e941aacbbe5960127b38e4f3801eb4a7355500851c6b30b11a711c5,1300
data/calculations/calc_d202d21dfb39f66b/optimized.xyz,750e04e50c3b0222ab50bb583a84ad98ce6cc5fe96c9ee5d3e1ae696c408cd17,1106
data/calculations/calc_d202d21dfb39f66b/record.json,6278c821d2890c80a09ea890ab0a4156f6bf7a4062a73ade72c77f50a99109bd,4516
data/calculations/calc_d202d21dfb39f66b/starting.xyz,6dc7ddcba2a0e28ef9a2523f84cc61dce4424bc8e99c1726eb1ca6051b917aa5,1128
data/calculations/calc_d234dcfadbe77038/frequencies.csv,0fc35d38cb7808f1f7f3d3c3fad0108db6d22b5882b6cc61a6903f0d9a66169b,1463
data/calculations/calc_d234dcfadbe77038/optimized.xyz,3e1ec53a3fbc2c4120e1f9bc87e77bd026970cb56bded311f370450ca24fd4ed,1225
data/calculations/calc_d234dcfadbe77038/record.json,d84042d7e26de1fe384935f13400a02742f9d4571160f5bd03e03dcbdb865152,4639
data/calculations/calc_d234dcfadbe77038/starting.xyz,a533e714f8ef9869ba0d1ae60419158c4144568c75e027051acaaa97ecf0d014,1244
data/calculations/calc_d27725ceb33b570d/frequencies.csv,39ab12fb24d2967d4a69e91f6c572e3e2cdcc945972c95520d36c1949b87b36e,1336
data/calculations/calc_d27725ceb33b570d/optimized.xyz,c657ea309ec35eb4c1b9c35793b005f6ade1b157850b181557f88958f4538ee5,1140
data/calculations/calc_d27725ceb33b570d/record.json,2a7e04670067e622d80bbac6fb0466897040f8576968e5fd3de41e3c8a2f655a,4541
data/calculations/calc_d27725ceb33b570d/starting.xyz,0b85db13dcc264faf6555f020dd7ecd29f8216fd3d68de0ef8cd20eefad4f62b,1156
data/calculations/calc_d2fbb85799b12c43/frequencies.csv,7d4dcfc43f583a5744e30b829db63ca745347a141fe64c18ea828d7af005141f,741
data/calculations/calc_d2fbb85799b12c43/optimized.xyz,2ba646952dcebfea83083689ffebd72f216364305f2bc03c782b93b186cc84c4,679
data/calculations/calc_d2fbb85799b12c43/record.json,3259bd33ba26ff4a6f142458d88130e09a266eb66c78e49c08eddd00da62490f,3795
data/calculations/calc_d2fbb85799b12c43/starting.xyz,6a9ae98e7d077c72dc833ab642f0cabbbbc6e787b608273ee3abef807cbabc01,703
data/calculations/calc_d3678a4e978d1dfd/frequencies.csv,cfd8c0efb8b4dbf8ed24dcd4d9d7b37c0d15276b5e53157907183443fb5d0cd9,1422
data/calculations/calc_d3678a4e978d1dfd/optimized.xyz,ccd5b8bb1b3e1e95c1f52789cd4f267baaf06744a8027fdbb4b3cf23a462e707,1198
data/calculations/calc_d3678a4e978d1dfd/record.json,853fa9c41759a15c90487441db6f92cadfeed82378f33e5b43ed2e5b003a1f3e,4588
data/calculations/calc_d3678a4e978d1dfd/starting.xyz,c1afe9d14796d2a81516a713a99b13137833797b761d87e2c470a50442ea160a,1219
data/calculations/calc_d3ed330e1379286a/frequencies.csv,956f78c2d3f54f5495938abc874c8755de3384f8b8a9987127a65567f4c7fa1b,26
data/calculations/calc_d3ed330e1379286a/incomplete.xyz,71515a1b47029bfa631ba93583628cc00ecb0fa021471763d3f9bdc981e54544,1112
data/calculations/calc_d3ed330e1379286a/record.json,9a0d290a5dd8ef72ce730b8c8749b229d6bd05e05c5172901532466d47f3e839,4418
data/calculations/calc_d3ed330e1379286a/starting.xyz,a09dfa00ce8e5bbeb1b0da42fe6f90ce9f91aa6e149c490992c4ce6f124498cb,1131
data/calculations/calc_d4b4aa8b53070bb4/frequencies.csv,99e2bfb167732bc8c25070d2fa3b8ecce54a748861583a908150fe91770009df,1416
data/calculations/calc_d4b4aa8b53070bb4/optimized.xyz,0fa290fae6721087546ac680f256adc8b1fedf78228877b852821bfde41282c3,1205
data/calculations/calc_d4b4aa8b53070bb4/record.json,e3784dc42fe02e1c828bc6b93fd2b0bcee8bae917d9ceb7201dd6a3845c86fdd,4583
data/calculations/calc_d4b4aa8b53070bb4/starting.xyz,56f97e4ed98ee79078a1f4966508fc99d73a56991a525ea376c8e8e01a0e384b,1216
data/calculations/calc_d576f5e9e4317b8f/frequencies.csv,71aa869f96db9bc2822884fa0319ed7d348a5bae5c1b7c94acef7194cd924624,988
data/calculations/calc_d576f5e9e4317b8f/optimized.xyz,731ad4da474ae9377e4c766ceb941fdebb7560f29ea39e73810c8af7ac8ae0bd,870
data/calculations/calc_d576f5e9e4317b8f/record.json,78010d595bdd0342db84601de95bf726c72477d1346ded3fc7b85e9a560d51e5,4112
data/calculations/calc_d576f5e9e4317b8f/starting.xyz,6f73fe4e0b7ce664a5b98ce0c9419b5929db118f82e4a6468bbe51d5be0d6e68,889
data/calculations/calc_d5e211cca1fc1961/frequencies.csv,3903a1bf1a4e918f4c5888e6e1f2c9c21e07f29001b4e90685ffa12eff6527bc,1333
data/calculations/calc_d5e211cca1fc1961/optimized.xyz,8fe3f344128a9b9e70cfc0f4d8206365544b4d82323813b3ff165b8bba64787d,1140
data/calculations/calc_d5e211cca1fc1961/record.json,c899ca31dfa236c1593203ce36a399729515927e8ef2cf20d85ad9c0e254a0fd,4532
data/calculations/calc_d5e211cca1fc1961/starting.xyz,1cbb4683c99ed4e8a85040e598886bdfe91a52f1080e1ca8763760daf2772e78,1165
data/calculations/calc_d60a0ed0d549e22c/frequencies.csv,e707226eb614fd4e5d907b0cab921bcdf0703a8306b3abf9500f5d7ad5806f3e,1426
data/calculations/calc_d60a0ed0d549e22c/optimized.xyz,6d46777e3ae4cf275ba85a5baba988a0f139ba96562b6a5d929e6fa063444b37,1197
data/calculations/calc_d60a0ed0d549e22c/record.json,cec8e533a3b8326862f68eab9aeb223802cceb68e18ae6f199210c0ba8644394,4588
data/calculations/calc_d60a0ed0d549e22c/starting.xyz,2d83a4cc2f4186cf5c3311ec618323db9540d61d83a8332abf07fa8b01435916,1220
data/calculations/calc_d66df7833533c9a4/frequencies.csv,792fc23d2db3c10856dc93faaab71567eb5432e91be849a078ea2268535ffda5,744
data/calculations/calc_d66df7833533c9a4/optimized.xyz,a5f79b945d95d64c3085414deb1dea708c592464cb28ef8c356d0972721a3633,680
data/calculations/calc_d66df7833533c9a4/record.json,d43721b9a51ca2d46f796a5f3a036ab59d1e335a9d1ab1d387f6a952d35e38d9,3782
data/calculations/calc_d66df7833533c9a4/starting.xyz,150712145dfe9860e18a8a434cec1f56fe53f289d101c18eb60bb0e1f80c52ac,703
data/calculations/calc_d6ceab1c6e68e8f9/frequencies.csv,666953ad69225b0f4e180e2d91226f1766bbc43dcfbfa8c07c76d913d1bcebde,1263
data/calculations/calc_d6ceab1c6e68e8f9/optimized.xyz,60ade719a56f1cd8a53c2fd6db9199cf1d478e01b86cdf5d48e1fc458d7f732d,1079
data/calculations/calc_d6ceab1c6e68e8f9/record.json,5c26e7ed8ac9664b21bac979b9d002cb9927cb4d17ffd1f60f136f83f05aab1e,4397
data/calculations/calc_d6ceab1c6e68e8f9/starting.xyz,62d4ae18e6e5e0a1f9cb1d7206c59c2e1ffa7f50c571ce3880435f21573665bf,1098
data/calculations/calc_d6e0ee5600c77646/frequencies.csv,faf6f05add136e517cc26bc1759828703a83d71948b30263a9dcd599780d5149,1230
data/calculations/calc_d6e0ee5600c77646/optimized.xyz,8365709559080f08054207cc649c62b52e17e2d5700e0428c5d06bbd86b4edfa,1048
data/calculations/calc_d6e0ee5600c77646/record.json,70b178632088d433b3c1cb7e024d6a66460c8c7b23c65aa35536005dfe9fa437,4411
data/calculations/calc_d6e0ee5600c77646/starting.xyz,328f424142408188bdf17fb086c2d3fe5423e4e891f3db35e5f63e277d8f3e42,1069
data/calculations/calc_d806614af126d622/frequencies.csv,0fcc7e1869161160106a7fcbc85ef4dff3f162943818326dede687c80de85e39,746
data/calculations/calc_d806614af126d622/optimized.xyz,440b60fdcb90751a8078ab87435bbb9d1ba687a3c42ed5af2f298e6c157419f4,679
data/calculations/calc_d806614af126d622/record.json,42bc37cbc992e6905de82ed5f87f61ee9570bdbd6f3f7c89081f39625b364126,3768
data/calculations/calc_d806614af126d622/starting.xyz,29e824122e1f0bed9bca36bac1053a7fea3df1bcc79f4701af62a6c57eb95f5d,695
data/calculations/calc_d8291f964903a723/frequencies.csv,fafd5869e3720375a1f840d4a801e727a23459f9e805d8a728fb92b67b4bc354,1377
data/calculations/calc_d8291f964903a723/optimized.xyz,fdef17812e1e78951b87852abfb6be1527a55df124932a1030e1b094d895a04b,1169
data/calculations/calc_d8291f964903a723/record.json,3e260e2e379a70b3397b7cbd355d720d14c098442b3e6e81154dfe4f1a31a12e,4567
data/calculations/calc_d8291f964903a723/starting.xyz,df799f5df46f9daa97842977331f965ae3041a4d2592eeec840a2f1193762a38,1196
data/calculations/calc_d8ba52cf8b29a4aa/frequencies.csv,9af604d2a965d572a23d74e102f033840d22b11995e8c5dfe0db68071fb55827,739
data/calculations/calc_d8ba52cf8b29a4aa/optimized.xyz,9ad4897324c12ef84ea022ff56ca62a81f3b305db7c19d3ec7012d8eaf71e260,679
data/calculations/calc_d8ba52cf8b29a4aa/record.json,25889232a83ed961dcdcaf4712af66e7db99a7d392bc93f498b7a4af4996493f,3788
data/calculations/calc_d8ba52cf8b29a4aa/starting.xyz,96275227b698748fef4d9999e0fb5828e4c09fc953f4f3859b2140de874b9bc0,701
data/calculations/calc_d8fadd1e5364264f/frequencies.csv,6ac2249f66a33d55ecee9c690a109f3f4603cc86c32cf9577370b54b0241091e,543
data/calculations/calc_d8fadd1e5364264f/optimized.xyz,0842ea1ebb72bfb5437dfa92e81204b6ec793f899c0405eac42f37e9dcea674c,526
data/calculations/calc_d8fadd1e5364264f/record.json,f073f4edf7cc9cd6f8f51a126225d81906d84c602d0ed9595b916bdab4503c5b,3599
data/calculations/calc_d8fadd1e5364264f/starting.xyz,2a49aa1e76ff40a052d55c5d9f3f54415beeb97686fed4ae0fd17183a312e828,550
data/calculations/calc_d92135c27f0fd512/frequencies.csv,9939191248f99ddcd826c6168808d679746221784c4272289b14c308f67aefa3,1217
data/calculations/calc_d92135c27f0fd512/optimized.xyz,6ab241cd98b231698acfbbfe8ce855c5f875a0f1eb44c51541128218127e80b0,1043
data/calculations/calc_d92135c27f0fd512/record.json,e46fb70b8f3eded2fc43ab2878ce2652399fc9076ef9fdf27440a061ec9bd861,4376
data/calculations/calc_d92135c27f0fd512/starting.xyz,3795f735561bc6a0f5721bf9ecc761bfc08929157966a94f39c7be37e9b3e2ef,1065
data/calculations/calc_d9a27c6976a1803d/frequencies.csv,3401058a83ec7df6fd7cf318458638deaf9cfeefe0a2313d6a3ff4d053d69b7e,1141
data/calculations/calc_d9a27c6976a1803d/optimized.xyz,0da47e56d0e8b5d2d34329e85778cba71e160de7c72ecfe77d1031bcf6d2e844,990
data/calculations/calc_d9a27c6976a1803d/record.json,b503f9ae3fcd7b3a545fb1576661764f713e54a186de8de0fd2ad70f1a1961f8,4292
data/calculations/calc_d9a27c6976a1803d/starting.xyz,10b555c87c7eb36c4b4711d76fb562500f4650f83b7cfec677512b53f150c37d,1013
data/calculations/calc_d9f69c85a52fb242/frequencies.csv,5000e31283d0bd0e17b9a5785bcebbda09ede8b4d1e2c6f28ee013ad71fb242f,1462
data/calculations/calc_d9f69c85a52fb242/optimized.xyz,f756760c97802c4417a35dc0c540ce46a03754b23f447b2cc0a0ce1c80b7a0fb,1227
data/calculations/calc_d9f69c85a52fb242/record.json,8a6e30a53b8ebde074438bea27386c558c3ab9ffacbad029cc9ab55da326c5f6,4661
data/calculations/calc_d9f69c85a52fb242/starting.xyz,4fd7763033092f26b8ac7e3f06ee3b4a8781e496edf1641dee1f2d8a5a8a424c,1250
data/calculations/calc_dba554ab032f7da2/frequencies.csv,f4be93fd2de6b5280c193e757eddb7b7a457bcacbbc0c6e0a5e23f2a9c8cb214,256
data/calculations/calc_dba554ab032f7da2/optimized.xyz,566c0841b45a76f3d9790940fb7129153d63dbc073c2b1cc3bfc6f5d54137ebd,314
data/calculations/calc_dba554ab032f7da2/record.json,933ab223f78a596ae15dc140a83010d0b340bf020b12b59056b41cdeb82ed606,3250
data/calculations/calc_dba554ab032f7da2/starting.xyz,645c1242be6dd6c7e848301127bb6d22c25b366dba789291efb3a1506d883f70,334
data/calculations/calc_dcab6e91447c1705/frequencies.csv,7d091c5ad70e7239cdd081f5f0e1af8b77afafdfb9b357fb850b5291b1640b05,980
data/calculations/calc_dcab6e91447c1705/optimized.xyz,e85d4c1bca62fa0737c1f4fd7b9bac3e15ffcb09e101c9d75ba08127b68a16f1,860
data/calculations/calc_dcab6e91447c1705/record.json,17be26d8e518ef73cb780f2944411b1899f4eb6083bd7a06317c5a518e8d6a67,4111
data/calculations/calc_dcab6e91447c1705/starting.xyz,063bcd89153cc6f5841273d5a2b3fc9b8e3342fa1382dcc2c44dba80f684f1c6,887
data/calculations/calc_dcf3827d6f561cb5/frequencies.csv,1bc54dd9b7f95335da6ec4abab7a0a4f738f6eec62c9a166bb39b84c7b9760db,1343
data/calculations/calc_dcf3827d6f561cb5/optimized.xyz,a35029239f8d93e8e3ab6c5f19b9ccb98f882bcfa6f7c0030a771ea328e2a21b,1137
data/calculations/calc_dcf3827d6f561cb5/record.json,74be6ef81c0e2beb7191ec95cc2ae0792a0c64f408e48819729fac1870c53dd8,4543
data/calculations/calc_dcf3827d6f561cb5/starting.xyz,e589fbe7b9c52188aa225dea38015270a0bc97bbf03d1f855514ee12f6b26f0f,1160
data/calculations/calc_dd0fff99c37c8199/frequencies.csv,76fea13474aa271f6872622a933f4a3b7913cd9d0daa06077020c9acba3dbcdd,1179
data/calculations/calc_dd0fff99c37c8199/optimized.xyz,a5f2682370a8eb32809773e46954ea43c3a2b065679e6c47c568555aff125daf,1018
data/calculations/calc_dd0fff99c37c8199/record.json,2f90d328d42fe80c7142bc6f4433c879ebec0d1ebade0030dd1f5edb4152bbf6,4347
data/calculations/calc_dd0fff99c37c8199/starting.xyz,459d33c2f5f8db8906c92d8aab81a64e8826ab67b6332612afd385ff71aa8936,1042
data/calculations/calc_dd1d3c434cc385e2/frequencies.csv,fde7aeec506b0612afb7085d2d0c9ceb55e83a45852e04ff2a3de46cf1772bf6,1334
data/calculations/calc_dd1d3c434cc385e2/optimized.xyz,7dcca043854e39af281c9e7b9e9bb92d1575e0d5297753c671240aaa7ae0ac92,1136
data/calculations/calc_dd1d3c434cc385e2/record.json,2dfb32586efd20576da2b486cd6b22d376697f35902b3c3661140547b6782f29,4516
data/calculations/calc_dd1d3c434cc385e2/starting.xyz,81e91f7ca5d3dbd442b8b8b187fead6940386a07d80f03e47c5d53021042385a,1160
data/calculations/calc_dd5f31517ca37a9e/frequencies.csv,18018e48407389332c0baf1ae3b7d56267f9bdb789f85082e40504f4ca288152,1292
data/calculations/calc_dd5f31517ca37a9e/optimized.xyz,697b684881e2fc6f67bd1dce1d36b9f815cf0c204fc4cf975f2bdb2cee7813d2,1105
data/calculations/calc_dd5f31517ca37a9e/record.json,631e201ee94515b21845b8bead234da4b657a8ac9550f01949e14fbc6b6f1f5f,4469
data/calculations/calc_dd5f31517ca37a9e/starting.xyz,5fef3fad0d898cc7e857d497c6ac5ce030cc914cbcb293ecf2032f891af0b48f,1126
data/calculations/calc_ddbd7d6cd7bcbc4c/frequencies.csv,ebd886e2200c1b59965f70bcb519579a7bc30c809751ca17758d4a482e9e3da0,1102
data/calculations/calc_ddbd7d6cd7bcbc4c/optimized.xyz,90749aed1e045441e9bbb18cde9dc0587e8e98a41480ba2cf9c2b5d4c3303534,956
data/calculations/calc_ddbd7d6cd7bcbc4c/record.json,96d9893fdcd96aebecceec7380fc8cee24c0c7e3353a988926afebc804fae503,4262
data/calculations/calc_ddbd7d6cd7bcbc4c/starting.xyz,bb7f773f291636c8c1522db43d93e17c30680721abd3d6ae01e2baae5b6d9f5c,976
data/calculations/calc_de1243c4851a01a6/frequencies.csv,84fb308295246e3a236403d6802653a28ba52b0d0d240e4682e0776fac20ea33,1180
data/calculations/calc_de1243c4851a01a6/optimized.xyz,b7a9a9fc4d9889424618d13b72af5d9adb8d43cc65ff196a315b7ab29d614f9c,1018
data/calculations/calc_de1243c4851a01a6/record.json,24529cdd66a2803d9b4e993c3e1aa18f137ba415deb446076e9f0a034f1d44cb,4355
data/calculations/calc_de1243c4851a01a6/starting.xyz,dec31f9096d5e16423ab640fd4163f00e1d98e79d53c5ba46ed5407ccbc58810,1036
data/calculations/calc_dec3790c850e3be9/frequencies.csv,3e2ef787d41cbb3311c27e2ede2ecc9c591451cd20c228b809b300b802dc221b,538
data/calculations/calc_dec3790c850e3be9/optimized.xyz,ff487f7d0f4bf15d396aad965ad6681bf82e4ba6251eb383b2ceda1fcc4f824b,530
data/calculations/calc_dec3790c850e3be9/record.json,a26159c4ebcf795a0f28535d4f962954a71bbc3d481691fb97253184b92a07a7,3600
data/calculations/calc_dec3790c850e3be9/starting.xyz,f54df935ec28a822384dd6a685d02c04a2a01d90182fe4d8f2000111cc3f0027,550
data/calculations/calc_e02a09e5e3b01773/frequencies.csv,4a3228e88800f35c07965d09d5e1f416aaf0c3e500dd335cafc1eb62c4a8329e,1294
data/calculations/calc_e02a09e5e3b01773/optimized.xyz,01c31dcb724dc0e6fab6c2187aba478b7d4d59e86eacb70fc111b3b48623d8fe,1107
data/calculations/calc_e02a09e5e3b01773/record.json,5ab98c9290f068112029c1a03ffd8a8db6a66f66a6656bd8b74071418a24d147,4470
data/calculations/calc_e02a09e5e3b01773/starting.xyz,78c0dfc01caf6abc31a2977f482500154017ac53c43b424c8de5afe06162160b,1133
data/calculations/calc_e1660d18e2498937/frequencies.csv,d92a71ac2e0d10b45a861a9b639ec4380f5c3b349ececf334146f5f5c88ad1ea,1419
data/calculations/calc_e1660d18e2498937/optimized.xyz,742a3eb67f8a98e9d0a7d4bd0f72ac9371f7f822465b5fa5dccb2f7c704ef2fe,1199
data/calculations/calc_e1660d18e2498937/record.json,d2dfdb5e85d725dbc4d845c947ef8d9cfb13c1942dd23bcb929896f858fb9265,4596
data/calculations/calc_e1660d18e2498937/starting.xyz,e53d7ac3b6613f32afe80c734d9f3268fd418e6c4e5c5e71bc552cee86075fa1,1220
data/calculations/calc_e1b3694e453efd6d/frequencies.csv,e4c32d2f07275775f0906e0a15f9b1fed34aff899664d8d616a55812a41f8ee6,1339
data/calculations/calc_e1b3694e453efd6d/optimized.xyz,8bb572de14065ad23037a93ee41b47faa5a996435d1b6ee99de7796e07b7c2a4,1137
data/calculations/calc_e1b3694e453efd6d/record.json,4e1322693561f0f7511eaf2294a5d23ab7af6dc91661b9632c7e3d15f813a9ab,4519
data/calculations/calc_e1b3694e453efd6d/starting.xyz,a975df3d57c6513ccb21bff89f83ba9279a7f36846b12b2c66e1d0d365fe8709,1159
data/calculations/calc_e219389dfd48a0ea/frequencies.csv,573fe61e386fa521864bd040a624bcf7ba72598ce4f911545b22fb8ba5110a4d,1422
data/calculations/calc_e219389dfd48a0ea/optimized.xyz,3d09e89ff8d8352f9c1d53f7ab1b8aa0fe852d4aefcb4c0186aefb4c54b8dbe2,1198
data/calculations/calc_e219389dfd48a0ea/record.json,8eb592bb77490caf2cb1c77bca3a77fecffe1eff1efb7085b63a5177e3947846,4595
data/calculations/calc_e219389dfd48a0ea/starting.xyz,963c7127120817922765caa0e0507604ac55d12163ba91caf626cfb2b2a42134,1220
data/calculations/calc_e2636f33f878b8a2/frequencies.csv,76430cdb8271080818aa54b60f4f903447e082baaf341823ffd10461afb6f452,1105
data/calculations/calc_e2636f33f878b8a2/optimized.xyz,bc76576002d33ee1e9c60ccff663c68a453416665e87a200d2355ffbfc52e975,950
data/calculations/calc_e2636f33f878b8a2/record.json,ddcc792a28457f1a5834f04a1a1d6b2ff0768c15149c5e34c53a2a4c3ff1dbfe,4218
data/calculations/calc_e2636f33f878b8a2/starting.xyz,ccf01773fff65164ed82b2245db2b658bf4ce8ca00c5fb17b87c2a48bd10d3bc,979
data/calculations/calc_e3c204086afc6be0/frequencies.csv,4cf01252e953a0843db531a81ada2952103e716fa0b2ba42bb96daa12cd8aa4e,1467
data/calculations/calc_e3c204086afc6be0/optimized.xyz,2d870a86b17347fd79d43a543b850c704d89480011d9160ed7b4b21ae6397e2e,1229
data/calculations/calc_e3c204086afc6be0/record.json,a2af99f5e20804897469a1b8aac23d2e26e898515bcf08736b321884f41e1742,4685
data/calculations/calc_e3c204086afc6be0/starting.xyz,ac2ee33fc80786b994b6f81c29513075cd14aa797223f4009262eeeaca27ea83,1254
data/calculations/calc_e4c1a7e3bbfa378a/frequencies.csv,101a943860e8c1409472e6f11b418056e2524b37eddc1d100f7cfaf5a6f31a44,1424
data/calculations/calc_e4c1a7e3bbfa378a/optimized.xyz,638525b337631324df7b98c5dab79383483ad0421d9eb468e29ec466bfaf6fc5,1199
data/calculations/calc_e4c1a7e3bbfa378a/record.json,eb1d8b7033eb102d981d8695549b8b7ab6790ea852d19d14c7c544d97c0c5183,4648
data/calculations/calc_e4c1a7e3bbfa378a/starting.xyz,8e13b190127c314504ecc5fff754f73ca5d33ce82e3c0d7ff27d5586d4944811,1217
data/calculations/calc_e6e1aeea90cf3a13/frequencies.csv,3384647b560352bb86e7575f639777b2a23f5561386b96a6f121cad9f1fc83be,1301
data/calculations/calc_e6e1aeea90cf3a13/optimized.xyz,1074d9f81ca42551dda8b57ba8a8fc87bd39e2aa3903764d9645c11d952c3d2c,1105
data/calculations/calc_e6e1aeea90cf3a13/record.json,4c9c20a959d2bb30819d4b48c4c829d6e78d67ff0d534a16dc5d8f2a51d0e4cd,4504
data/calculations/calc_e6e1aeea90cf3a13/starting.xyz,1ccc9459b86a53bdeee92b8c979707092c3ae1436a6819d2f3728f384cb41c9a,1130
data/calculations/calc_e889e882f0b960f8/frequencies.csv,30a77eda70c5194359eed48861b03bb488b06933e905a76a73f16dce823b5d93,535
data/calculations/calc_e889e882f0b960f8/optimized.xyz,71105e729b9a05a763cbd6e50298c3e0d5b6495b6ff7924c0141ed5781f4924d,530
data/calculations/calc_e889e882f0b960f8/record.json,376de73bc9720eb630aba85ae571200a7e82d6270cf68d4b7f9c66a739862dd4,3563
data/calculations/calc_e889e882f0b960f8/starting.xyz,caeb02102e001ed703985da92ca7b7cac35798455ea1a82a36eed5fe67a3e39f,548
data/calculations/calc_e9416c80bb20ba36/frequencies.csv,bbe6aca4d9f9e39a87fccc0f6c0231c12012409d536c9df053dcd386f4a057a3,461
data/calculations/calc_e9416c80bb20ba36/optimized.xyz,bc98ee7c817041221da2e15f90d175c40b672eb9c6adc875914d93abf3ac7cd3,469
data/calculations/calc_e9416c80bb20ba36/record.json,4dd2b565fc96393aa476a65d36916262d00b02808f11dec034ced98ae7b687aa,3487
data/calculations/calc_e9416c80bb20ba36/starting.xyz,1b78da9bf50cd0c6689dd6c61ab57c24247ddf5e6dadfde39ef83364f1d5875c,487
data/calculations/calc_e968dd39aaf627eb/frequencies.csv,7c0db83198ac1392fa129e7e8a70c6d0e2bd1e95e71741b9382c443897cede07,1101
data/calculations/calc_e968dd39aaf627eb/optimized.xyz,5261dd27951b4b2909ea0ab1b13b77391f85b82a69c0f93e8215d5c7ad961e56,959
data/calculations/calc_e968dd39aaf627eb/record.json,881958a75baed60434d9895d24cec121113905a78a080dcc4b6a54b839332bee,4246
data/calculations/calc_e968dd39aaf627eb/starting.xyz,9870e0af14fa96a327c29cc654ada2ec37affe92ddde04cde4e90fb2be6341f7,974
data/calculations/calc_e9f16a6afa2658b4/frequencies.csv,0c21bd848be382f57d84b176acec50a58e71fffe8e8d7f68bf90bd854e6b3cee,1463
data/calculations/calc_e9f16a6afa2658b4/optimized.xyz,c6467823a7fcfee8e7187db0b311a9062dcf93ec52c2fd8bbf0cd5538e289ccb,1226
data/calculations/calc_e9f16a6afa2658b4/record.json,80ff1ab077b1c375283a4b847fc9d855185b668a453ba8d707095a00631673fb,4630
data/calculations/calc_e9f16a6afa2658b4/starting.xyz,87e645ed776e95138830c45b1a7415c364fe5e871fe2766a95587f8fb451c96e,1249
data/calculations/calc_ea171598c8f74aae/frequencies.csv,666c8c072045ce4eb147d608c03f176c20da515e2e295e97dcff32fda70742c7,1225
data/calculations/calc_ea171598c8f74aae/optimized.xyz,1d59dc9b4784b93eaeb0b9bf21894d07f79c7c66deca43585e74ed9f04581b55,1051
data/calculations/calc_ea171598c8f74aae/record.json,9ac0317c29a1a17035ec9a660465663cb8d30296d9eb5bdc6bea23985430a4d8,4362
data/calculations/calc_ea171598c8f74aae/starting.xyz,71433d39c70184c0e52b81172fc8bd515767d8e26eb5209db53e8ead56a11566,1073
data/calculations/calc_ebc0e00dd9859568/frequencies.csv,4e9a729425678619ed622be087ddbc2a3465021385c312749c131f8a01f22406,1426
data/calculations/calc_ebc0e00dd9859568/optimized.xyz,9008a890d5d2c2e05794e03b43b26bcbaaaa4328cc01bfc651724c98cb8b80c7,1201
data/calculations/calc_ebc0e00dd9859568/record.json,efa89ed6c0074096a41ba673646ff92f010366e81854eec3d369049f90b33ff3,4595
data/calculations/calc_ebc0e00dd9859568/starting.xyz,742a50b61cc8d9f75865c6122324867d1089060dd1d206ff06692de0f078e714,1220
data/calculations/calc_ed287a3331341d0a/frequencies.csv,de0a0aa274a06963d70ce028ae298bc0fa6b4165d1d9e8caa200b7b78d75c01a,1513
data/calculations/calc_ed287a3331341d0a/optimized.xyz,5ca6cf07b04000cb95876d3e658c16a98ea577bc3190ee5796cd43d4a85ef48c,1260
data/calculations/calc_ed287a3331341d0a/record.json,c1d0313a8be472e017af61b985fd30b82284cd619f64010826a6aafd9a7eaf1d,4738
data/calculations/calc_ed287a3331341d0a/starting.xyz,092a882f237780ffd81b3220b89228151531bb9b25c5d967e0d1dd165e773876,1288
data/calculations/calc_edec2067803d7dbc/frequencies.csv,c6204438018b0110f5a052857ec1b8d907d021d9a15dd6bd30e0481b16fd0071,1218
data/calculations/calc_edec2067803d7dbc/optimized.xyz,94f982d1e711b2644b1406af10dd9987cb724e6b375a40184076bf63025a8562,1043
data/calculations/calc_edec2067803d7dbc/record.json,5dec2f1e632a2ce1c703ef0f60c685ce523169ed1dd9aa0682da4a3c715f9da0,4392
data/calculations/calc_edec2067803d7dbc/starting.xyz,8e4b6a0620b5e086dc86a2bf8205e2c3f64df05c3a7783e04e262e5d49bdf136,1070
data/calculations/calc_ee198384f6ddcdec/frequencies.csv,9f09bd03f2dfdb8792679952026f6c7ae1277c07fd25a3c14076f999af7703a3,543
data/calculations/calc_ee198384f6ddcdec/optimized.xyz,b03a6d51b9ef04bb19cc05c29b81e0570a4312dbd58b6af7708245faa0e641ac,530
data/calculations/calc_ee198384f6ddcdec/record.json,54d5384443469d2a47db7adc79336b98ed6d725c68e3d93a6a0592c676a4160a,3566
data/calculations/calc_ee198384f6ddcdec/starting.xyz,edef7abd2eddca93fd8a94cd32ceb877ac7c91bfd822f7a3bbaa398f31c88130,548
data/calculations/calc_ee1ba97b82c10afe/frequencies.csv,d6eadbf293ea3da333a98f6e83a1b8df79e1484d174478cf4f631499d58a7fb5,1263
data/calculations/calc_ee1ba97b82c10afe/optimized.xyz,3c4d7cec60bc904569a148f9800ca37c0ed1f6c25836efafeb7a7be65b8fc399,1080
data/calculations/calc_ee1ba97b82c10afe/record.json,3e9f160affc53d72f1196bc97dbd0383f1dd3c6c8fa9d0df8d7c4339525c422e,4399
data/calculations/calc_ee1ba97b82c10afe/starting.xyz,dc9c01de04fea123fc3510dcf5034110fa88399193b422149e33d86f5e14882b,1094
data/calculations/calc_eef5f88f9cf1ba9c/frequencies.csv,798affa2a9f211f6ff8155e05508a30bb923d3eb6b37b738396166f30342713e,1298
data/calculations/calc_eef5f88f9cf1ba9c/optimized.xyz,bf6eaf0c3b2ce2bcac317745855336ad4066cca4cd92b98e7c902600750b6c3d,1106
data/calculations/calc_eef5f88f9cf1ba9c/record.json,a1c3331c43e86f8b7df6a6f35b88dee77e41326c51e38aca2b19391338bb706e,4494
data/calculations/calc_eef5f88f9cf1ba9c/starting.xyz,1a3617de80026f36d25272adddadf75b817012d3c9d89f2dc648012129bdd307,1128
data/calculations/calc_ef13cf20cb2d6086/frequencies.csv,246b4f50a401776c557a7b9d2a16597ecb72346ac435bcde35ae8c82e7870959,1225
data/calculations/calc_ef13cf20cb2d6086/optimized.xyz,f87edee37979e95bebb9150826e9fb2b7399385af735dfd02d9a0edf7325c6a0,1041
data/calculations/calc_ef13cf20cb2d6086/record.json,3a64d43f5af23b17ca4c17bd1ace24d06ebfd876b87a264fba9cfc29f06d7fe9,4369
data/calculations/calc_ef13cf20cb2d6086/starting.xyz,7de62e07c5b354734c2a55de0fc10801fe7b56c92ed91342ba2d6c7fd1bc17d0,1066
data/calculations/calc_efcba939421d0874/frequencies.csv,de399d6e9f04e59d8e8b92744f07dd6221ff83cfac45c95a6f26c52a87d1de5e,1295
data/calculations/calc_efcba939421d0874/optimized.xyz,d3ee5f784e660bfc4cc3b34ec839d5299ecce4f6d50a811455f60fbc2563cfcd,1105
data/calculations/calc_efcba939421d0874/record.json,6df5e5c5670002797a857b04caaa8e9ac4b2bf9b1e502ad2f6c9c8fdd0672d2b,4513
data/calculations/calc_efcba939421d0874/starting.xyz,af554d08244efb8a4b2455c23b0ef7fef663e48acaf0bc96b06a8ce2ba8e5a28,1132
data/calculations/calc_f03eaac50aa0ee46/frequencies.csv,792b1970a80c5b76e6b246da14d6a05dfbd8c3d882af77f0dfab6275de0796a3,1218
data/calculations/calc_f03eaac50aa0ee46/optimized.xyz,29513107115c8a53b56c43d9788b4965c58c5084809d7ce25c6fd51db2797757,1042
data/calculations/calc_f03eaac50aa0ee46/record.json,828ecff8b25523aedcef0da3541af24d0475c5b3527847a02fbe9728755d6e0e,4395
data/calculations/calc_f03eaac50aa0ee46/starting.xyz,3c355ff89cca83157ebd08d0d612a03cdd1e8bca0462169feb3b997b89d0a128,1070
data/calculations/calc_f12b99e1e8f82abf/frequencies.csv,5a79fab0ef1d66150493cca8fc4dc07dc6e7ba9e62112645d8c2bb83c7508996,943
data/calculations/calc_f12b99e1e8f82abf/optimized.xyz,35c946b6e360511e892dc044373286ad7245da8079871819f490d227d665fb56,830
data/calculations/calc_f12b99e1e8f82abf/record.json,2f1fa1f13e24bd873eb7725885dd7a49558882f5f28ea900e1bafe4c841af63a,4028
data/calculations/calc_f12b99e1e8f82abf/starting.xyz,13b43657f85e966270371f825c31f2f23f820bb4063633c55d962fd0eb782b05,856
data/calculations/calc_f21bed15be44607b/frequencies.csv,b98250b45b58ff48e9e75a4b7773637140854669acacd35202d8ec231d0814a8,1425
data/calculations/calc_f21bed15be44607b/optimized.xyz,10fce12cb5dbbf838167538f778726bef70201bd112a8edc7eae0a0fd8caa793,1205
data/calculations/calc_f21bed15be44607b/record.json,28484566ee2e0aa7d6aab8c86987545ab5f5a07e21a0fecc0be8bb3f5ae5b5b3,4629
data/calculations/calc_f21bed15be44607b/starting.xyz,ed94d7bebfac39d3f2e8b86765f61f03154399d67177d0912a7cd1bdafdad552,1222
data/calculations/calc_f25e3854ff8505f5/frequencies.csv,8aba40416dd1acbf44aa2b9c1cbc9403ee4d8bcfef4ce1241b443a6ab463679b,303
data/calculations/calc_f25e3854ff8505f5/optimized.xyz,eab39d339d49b3bd3119b5938a54b100a1805f0ac7126f225b052ec9104b1b7c,343
data/calculations/calc_f25e3854ff8505f5/record.json,6f51403750d803a73af7a290f5b600a63a1cef70d10fd048ffc751698472d93d,3322
data/calculations/calc_f25e3854ff8505f5/starting.xyz,e98117a3d45b5273ae8f1c4d5aa8608c82f4f4577f21079c5b6f06fec8fc6b4e,362
data/calculations/calc_f39698ab11c8d629/frequencies.csv,6a2780077b2e7c1e66af8cc47572dee10da3add24bca6462455f3cb193f82f70,420
data/calculations/calc_f39698ab11c8d629/optimized.xyz,da306f43049af2c54ad70372ee892922c084b1ccd630075c35bdf73815f8c158,436
data/calculations/calc_f39698ab11c8d629/record.json,0731710ac4c6736b975410ab81aa5e2e091fb90ded6a237c6dadd75e4ecdbf7b,3445
data/calculations/calc_f39698ab11c8d629/starting.xyz,c4619e8226c41577992802c6a5db7a94659e1448f2000134c0b1bfa944796261,458
data/calculations/calc_f3b372db5e5c32c0/frequencies.csv,cf02ec19b94cba3f5e8321eeb7d14ae45eb514f9986922dca1447e713c4a8a2a,1133
data/calculations/calc_f3b372db5e5c32c0/optimized.xyz,b43286a787a1ed0bacd89c572a58046104c12b5373e87cad1c38549fd699d30c,986
data/calculations/calc_f3b372db5e5c32c0/record.json,2c91e17c3a4f1eace9ae4c1f210431824305f18752090277d21f5b78a07e1bf1,4295
data/calculations/calc_f3b372db5e5c32c0/starting.xyz,777cb4c3955b62df44f845dce66485918f6811c92e1d2dea70ab5f3fcc7f0033,1011
data/calculations/calc_f55c1ea5f51be12e/frequencies.csv,b9727b10ce1e91c66ae3e5572d9eb4c6351209aae5f2365e82403047d41622c1,1220
data/calculations/calc_f55c1ea5f51be12e/optimized.xyz,a43b7ef7bf0c6cd50c07b27de78e940178e84c65ca185e5499858dd30dfc591b,1048
data/calculations/calc_f55c1ea5f51be12e/record.json,9289aa423ee97bc14184b786956d88972cfa94c7e6eeebc448c8fadb98b42ca3,4397
data/calculations/calc_f55c1ea5f51be12e/starting.xyz,41e1469007c695a1ff758045298b0c9952d2fc6cdb00a390c697458d156a1d4e,1068
data/calculations/calc_f5f4967adadc2db8/frequencies.csv,417f8602258442330ff54da8aeba12a7627e0bef5294c0c364562c712d18d605,1217
data/calculations/calc_f5f4967adadc2db8/optimized.xyz,5a905254d6245551e678c6af919c5f5408d1ea3689267f10b8489d43c1713a8a,1048
data/calculations/calc_f5f4967adadc2db8/record.json,8491a24afc3886329a68f10bbf0b8141d824eff06060cbfc6e2820f73e0e4627,4354
data/calculations/calc_f5f4967adadc2db8/starting.xyz,16d28ebe5e57690d18a1cebad043b8376293b36ec5ac21d6eef4e1399cd3ef22,1072
data/calculations/calc_f703619f5912b596/frequencies.csv,8288a6b68ee3692cd561dc2c3b44a1bca425e90dd658dc3e637f0768c58f26dd,1426
data/calculations/calc_f703619f5912b596/optimized.xyz,bb2c3775f0532274305aa89804bd2648b12e1efb57984e2ff6203cc517998e3e,1200
data/calculations/calc_f703619f5912b596/record.json,835b545c17d6e9929f91ca9300a0862a679fd95d1e0d3bf6027fa951d2ac8dcd,4601
data/calculations/calc_f703619f5912b596/starting.xyz,9155eee43d41b4206d4cf854fd9fc4aa701aab1220ac017531c5dccc9324bfff,1222
data/calculations/calc_f7835dfddd84e750/frequencies.csv,980e6ab214089570a8f8b4535763390ef12799c662a9d7552d68d542dba483ee,1382
data/calculations/calc_f7835dfddd84e750/optimized.xyz,59913d5bf9d989be7dec6abc7fa30e7a52fbfbc57df60adbd8e134ea01bd1a87,1163
data/calculations/calc_f7835dfddd84e750/record.json,3fe799af5d69b3bb2a59921566b22f4a89dd0244412b42ca49da297bd3f578e7,4603
data/calculations/calc_f7835dfddd84e750/starting.xyz,f99fbb12a07f955901b94ad0a65bfa0d3df1663a3a3c007df9dee0b845d41d53,1193
data/calculations/calc_f79711e8c20fd629/frequencies.csv,beecbe2e2b28fd5cddd18e7331f965b4c7283e25a4fac523f02aca177fc2f380,1426
data/calculations/calc_f79711e8c20fd629/optimized.xyz,ff20a19e95ed7ba1001bc2a11d38c8b88400779576ff6de34ff2ff3cd1b163d9,1198
data/calculations/calc_f79711e8c20fd629/record.json,59d26f1e33ca83940535d9134f87bda2314507d5d7fe67d5a5461c2dc0e7de8e,4626
data/calculations/calc_f79711e8c20fd629/starting.xyz,5955b6f09cb96c8e6c02b7fa3264dc66b32cd171de6faa8c3492cd55116da3f5,1220
data/calculations/calc_f8fbb2f87101a351/frequencies.csv,3986ffcd40d7074a023f33662b58e061532a5af9bf3fe264d046571eabe96b0c,1221
data/calculations/calc_f8fbb2f87101a351/optimized.xyz,9125a92afdeb27c23608ef47eab929a9b2ef68f284dd9867b50e72dc6fc46ed9,1051
data/calculations/calc_f8fbb2f87101a351/record.json,caca356d894d5df07858dc9e6529f2c2ae6219ed843b8c763a75a526dcfeef65,4370
data/calculations/calc_f8fbb2f87101a351/starting.xyz,cf466c531bf3330436728562f079895e251308a68460da92719a2c4501b54ddd,1073
data/calculations/calc_f9c40765bb129d1a/frequencies.csv,7e72c9ed8afc693ebfb6fa1d1359890fa43ab7978051f6d436d333ec40707f69,1428
data/calculations/calc_f9c40765bb129d1a/optimized.xyz,d1ff5879ec7fcbe626a9804296214534b1c64d627cbae98a22f2d228e8230ba9,1200
data/calculations/calc_f9c40765bb129d1a/record.json,88b36996a072c6bdffbbe468696a552418acb74f63c22036b7914dd363d37b7b,4603
data/calculations/calc_f9c40765bb129d1a/starting.xyz,d2cda5cf4ef4ad218aa8c1bc5f452aa09afdcd21ce425775414002f7e7077ee2,1217
data/calculations/calc_fa0571a74d6ffd71/frequencies.csv,74aab63ec8d50baff843c2317dc590048e146510b8854dd276413c147bec9358,64
data/calculations/calc_fa0571a74d6ffd71/optimized.xyz,55b6b3b045494eca9bea64b9e6c677e686e20fe5e80bebb2eb1ee51d9d2bd7c7,160
data/calculations/calc_fa0571a74d6ffd71/record.json,2d3452529b3ef65863b264e6c77b36fd9783d1052ae223b6174ad85ad485a61b,3030
data/calculations/calc_fa0571a74d6ffd71/starting.xyz,c254f3e92df4d2688992860fce2192480636b57d5724f2e2a867d1b984096a4d,182
data/calculations/calc_fa4caa8829bcc007/frequencies.csv,0a17b6ef3da1368f197748e922d1f8203f428cd2c91cf7bcd8eb3faab148c242,1337
data/calculations/calc_fa4caa8829bcc007/optimized.xyz,8ca79d61d403086b70ac833aea865bdeb69432f47e9225e79d3a194224794d5a,1139
data/calculations/calc_fa4caa8829bcc007/record.json,f272fbf1a33bec492dae2127911d3189a68fc3dc391776881b6860b0760548aa,4546
data/calculations/calc_fa4caa8829bcc007/starting.xyz,8eed91fdc8c678b83502e6bef836f24c7f4701364a4581c9c72dabf22a63a3e0,1165
data/calculations/calc_fb123ef5cc4bc102/frequencies.csv,f4d6d05df106cb49c6f904170c4f00ead5b02e4a49aa3e88a3c73a1da1b9371e,1381
data/calculations/calc_fb123ef5cc4bc102/optimized.xyz,aa05f9cdfc9052faecdc86ab00870d822ba89702e6b0d39b1df7883a0dd4d2cd,1170
data/calculations/calc_fb123ef5cc4bc102/record.json,f0f7f954feb40d1989f8dd7ab135f9dc74fcb3e64ae939f1f989c43350e3092f,4606
data/calculations/calc_fb123ef5cc4bc102/starting.xyz,c69082896fe071b3b498e80e0f5b848d9625ad833c3b7ddc2790a241c6c73726,1191
data/calculations/calc_fb8a02360a2ba144/frequencies.csv,68f83cb0a1c27bb42915f2a8d5440d150e6e6650230e1118a9f86a6c4a471f7d,1296
data/calculations/calc_fb8a02360a2ba144/optimized.xyz,efd308102f3ae8569880eafb51214cfb04e8a52e65a90bee2306405224b63139,1107
data/calculations/calc_fb8a02360a2ba144/record.json,973df8b68b994b3b286f1ebd55541ce5431926d1c0ce295f9c598f8f6e853b1c,4478
data/calculations/calc_fb8a02360a2ba144/starting.xyz,970d461f8f43c07ff115fabdf8f1f3ffa64db3159753630fa5068dc5dfbc9a3c,1132
data/calculations/calc_fbf471451571cf0f/frequencies.csv,d2c871201d9af9270077cc705df8a1cd60e7f232a6b8922fc7a11c6787908b6e,1176
data/calculations/calc_fbf471451571cf0f/optimized.xyz,336f78aeb1ef99335bf11e3dd4cf0fef54ddd0cd242ad857bbb4fc77681f937e,1017
data/calculations/calc_fbf471451571cf0f/record.json,c4c5ba0f1efaafa99c1eccd664318710b1d47feded6da96d17dde8d74b043bc4,4371
data/calculations/calc_fbf471451571cf0f/starting.xyz,5b3093731f3cef86415a349a43a1928cb9e1d004d38bebd39108d6b1a7538c68,1036
data/calculations/calc_fc7ea1e5f9248de0/frequencies.csv,8477b67a5c58153d235613ad59a9d3b135dc013b981d21b62bd36fda509e9c0d,1225
data/calculations/calc_fc7ea1e5f9248de0/optimized.xyz,a2f6149ced9425becbe4f1c43f80044d10f20856f4f0c151e170dad67a8c9f13,1044
data/calculations/calc_fc7ea1e5f9248de0/record.json,3ae87c55362db24b40abf0393212966893cca35b3b147de66c5bca977628ba51,4395
data/calculations/calc_fc7ea1e5f9248de0/starting.xyz,d909709979f4121149c511132563651b3ec7f6a35b6e8a4c01c8b55b69a01423,1066
data/calculations/calc_fca50a9c3ee1ba61/frequencies.csv,005632b415cccea40481aee74dc89d08e9e58407a364c1a4941993465db7960a,421
data/calculations/calc_fca50a9c3ee1ba61/optimized.xyz,efd642ddeb393dcfe97faefb9fcdec93313197c868964b9c869594a44b224206,438
data/calculations/calc_fca50a9c3ee1ba61/record.json,4668b428ecf7895119916c89ce3abf991632d33a568203248b74f6df2a339ebf,3443
data/calculations/calc_fca50a9c3ee1ba61/starting.xyz,96ca345d2fcb0288def8eba2f2c5c1d5692918d891bdae9b801e8862c7408a3a,458
data/calculations/calc_fd442879a64e1632/frequencies.csv,fb6c1bf76d9e78fe151af9f0922a096eee775826e532d26a6ed202f6fdc41dc2,1226
data/calculations/calc_fd442879a64e1632/optimized.xyz,7725c8b1953e7c2d7e639c540942167099c41967421c69e667864900ec59de89,1043
data/calculations/calc_fd442879a64e1632/record.json,ed75c2b3867899428fb1f7e5357ae56dd17f61ef915033fef5fc4ecca8b8ec85,4346
data/calculations/calc_fd442879a64e1632/starting.xyz,9b2de18fb0d6a5633884d350fe908bdb7b9223c0849b211af670f9f9eee84f88,1073
data/calculations/calc_fd81a1b48fd5ec81/frequencies.csv,298732f7689ae188a600cd23ca40515bca82b2f3414f7153c7aa66ca342b0c1e,1264
data/calculations/calc_fd81a1b48fd5ec81/optimized.xyz,0b66f4798456a56b9d342ed0c5adc6e22f96f84909849a0065660a45d415b32c,1075
data/calculations/calc_fd81a1b48fd5ec81/record.json,676f5f06f2e0a9efa0c978fdf97fe026a31490916083f63845a28bc342bac9ea,4455
data/calculations/calc_fd81a1b48fd5ec81/starting.xyz,5e07f23281f258de95c7d8e8412c6a5cc9f673d92fb2255c8f4f6113d2d3820e,1098
data/calculations/calc_fd81a34f6634214c/frequencies.csv,26b1b10ecbb4b2b445ba3599663ce858c1b22c1b01797ad98b79806ae7a5be20,1224
data/calculations/calc_fd81a34f6634214c/optimized.xyz,ae529c80961357bb205f9360ffebbd70472cf383eb5ead742a06bc46a1b4b812,1051
data/calculations/calc_fd81a34f6634214c/record.json,f4af5353fc0d770a5daaf684b24e5e339437eba6fe81e166a05e74dd7c0e1662,4379
data/calculations/calc_fd81a34f6634214c/starting.xyz,e2f1aa2c6f02144d2eb2f81ce9ede60ed306cbdcf1efbe377dd5c33ff9f79ea3,1073
data/calculations/calc_ff2daa361198dfa7/frequencies.csv,a5a531f126d43f49ec5dac520c7566cb569d171c6704240cb3c17d0eb420a46b,1421
data/calculations/calc_ff2daa361198dfa7/optimized.xyz,3639eb506b1a7df2b3188ef861f72c77d4925d87643b1fcd6d84edfb89fc9fc2,1197
data/calculations/calc_ff2daa361198dfa7/record.json,99c0c134e1679f711d4452d7913e544363610c034424c42ac8e1fe540cb1cd9b,4617
data/calculations/calc_ff2daa361198dfa7/starting.xyz,3cea9ef7cf6c45ba0b0d11d675dac1f6c060afced293a828e901121492ebbbf6,1222
data/calculations/calc_ff7a6be11ae8f1a9/frequencies.csv,dbcf559b72ccefb0644022ee5f942baf756b55a9fe7cf3c84717fdfb5b350236,1177
data/calculations/calc_ff7a6be11ae8f1a9/optimized.xyz,4039ff5191874caa6f5f8263d8f39153261e666590d2a8290244184b94a92905,1014
data/calculations/calc_ff7a6be11ae8f1a9/record.json,0779522107485c883e3faabc9eb088327fe19d490e81dd3788ee9c5930cd987c,4345
data/calculations/calc_ff7a6be11ae8f1a9/starting.xyz,9542a7c7a6f5398b580a418d17483e5e66f4179f079c125261495fcd9f418370,1044
data/calculations/calc_ffa6ab27e97bdf79/frequencies.csv,77d88cd2fe54c59b00c34052a6046482ec2cebce4db405fa7923db90be2add0a,1721
data/calculations/calc_ffa6ab27e97bdf79/optimized.xyz,3a97007be40c4c9e748d15b0995dea52b109e43c4ccff500b5d5101d26bc5776,1417
data/calculations/calc_ffa6ab27e97bdf79/record.json,f96dfd34e26f97ce04d54e8e279d825223d39771da864a43d1baa44a94a2ad92,4944
data/calculations/calc_ffa6ab27e97bdf79/starting.xyz,c06120a65332409db9886dfb22962dc6b4301884949374e5e204955f42414420,1439
data/calculations/calc_ffad74f5dfb539ac/frequencies.csv,3eec2940decd5a1c71d41acc72cb1879db4701d8f6df8cac5284d83e609c2165,542
data/calculations/calc_ffad74f5dfb539ac/optimized.xyz,63f0a4295642fd20c2111c042eccb36234845abb67eb05862427f38718e534dd,531
data/calculations/calc_ffad74f5dfb539ac/record.json,1984241d8ef0a5841ec7841480e1941fad5673c7fe5a1b6d3e09a7270d6b6b0e,3569
data/calculations/calc_ffad74f5dfb539ac/starting.xyz,8c7bea458f17173f9b0b1ccf41cc403d8686c5964cd8c38a27f5b986c32e5345,548
data/calculations/calc_fff03848f43180e0/frequencies.csv,e1a86c746b60656da6382616db9818815eca66e80be92d0d1af05a9252ff4d4a,1332
data/calculations/calc_fff03848f43180e0/optimized.xyz,a63d8d39f22fe879523cf828d16dcb2bddf0bbe139f5c39bb4706e33e61bd6ca,1138
data/calculations/calc_fff03848f43180e0/record.json,1c747337b882d800984687325584f3f3dbdc88c622791a2a90e3f168cef66a6e,4518
data/calculations/calc_fff03848f43180e0/starting.xyz,f8e0fc7900dad361fef2cadc583486a3bbffa6036360833c76413287835f9ca3,1164
data/calculations/manifest.csv,0a38d46c28132c17be26f8e31d8e4010b4088283d349c0ba6b11e586dbb07aa5,115322
data/published/README.md,0b0b5f41d2c16867cf8de4db90e6df92b57060d9782552b621ba6d80a558d260,5435
data/published/continuum/01_input_inventory.csv,6f1994aaf1bf34b0547966f695b3d10c0e2a5d09b214a74539f4fd7a5eb97154,116057
data/published/continuum/02_log_validation.csv,80fd0a6acad6246f1396d125b35b72faa9c01b7718b5f2984d02013e09fe2b22,201786
data/published/continuum/03_thermochemistry.csv,59ab754d89848a52a4f2d14660828ae3621298f336fe073bf7729dd06864163c,84294
data/published/continuum/04_analysis_candidates.csv,20e86cc51eda29060b144872944ef7aa3d18df63c8d969b4432d5d804a395c10,208134
data/published/continuum/05_selected_species.csv,72e97ac0353126db48c0d99c886297095046122f4e7b2b86ab66dafe9000edd2,84958
data/published/continuum/06_sampling_coverage.csv,f68565d23812c9e81429f8301d5d3f829bc07e01142e5726bdc64eaf3afb7ddc,9125
data/published/continuum/07_reaction_energies.csv,28d9f677b973db0924e355c2a2486eca93526d2ab812d8a2c47e2215143f48db,69940
data/published/continuum/08_path_closure.csv,9913c8cbbc9b8f019ef3148f87571f39d069f3c89b1ff41501a3259709c7dcef,3544
data/published/continuum/09_relative_rankings.csv,a24a62d787760b1b7e2b73c2710eb6d198a6be3d893bd291b9ec7bd1262b2dfe,76993
data/published/continuum/10_legacy_vs_transferred_audit.csv,cc3af9cf3ed4c3390950ff3b0a43896caf4ea4116e4477205d5812705247d866,15495
data/published/figure1/02_reference_manifest_and_validation.csv,6f90898646def892e0f70bbc3b9f11e7bb3af8cf7c7a7287d7105636e9fe339b,7056
data/published/figure1/03_fixed_reference_convention.csv,09cbad92e55ea508a03b78ea2bb2ac0c8daedd2bc14ac5dcc5cc8ec009d9f05d,498
data/published/figure1/04_structure_validation.csv,440b1d1b36ecc0f87a8efca948dfb158b2597e1c080623a694e3a288a41d4f99,3143
data/published/figure1/05_primary_candidate_energies.csv,f7a2af2250f860fd3c2556f83ee144b87393e5bd546636c2786b107b048e5c76,7547
data/published/figure1/06_primary_selected_candidates.csv,e094b527b2b05571a9ead9e6d80964da6b5dcdde3686393223e38fed78905c5b,3876
data/published/figure1/16_panel_c_plotted_data.csv,365c80d34f515f49126e1ee600686e237ea7c323fe20f7ff60a436bc66820780,1659
data/published/figure1/figure1_plotted_data.csv,b8b2abd9bdfa78f67272fa827cf962293634e04eac5f55cebf6946de31ea6b68,3454
data/published/si_microsolvation/03_treatment_energies.csv,0d84b5b3131d3c56f8b6df4949e52d98db78e228f428d651021427cfdc0fe47f,19868
data/published/si_microsolvation/05_fixed_reference_placement_scores.csv,50661f61beeca546b627f4c0200e3b10880696dc85f4e3c096c95afbf6cea92e,10872
data/published/si_microsolvation/06_selected_candidates.csv,964793c266165215874c74fe16b25899958ebfc9b6ad97cf8561e25c5d73ad4b,3959
data/published/si_microsolvation/07_continuum_rankings.csv,ab0f9a44088d6402baee9976a35fd594a7736081fc221f6e15066dcc2c80094f,2499
data/published/si_microsolvation/08_selected_fixed_reference_shifts.csv,477d5d2f8d329341063c5c016174fd5dde14f461c9d88d5014ade076cca9b1b0,5161
data/published/si_microsolvation/09_placement_combinations.csv,a21194b83c38fe77c5c3792f636b0d8f749665ca2462ad397201b0a623615214,110885
data/published/si_microsolvation/10_rank_occupancy.csv,249023350bfee1e3b04bedf14276e398b03125d26ece24385a7e15bb19e021d2,4628
data/published/si_microsolvation/thermochemical_summary.csv,38eacb7f086e4344d3581383fabb8c7df1d072185101de76181b16ef0d9d5ced,494
data/sampling/1_methyluracil/crest.energies,480061cc5971c195e6a8d854c13bf0e6f0bb15fdc5ce1eaca1c497316b366537,36
data/sampling/1_methyluracil/crest_best.xyz,5351ff8456a93d691349202e353a3d573529b143289ed46926a2767f8ca0ff94,1001
data/sampling/1_methyluracil/crest_conformers.xyz,ea138db62042f4c61fa24f406be2044e49df64a52624afd616d7a3c9fb317a04,2002
data/sampling/1_methyluracil/seed.xyz,8b877c977de71c91c2c84189c04288c8a220499a737202e317179c8deb9bb480,773
data/sampling/1_methyluracil_ribose/crest.energies,46d3e4ec7261b98cfc5511b40da6899b2cde5e6aae321215ef8acf4f773c3cd7,2352
data/sampling/1_methyluracil_ribose/crest_best.xyz,ded5c76a3242d0b2bfd5edd98e1041ec9e1423453e40a5daef73f300894219dd,2106
data/sampling/1_methyluracil_ribose/crest_conformers.xyz,60e5a6fcc4d57f650f960c26127bf7a51ee80597c1c37ad47b9cd53a7fac3ef9,259038
data/sampling/1_methyluracil_ribose/seed.xyz,63e2f2bf084317c3fd6d3f553aed492782451ba52b4aff32388065a2b774ba3a,1596
data/sampling/1_methyluracil_ribose_phosphate/crest.energies,05860ac333e3ffe77151f76f561331c43bb7077d149befd006016584f2969898,1093
data/sampling/1_methyluracil_ribose_phosphate/crest_best.xyz,91166ada37e27f95825825d85c95d82c6c0d3f7869cfe0d9392dd029ed1e0d0a,2431
data/sampling/1_methyluracil_ribose_phosphate/crest_conformers.xyz,3b34a8bb749fe6ce16e46f035128a510576cdda628ba3b2f8b190f8f3b7c8cf6,140998
data/sampling/1_methyluracil_ribose_phosphate/seed.xyz,a918a678a7cf6a805cc3d2ce9bff5a72db3efa66c10634ed92a5d98295c1378f,1846
data/sampling/2_6_diaminopurine/crest.energies,c81359bac3f1d831b08b006e41f26ac6319bc9cf4c266268401730d16dff8d99,18
data/sampling/2_6_diaminopurine/crest_best.xyz,8b53a8a8855613359f386eac155bbe05f8cd56abffc511de5c1188b1621a2231,1131
data/sampling/2_6_diaminopurine/crest_conformers.xyz,8b53a8a8855613359f386eac155bbe05f8cd56abffc511de5c1188b1621a2231,1131
data/sampling/2_6_diaminopurine/seed.xyz,9e3acbdf60d84f2234b47a4586c222c14bc80b88d56e82fa638b89047635b28d,872
data/sampling/2_6_diaminopurine_ribose/crest.energies,e0507f7be4d196d1f14a60f4159f2c81de0d49fe924c85b25c7626d742c10b87,3252
data/sampling/2_6_diaminopurine_ribose/crest_best.xyz,be66193fa597fc5dbe8f9bd7750504b1348d8df89fb06b4b2d9334a98680653e,2236
data/sampling/2_6_diaminopurine_ribose/crest_conformers.xyz,04830d1319b87916e3962d42699de80ac4acb58f04f8bdfbc99f4e9c89e81c4c,375648
data/sampling/2_6_diaminopurine_ribose/seed.xyz,8ddeec00dc789931dfcf9e92cf901fa25a4218c70db2e4a626f7fcdbca2f99d2,1695
data/sampling/2_6_diaminopurine_ribose_phosphate/crest.energies,e317d53c104cc6378f39d3694e724d828e6e51f57273002c6ee6634169eb0a11,5552
data/sampling/2_6_diaminopurine_ribose_phosphate/crest_best.xyz,d8a0f005042b119ee6b78891c5f4b91aaf7033c92738c65f329ce157e154471b,2561
data/sampling/2_6_diaminopurine_ribose_phosphate/crest_conformers.xyz,23df424c29f70013768fe748f25902b4fe6ae4b8a4ebe8bf1b4637b184820c28,724763
data/sampling/2_6_diaminopurine_ribose_phosphate/seed.xyz,b5c0a1d66b6458f4f892c27f3de530a9f7062e486f33b713c1d1333f4b990623,1945
data/sampling/5_amino_4_imidazolecarboxamide/crest.energies,471371ee418d2395367ad17c2bc3bd4f712c74d2d47f05631248ea0414d44429,36
data/sampling/5_amino_4_imidazolecarboxamide/crest_best.xyz,0acf61f4f1c9b962486418e77f2a65ee70e3d32b11775cce2f4916a19824c2d0,1001
data/sampling/5_amino_4_imidazolecarboxamide/crest_conformers.xyz,e41b173aae4247e9efbbeb335e3b32fcde341673081c195c16a4d39bfc8e284e,2002
data/sampling/5_amino_4_imidazolecarboxamide/seed.xyz,e5ea9ca539c6ffed83329199d5d07859adf977a3a8682e34fc7996d9b3c90209,789
data/sampling/5_amino_4_imidazolecarboxamide_ribose/crest.energies,a7f12b44f2742dc605c78b6e3e3f42d4b26e3364bd6a3c322a613b969594cf4b,5072
data/sampling/5_amino_4_imidazolecarboxamide_ribose/crest_best.xyz,e1259d7b14f0d02c0d6cb21e51b003c7bdb4a6ffc454c39e4b5b2dfbda3b2a4d,2106
data/sampling/5_amino_4_imidazolecarboxamide_ribose/crest_conformers.xyz,a2a8118f84dc7461113da2e3d65967f7a85ace8a4fd29d52c51354944087c1d1,545454
data/sampling/5_amino_4_imidazolecarboxamide_ribose/seed.xyz,2fc9b3b9359bc4453942c0a5a0d226e75493c115af2f3c13e7f6cc1d6b57655c,1612
data/sampling/5_amino_4_imidazolecarboxamide_ribose_phosphate/crest.energies,a2148da5adce08a4afbaff182e9901a1539acc91c2afa3af61ad16041c872edd,7592
data/sampling/5_amino_4_imidazolecarboxamide_ribose_phosphate/crest_best.xyz,25685cac8f04f1cc3339eaadf80140ada64408515cb520c5cc506e1827b82073,2431
data/sampling/5_amino_4_imidazolecarboxamide_ribose_phosphate/crest_conformers.xyz,e001ac7f83fee56a5cee31231546506b3b8a3f49318197603f15352deb5d6b0d,935935
data/sampling/5_amino_4_imidazolecarboxamide_ribose_phosphate/seed.xyz,8d7d44a4cf643aff480b204419899eba4486decd69975391b2c91598acf9dcc2,1862
data/sampling/6_methyluracil/crest.energies,2691fcec4921844748332bd0209fb540c22acd91b824afcceb2931718c2a6588,36
data/sampling/6_methyluracil/crest_best.xyz,ec7b0b2bbda835fde356279d0e892945902e624727a2e542fcc9fc592fc0a4ce,1001
data/sampling/6_methyluracil/crest_conformers.xyz,533cb06ce8b43b68c2972ea273737382c0d00e9df88de5e94b6fcfafc1102579,2002
data/sampling/6_methyluracil/seed.xyz,9950f1dd44e6612a8fb20039592f6ed5e377fa79d2b100e82d378e883ee080af,773
data/sampling/6_methyluracil_ribose/crest.energies,48f329eea66b0ad1f1f420d2d630c1c99cdec47a3aa3d1f37edd877585d840fe,2152
data/sampling/6_methyluracil_ribose/crest_best.xyz,ee36445ab4cf569d7b055f9cb0fce52badec1beecc85d5c35ec5782a5e868908,2106
data/sampling/6_methyluracil_ribose/crest_conformers.xyz,f0942f5561a0fec501dcd8f4c09994a3e65682ca9465cb4450cb5891b93f0367,237978
data/sampling/6_methyluracil_ribose/seed.xyz,b708f541dc78bc050b9d5723b08f1636207dab58bfdd2c18c0247ea20635e9ac,1596
data/sampling/6_methyluracil_ribose_phosphate/crest.energies,474ff591f056f4c7ee7d7f3a009b5eb4818e5020fb5d405643ccb469b56370a5,523
data/sampling/6_methyluracil_ribose_phosphate/crest_best.xyz,4069976222becbd119f9970c801948c37990cac0cb3d398893c1060c255f922f,2431
data/sampling/6_methyluracil_ribose_phosphate/crest_conformers.xyz,b42a919cd8552f7740ae561d5bd71f032f84245378dee40ff5481ca741c1e21d,68068
data/sampling/6_methyluracil_ribose_phosphate/seed.xyz,3748614e4ba7f2f9f37634450f75136c03e2bdd6128bf0bf26aaeac44f6512b6,1846
data/sampling/adenine/crest.energies,c81359bac3f1d831b08b006e41f26ac6319bc9cf4c266268401730d16dff8d99,18
data/sampling/adenine/crest_best.xyz,73bc9295d785cd97065618bf38d66c43fb70bfb8c99cfb13b2ec536d02c15b14,1001
data/sampling/adenine/crest_conformers.xyz,73bc9295d785cd97065618bf38d66c43fb70bfb8c99cfb13b2ec536d02c15b14,1001
data/sampling/adenine/seed.xyz,60fb5102c05a1ded3a6760ea4688fba13af0013da0cef8fda603b5b20533aebf,766
data/sampling/adenine_ribose/crest.energies,732067ec2325dc66ee90cdd367b732178591bd75fd8d4c019be167689cccf41a,2992
data/sampling/adenine_ribose/crest_best.xyz,96caf7d1d404a92ee78af73dc0e6312f0e1560708246e466c7b830ff7639ccd7,2106
data/sampling/adenine_ribose/crest_conformers.xyz,48d07b9b5682d89911342a57085b60bea7f0e7753ec2d51067ef6b836b3112b4,326430
data/sampling/adenine_ribose/seed.xyz,39e72c9fa24bae0a3599f602b450a5574223bf0384333a0eb21666845ff98325,1589
data/sampling/adenine_ribose_phosphate/crest.energies,11a901a42b2316070ec2ce0ff961efd6f391f0b6536c08c1493e038d35fd7205,2752
data/sampling/adenine_ribose_phosphate/crest_best.xyz,f6fc42ac6928da23f8b9b825eb58965a512b363de29cde5ca74c6fa7caffca30,2431
data/sampling/adenine_ribose_phosphate/crest_conformers.xyz,63d44b39cb3fa1205856146e232b5c693697bc50f8628fef233490d8869d1d63,347633
data/sampling/adenine_ribose_phosphate/seed.xyz,74cdcbd23652b6e3abd70bed63333644a6715a12107da62602dbafcd3ce683f4,1839
data/sampling/barbituric_acid_clink/crest.energies,c81359bac3f1d831b08b006e41f26ac6319bc9cf4c266268401730d16dff8d99,18
data/sampling/barbituric_acid_clink/crest_best.xyz,e6812fa96428d1566aa3a5f0da2cc4036375679080243753d8faa038284f5326,871
data/sampling/barbituric_acid_clink/crest_conformers.xyz,e6812fa96428d1566aa3a5f0da2cc4036375679080243753d8faa038284f5326,871
data/sampling/barbituric_acid_clink/seed.xyz,27697e8cecfbc8f66fd87752e902955a7af680707d6dad7b69b108cf5976c82f,684
data/sampling/barbituric_acid_clink_ribose/crest.energies,7028fa523eba130041fc5018d8f77f4bb6daba663b273020693ebae4daa555a0,3092
data/sampling/barbituric_acid_clink_ribose/crest_best.xyz,6ea5c7df44f6ac1b508d32994379267199cf1ed2cb7bf8a80b518b0ab7ab2599,1976
data/sampling/barbituric_acid_clink_ribose/crest_conformers.xyz,bc77fbab7b3428d41e31a0a1dac27726f6cbf8575c0fec2ad64a73ff26ea4841,316160
data/sampling/barbituric_acid_clink_ribose/seed.xyz,8de440d5a249bd784de028de0bf988977007482c0087001337aff30761b13b60,1507
data/sampling/barbituric_acid_clink_ribose_phosphate/crest.energies,e9a55e360ce4ab939b6a0a83e6046cbeca07b082b5a5e8941b4795008482f856,1492
data/sampling/barbituric_acid_clink_ribose_phosphate/crest_best.xyz,f2d4565fffb4e98d106f8fcc4dd23e34aaff4ddfe021a7579fd2fbb439565a30,2301
data/sampling/barbituric_acid_clink_ribose_phosphate/crest_conformers.xyz,8dd9c8cde8cb719e1b579c1a2d7dbc97a1186bc216575a00f82431fe0d7a6a80,181779
data/sampling/barbituric_acid_clink_ribose_phosphate/seed.xyz,ccafc9f527577a67007b546419fa9426c9625876387f1d203350daca7bbca472,1757
data/sampling/barbituric_acid_nlink/crest.energies,c81359bac3f1d831b08b006e41f26ac6319bc9cf4c266268401730d16dff8d99,18
data/sampling/barbituric_acid_nlink/crest_best.xyz,f3bd6b36fde288059789d9f96303981b7bc1029e4f81b23561582f08f7ed3cb6,871
data/sampling/barbituric_acid_nlink/crest_conformers.xyz,f3bd6b36fde288059789d9f96303981b7bc1029e4f81b23561582f08f7ed3cb6,871
data/sampling/barbituric_acid_nlink/seed.xyz,876156206699cc8e0b6f624cf1f5cdfd0d017258eb3377f21fb57c51f62a4546,684
data/sampling/barbituric_acid_nlink_ribose/crest.energies,f480f56e72e4991e0144e8a4d4bf04988f251547d653383dedf710fecfc29dc9,3332
data/sampling/barbituric_acid_nlink_ribose/crest_best.xyz,70eccef533adbbbadd0cc37087b0db3821af1ccf11f47ac0a948d8d6810229e6,1976
data/sampling/barbituric_acid_nlink_ribose/crest_conformers.xyz,41cdedb44a9b22ea98495690a3c4240c02f36a73799e52bbf5b09005e7b73a86,339872
data/sampling/barbituric_acid_nlink_ribose/seed.xyz,16a75528e3279f5fbf500beb755561bde1760a78698fb4a7fba0a1e30b892b03,1507
data/sampling/barbituric_acid_nlink_ribose_phosphate/crest.energies,9d38635aa996cb79428996470f6e1bd7440cbab070b6a4a557be737899b16131,1093
data/sampling/barbituric_acid_nlink_ribose_phosphate/crest_best.xyz,2e4acf279540b6a5ca312fac63b959a0de579b5e45c50df5fc3ecccf8484dde2,2301
data/sampling/barbituric_acid_nlink_ribose_phosphate/crest_conformers.xyz,5daff5a5b37e7af8f8a336f653e4dbd7d03700db84696ee64ef7cc828d32dddb,133458
data/sampling/barbituric_acid_nlink_ribose_phosphate/seed.xyz,eb0cef1d302fbea42c7a23a65da043ffd6141cf872c93a7d993493106685afb0,1757
data/sampling/cyanuric_acid_nlink/crest.energies,c81359bac3f1d831b08b006e41f26ac6319bc9cf4c266268401730d16dff8d99,18
data/sampling/cyanuric_acid_nlink/crest_best.xyz,9a5288f0a372d3f796b8b8068bb3936042c9c95d6cd822013e07c38e3821354e,806
data/sampling/cyanuric_acid_nlink/crest_conformers.xyz,9a5288f0a372d3f796b8b8068bb3936042c9c95d6cd822013e07c38e3821354e,806
data/sampling/cyanuric_acid_nlink/seed.xyz,050b8caabc959d6659ca8c1789cd2ffb3fa8e53d066e0d8706e7cac8eca3849d,634
data/sampling/cyanuric_acid_nlink_ribose/crest.energies,6fdbe072bc1fb9cfedf67f7f15b846aaf7cf770861f56092c0d4cefd29e8374f,1283
data/sampling/cyanuric_acid_nlink_ribose/crest_best.xyz,0bc70c26d76cdb74f370ed5afc56e6faea32f3db2a3b10777f16110d1e846451,1911
data/sampling/cyanuric_acid_nlink_ribose/crest_conformers.xyz,21bf092699197b8fd08cac93ef2a776ba998012d7507f1331233fb7ad2de899f,129948
data/sampling/cyanuric_acid_nlink_ribose/seed.xyz,fc7e07e352d7a8900d5cab6545ed8a189ee4caa66b4f722ec8aabfed569a3dd3,1457
data/sampling/cyanuric_acid_nlink_ribose_phosphate/crest.energies,c363dfeb55e58377782b1e9bc700a5aebc825300dd7deb2ff6537bce08fab3de,789
data/sampling/cyanuric_acid_nlink_ribose_phosphate/crest_best.xyz,f5909ff4fc1677e2c62d5a60325fb1b3e386d47bbe983ab2af9f430e185fc6de,2236
data/sampling/cyanuric_acid_nlink_ribose_phosphate/crest_conformers.xyz,3e71f9aa1ff1b93d7fade5033d835986df125546c1797173467bce67d20dd6d9,93912
data/sampling/cyanuric_acid_nlink_ribose_phosphate/seed.xyz,25566ed9c906664910771abafe5a43e643de9d07dd1ce520c38586878ae4aabe,1707
data/sampling/cytosine/crest.energies,c81359bac3f1d831b08b006e41f26ac6319bc9cf4c266268401730d16dff8d99,18
data/sampling/cytosine/crest_best.xyz,db924065677630efe6f1fa22f2498c540fda0bb31bbd3363b6c3f2ca395f94f8,871
data/sampling/cytosine/crest_conformers.xyz,db924065677630efe6f1fa22f2498c540fda0bb31bbd3363b6c3f2ca395f94f8,871
data/sampling/cytosine/seed.xyz,d85ffda18fa1005f693297e76967bd999391606c88072b92c98719b3608b96b1,671
data/sampling/cytosine_ribose/crest.energies,4fde33c4bca949d7ce082c2c1a1fc241945af0dd20f59ffffaab1e8c7d86e152,2092
data/sampling/cytosine_ribose/crest_best.xyz,b54cdac34e8469e8a059db35af5f94c2aeac79c7b618cc22886cc8bfab6cf567,1976
data/sampling/cytosine_ribose/crest_conformers.xyz,92593a0fb40dc1402b3126cdf923944b1eee5b2f7e0c223dac20286a395fbbad,217360
data/sampling/cytosine_ribose/seed.xyz,2e3904eea7b0b9568295020bf81850ef4276c356b9979601db0179aac0e6e8b7,1494
data/sampling/cytosine_ribose_phosphate/crest.energies,e51eaac6c9c650ff92d34aa7eb86fe15a9b51715705fafb4bafff86cc6763faf,2652
data/sampling/cytosine_ribose_phosphate/crest_best.xyz,c1f011e5f91422050be920ab754b43a0282cb19aecf2389114f16c1fbf8ddb83,2301
data/sampling/cytosine_ribose_phosphate/crest_conformers.xyz,859aebfc4230b739017a1096751e744708c2512c8a4c9f3677cf28084a0ff280,317538
data/sampling/cytosine_ribose_phosphate/seed.xyz,c6a87fc620fb84c95e58cce2929a1d571b78afa0abb5b34efed0d38184af3236,1744
data/sampling/dihydrouracil/crest.energies,c81359bac3f1d831b08b006e41f26ac6319bc9cf4c266268401730d16dff8d99,18
data/sampling/dihydrouracil/crest_best.xyz,9082f6f56dc65924e3e0af923f67303349548efe57ddb93f2d48bc7106091b7a,936
data/sampling/dihydrouracil/crest_conformers.xyz,9082f6f56dc65924e3e0af923f67303349548efe57ddb93f2d48bc7106091b7a,936
data/sampling/dihydrouracil/seed.xyz,35b9cf6431232e00a21f9631c575ae490a066ca0dcfe99d0eb7bbddf45b57f0e,724
data/sampling/dihydrouracil_ribose/crest.energies,eb965dd4f5b0a43f30453404eb1dcb8fb4fc8b5a745bc039150d102b4ca1fe16,4492
data/sampling/dihydrouracil_ribose/crest_best.xyz,59bf292c59b32dec55fd59dcdab6581aa87ace9990beeede31a6e4f13a31b24a,2041
data/sampling/dihydrouracil_ribose/crest_conformers.xyz,1a596098cf38e496a355b40e133a98eb940d0c8b436ae94a2fce79becd6f6789,469430
data/sampling/dihydrouracil_ribose/seed.xyz,4902c176b997ac96da7c801490f3879f27268689a0eaf39c44e6b9223ec0cf0f,1547
data/sampling/dihydrouracil_ribose_phosphate/crest.energies,77b9b89506eb267a153a82bb79d452cb2a6f9f7c13fda63968072f24f7f95d4c,2152
data/sampling/dihydrouracil_ribose_phosphate/crest_best.xyz,916b4ca566411d629cb72a6f1afd60cd85820b4ed3ce23445e6f54638425d6f2,2366
data/sampling/dihydrouracil_ribose_phosphate/crest_conformers.xyz,ff68fd019172e6b82c34547a624496809a86e6da753c35ec05352391e653ad63,267358
data/sampling/dihydrouracil_ribose_phosphate/seed.xyz,c12b8638baa104340b0fa23493461f5b72a0ef435d2552abd66804d55ba9a325,1797
data/sampling/guanine/crest.energies,c81359bac3f1d831b08b006e41f26ac6319bc9cf4c266268401730d16dff8d99,18
data/sampling/guanine/crest_best.xyz,fc455c3a4bd97d35edab009b00ef0cf2756b8efc6f4ddc379d1e9625ba95b1c1,1066
data/sampling/guanine/crest_conformers.xyz,fc455c3a4bd97d35edab009b00ef0cf2756b8efc6f4ddc379d1e9625ba95b1c1,1066
data/sampling/guanine/seed.xyz,934dc54de49e05aa2f94f7e0c663afdceab3aa90e999508ce697a98911a2f886,814
data/sampling/guanine_ribose/crest.energies,75f2f6516bb763df49a976e972d0e32d027c56b9b9f2443bb1de3392251be441,3652
data/sampling/guanine_ribose/crest_best.xyz,2b23900474beecd7538e306c9a4a34e3df139282a2b6530c93142dbfe0bef30f,2171
data/sampling/guanine_ribose/crest_conformers.xyz,d74d23f79bbeee3c6ca86290f42d1d5b9c14b91959f32a8ba1c4c47329b489f1,408148
data/sampling/guanine_ribose/seed.xyz,7b1dec54430fc28d2f63b768e70b72aa4082fe2da9026e9eae19137b71f9f347,1637
data/sampling/guanine_ribose_phosphate/crest.energies,b68738472b4214a33ea7b5bcfd312602db133014c6589c2f2e6a873bca891a79,6852
data/sampling/guanine_ribose_phosphate/crest_best.xyz,4622b4a7627ede47f4bb730cb58343e6f9476000b5045c6f13016505b1431dd2,2496
data/sampling/guanine_ribose_phosphate/crest_conformers.xyz,713a3d4a55be02aeca0269cee2e39c1da27ff6821163d8099b9aa70640573d3f,868608
data/sampling/guanine_ribose_phosphate/seed.xyz,0679ed8074cccf279a8de724fac59f23c7faa97d460961a786997c0c74b46d64,1887
data/sampling/hypoxanthine/crest.energies,c81359bac3f1d831b08b006e41f26ac6319bc9cf4c266268401730d16dff8d99,18
data/sampling/hypoxanthine/crest_best.xyz,34907461f1e95c32d809994b7774699d259b5d9865bd81c98e9df19253e205ee,936
data/sampling/hypoxanthine/crest_conformers.xyz,34907461f1e95c32d809994b7774699d259b5d9865bd81c98e9df19253e205ee,936
data/sampling/hypoxanthine/seed.xyz,63e317f89d6e43c0b227e4bd593f5bdf32ac19f51a63747bfab5e7f312b4877f,723
data/sampling/hypoxanthine_ribose/crest.energies,b0ba12417eed213a00d1616d1bec3e9d69c5a55618b4aa36de807b02f199ed4c,3432
data/sampling/hypoxanthine_ribose/crest_best.xyz,7b1c99640e7421358ed595de81885ad27e5a3f7d50889b26e88b85c0bbac9c64,2041
data/sampling/hypoxanthine_ribose/crest_conformers.xyz,0f2a1935ed5100495e58e9ae731f52f7e57971e49376972f3c0ddb0bae8124e7,361257
data/sampling/hypoxanthine_ribose/seed.xyz,f7cc066c99d84eb3be9cc8f865b63b0653de551526228cd812681f3badb693c5,1546
data/sampling/hypoxanthine_ribose_phosphate/crest.energies,196223d62c6add0a4437f6360710f841cac7d0463fcdab9d6154c3947989e0d3,3592
data/sampling/hypoxanthine_ribose_phosphate/crest_best.xyz,1884e0441bec61d485b988ed44cecbae08e794b5a62c7407b3a4b6b47df64ebc,2366
data/sampling/hypoxanthine_ribose_phosphate/crest_conformers.xyz,b0bf1a21da90a7c04a9d8f457ec8e73db8121836f532c2ec05cf97284e38ed40,437710
data/sampling/hypoxanthine_ribose_phosphate/seed.xyz,2c300643a0c59929f1ffc0b8298a75b28f3fc5eaca5a8ab60b23b0888a527f3e,1796
data/sampling/imidazole/crest.energies,c81359bac3f1d831b08b006e41f26ac6319bc9cf4c266268401730d16dff8d99,18
data/sampling/imidazole/crest_best.xyz,bd72351971d79f177c93336270e1cfedfa7bf2dfb1b0f433c488ed9027251205,610
data/sampling/imidazole/crest_conformers.xyz,bd72351971d79f177c93336270e1cfedfa7bf2dfb1b0f433c488ed9027251205,610
data/sampling/imidazole/seed.xyz,8f39261c3738eb6dd9245ef140f126ad616f978b6bf3e1c098971a74c8c4f344,479
data/sampling/imidazole_2_carboxylic_acid/crest.energies,e94607a9d64cc4d478b76c5e8fa1e896834ac53f53af5e06bee7739dc0474e46,54
data/sampling/imidazole_2_carboxylic_acid/crest_best.xyz,a05e2c019f94353bfdcc3919ff76d2cfdab5db82f078dbabe088425e94d65084,806
data/sampling/imidazole_2_carboxylic_acid/crest_conformers.xyz,c887242c75bd8a48caef2c4db5e13c808bada235380de4f495f38e0852a31e48,2418
data/sampling/imidazole_2_carboxylic_acid/seed.xyz,67fc8f9894091e9cec54949a3bd38adafa1d949364f6d55bffff430d50f43f86,642
data/sampling/imidazole_2_carboxylic_acid_ribose/crest.energies,e1bcb56f671f7228ffd067ea22ed53952fe619c4d9aa7321e16db4364e56e39c,3532
data/sampling/imidazole_2_carboxylic_acid_ribose/crest_best.xyz,a8ee384e9f66b0a187a8f9e73669d33fb33acf3077906e80327352b66e693d7a,1911
data/sampling/imidazole_2_carboxylic_acid_ribose/crest_conformers.xyz,2a9c1317eea489ebadf6e2362b3f5281ae2990341927204cd08e2152ac656a87,347802
data/sampling/imidazole_2_carboxylic_acid_ribose/seed.xyz,216b589ac13b4d0500d55b5cb9d29fa71c92884678000be2862e88df387b2932,1465
data/sampling/imidazole_2_carboxylic_acid_ribose_phosphate/crest.energies,108630b61080e2980263757fb120fd9d9cd51046651306ddd7e50c35946dd4e3,4092
data/sampling/imidazole_2_carboxylic_acid_ribose_phosphate/crest_best.xyz,63e14711539d08c4a81d5e1d3f16e454f07133f77b5f1f20a8c00afaceadfa37,2236
data/sampling/imidazole_2_carboxylic_acid_ribose_phosphate/crest_conformers.xyz,7cb86a67a2177e575d58aa153e95185f7dfcf706c41d32c2276139b3af04230d,469560
data/sampling/imidazole_2_carboxylic_acid_ribose_phosphate/seed.xyz,d8b3f8bfc2477b6bc099a0171b3a6f9d466baeb080bfa49d8c7affcfe4d2119b,1715
data/sampling/imidazole_ribose/crest.energies,f3eb7fbb5b2256aebcd1d647c6ad25ac1928f65469c912068dbdfadc659b08eb,3712
data/sampling/imidazole_ribose/crest_best.xyz,74efe45739b86a5ece83e627d5823470147cc996ec491c0299fb9831f0f98b38,1716
data/sampling/imidazole_ribose/crest_conformers.xyz,467712577cb3707292aa303e5fab49b60727d7e7a64e9733b23d57e751404b5c,327756
data/sampling/imidazole_ribose/seed.xyz,9507c7680fbc6fc683ef0f95da6cd0157b12fd1356b5d2dd686b182dc9ed8bd2,1303
data/sampling/imidazole_ribose_phosphate/crest.energies,c27b15fd98cc76929e464993b7014e430d1447cde6c5f109fd8ce638184d8863,11892
data/sampling/imidazole_ribose_phosphate/crest_best.xyz,aa9fc9aca16c0947c42d961e73354ca84a88d7a98fcab1e6e2f9436a583c0048,2041
data/sampling/imidazole_ribose_phosphate/crest_conformers.xyz,69271914cb36e66b721fa29938333257ec09864b44b798578110127268de2ede,1224600
data/sampling/imidazole_ribose_phosphate/seed.xyz,aaee240df3836804fab456d2d605f9de6c2ab239f6ba3b1a8c400c26cbda4ba8,1553
data/sampling/isocytosine/crest.energies,c81359bac3f1d831b08b006e41f26ac6319bc9cf4c266268401730d16dff8d99,18
data/sampling/isocytosine/crest_best.xyz,a925b8ecebf12843135743d4852a0b6dc331afbe85a6e8355deb6c1f8c782b9b,871
data/sampling/isocytosine/crest_conformers.xyz,a925b8ecebf12843135743d4852a0b6dc331afbe85a6e8355deb6c1f8c782b9b,871
data/sampling/isocytosine/seed.xyz,c41eaea979e78233a567b2e616692d18240517c1217055a8b49c0ee443c3caed,674
data/sampling/isocytosine_ribose/crest.energies,61e4a34cb0e0df0f317a7f626872108903372a71ffe8db8f93153472e75d83c4,2512
data/sampling/isocytosine_ribose/crest_best.xyz,084993e0dd7d56063cfc1ad1dbf0691f8fd48a8b8427a71f70dc3e3cf1710804,1976
data/sampling/isocytosine_ribose/crest_conformers.xyz,8a55aa1e142f271a057630687ab029ae196e77f0e7207c1b8f5b2131b7da4614,258856
data/sampling/isocytosine_ribose/seed.xyz,f9aec48c1137112b8bcdffeed975bb5eda49198c1935236e25018d0703f1de04,1497
data/sampling/isocytosine_ribose_phosphate/crest.energies,cba9d625e77667575e1e3fe0c2028c15e586ccc32690f3333efd868422fca5e7,1150
data/sampling/isocytosine_ribose_phosphate/crest_best.xyz,5fa1d4c8cb9cdfef045392349f829d1eef74b2b8e19d038440433322ccb7774b,2301
data/sampling/isocytosine_ribose_phosphate/crest_conformers.xyz,614203476540d00443795698335271df80ef06c2dd3d4a110545e53ef2b9c128,140361
data/sampling/isocytosine_ribose_phosphate/seed.xyz,613a3e006e3e86ebdab9b9a3ac852643fb08cd487e6bf7add8070df70e860b00,1747
data/sampling/melamine/crest.energies,c81359bac3f1d831b08b006e41f26ac6319bc9cf4c266268401730d16dff8d99,18
data/sampling/melamine/crest_best.xyz,732dbe1a412d0942a62fc5eafad0cfbbc3ff9eade9e84833719c8b8978989f47,1001
data/sampling/melamine/crest_conformers.xyz,732dbe1a412d0942a62fc5eafad0cfbbc3ff9eade9e84833719c8b8978989f47,1001
data/sampling/melamine/seed.xyz,21adc0d31d19f582642e8681e089cb5f068ab626d3a95345acd5a1daf5763c73,767
data/sampling/melamine_ribose/crest.energies,de0d3da42e82746d42c67d7eb676153f7720f5ce72f755b72bfffaebc2aa7f7c,3392
data/sampling/melamine_ribose/crest_best.xyz,a252110a2dd201436c1f9a90bb371845aec7a0f7a9224667bec92ea4281480ab,2106
data/sampling/melamine_ribose/crest_conformers.xyz,04571ef367196f622a9d28cea28932cf4fdacfb6b8d8f7c827eb8478c9d391e0,368550
data/sampling/melamine_ribose/seed.xyz,f7c16331b0181f6d07aed62a7ef538dfd50daac402c61c019891daadd3cf8195,1590
data/sampling/melamine_ribose_phosphate/crest.energies,4171a7425fbb1f8df9d5a4b3888fb345defc0f5588f9e01ade7361e3b0e86c2a,4952
data/sampling/melamine_ribose_phosphate/crest_best.xyz,865ccd99dbe80d017e5d9b947668726d1c2af0978ba2d1a8c89738c993dd7158,2431
data/sampling/melamine_ribose_phosphate/crest_conformers.xyz,23aaf18f02bf9056e1592892e238916cc6c62360fe8c378308e2b602f649e39b,615043
data/sampling/melamine_ribose_phosphate/seed.xyz,9d5f7d2a0dc8d447f7353eb8bdfdb2e6c91c6827b28db0812214580d365ff4aa,1840
data/sampling/phosphate/crest.energies,fbdf1f66df18ff071de3dafdf3becdc56d7d947ad55ed3bd8a554b68b24bb72b,90
data/sampling/phosphate/crest_best.xyz,e74ba22ebb93488361ff1e9028836c10ad78fc6e8f30bd335bbc2c2abc128c48,545
data/sampling/phosphate/crest_conformers.xyz,66271684f47200ccee611bf7f6e828ea334e213409f80759b4ccc72f7e47e68f,2725
data/sampling/phosphate/seed.xyz,2fb91f2d91d9d99da6b6f785131069188eb739f613ad5da02d97e6a643a8f9ad,431
data/sampling/purine/crest.energies,c81359bac3f1d831b08b006e41f26ac6319bc9cf4c266268401730d16dff8d99,18
data/sampling/purine/crest_best.xyz,51ed8caab58a95bc6e8d49d2230c66b82fdef994782a6b459adf006213edad8d,871
data/sampling/purine/crest_conformers.xyz,51ed8caab58a95bc6e8d49d2230c66b82fdef994782a6b459adf006213edad8d,871
data/sampling/purine/seed.xyz,d13e59ec797fd33c636ad57e5aed7cb7e0ba0fd89125f73dceeebad0972a0129,669
data/sampling/purine_ribose/crest.energies,a28a5d4b4d28794ba32c7cd0173141c759c9d8866799a45930c8c55790c2f0f2,3032
data/sampling/purine_ribose/crest_best.xyz,8155cad49fbd4ab5a4a02ad953f79417e0a79cc863a192a499e37de6cc3b256a,1976
data/sampling/purine_ribose/crest_conformers.xyz,45dfd2b23323b7fe96ac3c81f6b11e6f91e6690dfc116e95627e7c236a2f49b5,310232
data/sampling/purine_ribose/seed.xyz,b555f8ed8bb660e3b07dcb3550e0507edfa8231ab8c82597e1375ad15aa8d30a,1492
data/sampling/purine_ribose_phosphate/crest.energies,a571313d86e3bb3b9d3677cb4792de66f117db7ab4a6c26f83d6d6802ad71971,5612
data/sampling/purine_ribose_phosphate/crest_best.xyz,070d89ae49492f6a03f1fa4d26893e2f9a0c6b589ec5b662b551edbe379f8433,2301
data/sampling/purine_ribose_phosphate/crest_conformers.xyz,6c607c6db4e19054d94396b85152b9a98d573fcbba4f5db80356b740d591ecce,658086
data/sampling/purine_ribose_phosphate/seed.xyz,6fb8a622cd91e2fd503f4237bc58fc60815002d142c397c769ec82dac5bf2b26,1742
data/sampling/ribo_phosphate/crest.energies,a723a3c7080d13921ddf2dcf83b0d925b96f3d5680e4ed348c039f7c0fd26621,2952
data/sampling/ribo_phosphate/crest_best.xyz,c9b182bbf51815c266ce0b23c5fcff6ae9697fe25f652ec4abe77b2827ebee54,1651
data/sampling/ribo_phosphate/crest_conformers.xyz,29edcb12cb5a3cb5085634faeb5e645e94caa2c42dc0da594deba615557fe8b3,252603
data/sampling/ribo_phosphate/seed.xyz,bbb14e3c4c5fb179df28e8005dab0d6ca7bda3c19b98f429f3c202a41b4f50ab,1253
data/sampling/ribose/crest.energies,b60a7308caf69cad4dac899c953380e1d28f5e12787080a236f39b1b07ccd70b,2532
data/sampling/ribose/crest_best.xyz,44f48d282e72f43b74fff4dba2f16467d807371c5b5f08e0d5d639146b286263,1326
data/sampling/ribose/crest_conformers.xyz,0d100980f1c958388fedd0e4a346134c2ebd065c7810c6e9c7835d0b1942676d,175032
data/sampling/ribose/seed.xyz,5fdd2202f0375f850b1232fa409a9e9c8802d32c9857c90a0f9b0dafda0b45f6,1005
data/sampling/tap_c5link/crest.energies,5ed26992e9f07089d5b32a24fbaa503078df2f65f3e9aae45d4b04988dd74ba1,54
data/sampling/tap_c5link/crest_best.xyz,cc8ade9f835bbcb90a67dbfdd16751953dd2ae4ca943b2629419e311067e7760,1066
data/sampling/tap_c5link/crest_conformers.xyz,bb11f51c9699a8f61913112879474d1b300e7c37dfffb1747fa546d1756619fb,3198
data/sampling/tap_c5link/seed.xyz,26d6d260f795b3d1062d6eab964779184de09ecc619b7608c766f9d2cb9f74d8,817
data/sampling/tap_c5link_ribose/crest.energies,3e4ee8389372e8e1f37de7d43329cc71236ea2d056f7808ed5646b70ed687b07,2612
data/sampling/tap_c5link_ribose/crest_best.xyz,64785d621b0266e99edb1856cc62df4dc7783b78525b2df1d50dac8ce8559325,2171
data/sampling/tap_c5link_ribose/crest_conformers.xyz,5389099acfd9a6e5aa30fff5ba7655e41c5941b05ac2153005068c85d2a42cd9,295256
data/sampling/tap_c5link_ribose/seed.xyz,c1b9b810df06ad022adbc6f558b72b3b9393ecaedfc54f7ddfe3901819b67740,1640
data/sampling/tap_c5link_ribose_phosphate/crest.energies,dab5c51de00aef0588bfe2d2beabf97242cbe4772f9d9d1a1bb4ccfa612a1ffc,7992
data/sampling/tap_c5link_ribose_phosphate/crest_best.xyz,d9d998f3bba089fbc4ee94b60d7808ea8d59b3eece41913a8df7a6f7d1f4df8c,2496
data/sampling/tap_c5link_ribose_phosphate/crest_conformers.xyz,918f0526cc90e07b3b929de2b29ee0530ffdea9b694341ce66f8d6cce9fe9a67,1010880
data/sampling/tap_c5link_ribose_phosphate/seed.xyz,85da446175e82c5e473dc357383b1ff9776424b5d84a8e5029c026a0bff0b1eb,1890
data/sampling/thymine/crest.energies,c81359bac3f1d831b08b006e41f26ac6319bc9cf4c266268401730d16dff8d99,18
data/sampling/thymine/crest_best.xyz,7166285624c2661833829714189efd359bf041be226ac20acd9e855c87e8dbd3,1001
data/sampling/thymine/crest_conformers.xyz,7166285624c2661833829714189efd359bf041be226ac20acd9e855c87e8dbd3,1001
data/sampling/thymine/seed.xyz,06d5ec503ec16be4a1a68472de50bce179bf13c5e96c6efc498d9d295bacfc21,766
data/sampling/thymine_ribose/crest.energies,cdb10e096385ba3b0f4020cccab21e12e2b24e91e9bafcfe997cedb9a1821779,2672
data/sampling/thymine_ribose/crest_best.xyz,64ad4d19fcdcad427ad8d57d5770484abeca78bef1fa87a756d68c1345367616,2106
data/sampling/thymine_ribose/crest_conformers.xyz,549899e888b189babb40eaaa972f882065791d64ada682ce590f1170cf09d257,292734
data/sampling/thymine_ribose/seed.xyz,d2c30b55dc04ecd5b223798b3ebed6ab585f23d274349aa4e797a9077929e1be,1589
data/sampling/thymine_ribose_phosphate/crest.energies,060280ddd03942f6772c84c206c2ac4f4efaeeddd69ffdf34c017797080dedcf,1606
data/sampling/thymine_ribose_phosphate/crest_best.xyz,5e102efb91696260a75369e081b8b6ce2792fd8265d83d450ef6ce96c099c52b,2431
data/sampling/thymine_ribose_phosphate/crest_conformers.xyz,47eb7cffd4c3ccaa25469730f1af4f760b61df597a89084a60f6d6fd4647e3ea,206635
data/sampling/thymine_ribose_phosphate/seed.xyz,9afa01539b560ff902b9ef52e7d3a13fb3c32be52bac28d458ecffb74c587579,1839
data/sampling/uracil/crest.energies,c81359bac3f1d831b08b006e41f26ac6319bc9cf4c266268401730d16dff8d99,18
data/sampling/uracil/crest_best.xyz,d27b8bff4338ac06563204d7067d3f943bcc1e99a1f98930ef173c5c210649c1,806
data/sampling/uracil/crest_conformers.xyz,d27b8bff4338ac06563204d7067d3f943bcc1e99a1f98930ef173c5c210649c1,806
data/sampling/uracil/seed.xyz,a7ba70f4d550a865e9f460c27b628d6c5f96d745665cd8ab1414a0d446c5df99,621
data/sampling/uracil_ribose/crest.energies,18032dbcb09903ca574ce9ef77b6e4b585e113492ab514071c2a1ea4cacedd4b,2332
data/sampling/uracil_ribose/crest_best.xyz,ea97323cf2c7452be945ac75d1ac78d1f99fdbcc58baeb9af0c915a9cdc71347,1911
data/sampling/uracil_ribose/crest_conformers.xyz,0cbf20bb0d8f25b60628963028e9f0173b4cccf95292c41c3eb28644598523bc,233142
data/sampling/uracil_ribose/seed.xyz,6a53d89c3368a3e8970eee0b114da2d9c7fae643a4f7300c6d95a8d502f72961,1444
data/sampling/uracil_ribose_phosphate/crest.energies,263d11417cd285673a32ded3c36cc7aedc74ccb15fee1fadcdd129acd167f460,1473
data/sampling/uracil_ribose_phosphate/crest_best.xyz,a4c31c5f765d84a0d16d812434f45c9d2792eb1f06da8a41a6262e5cd2523ad6,2236
data/sampling/uracil_ribose_phosphate/crest_conformers.xyz,32c2094836f5b2031020978045cf46bf004ead740a3c709f89290f60d6613625,174408
data/sampling/uracil_ribose_phosphate/seed.xyz,b8569e10047a4ea3a7244388e00b3cbf2d861d924f08516b3c3b093f08d3aac7,1694
data/sampling/xanthine/crest.energies,c81359bac3f1d831b08b006e41f26ac6319bc9cf4c266268401730d16dff8d99,18
data/sampling/xanthine/crest_best.xyz,a15e167bbd6a3cd5c854d006be9f45b0cf17f0117546b472928815f789301177,1001
data/sampling/xanthine/crest_conformers.xyz,a15e167bbd6a3cd5c854d006be9f45b0cf17f0117546b472928815f789301177,1001
data/sampling/xanthine/seed.xyz,ad298e4137791c897ccb8924008434cbdad3967e840bca8c752f8803ae9d786e,767
data/sampling/xanthine_ribose/crest.energies,04d9529a5339448ed27e3b57d6e367ef9bac05d371da485af0347ba3e83c8fd6,1777
data/sampling/xanthine_ribose/crest_best.xyz,c5622880c951b97086273be3b4491d8c5280f95a702fbbcc92d4e601fca51181,2106
data/sampling/xanthine_ribose/crest_conformers.xyz,1b0abf10215ca604c60c887775c8215691d01c0e9607d9bde5a2326d7db83dbc,197964
data/sampling/xanthine_ribose/seed.xyz,763883c5550cd4a389b923147214a01e057c8c2e9492629616ed78ac2676d35c,1590
data/sampling/xanthine_ribose_phosphate/crest.energies,a9280d8b83b7f55eae0729d8b090918cf445ca76689e1e37023be56a0163d781,5032
data/sampling/xanthine_ribose_phosphate/crest_best.xyz,5fbddc8ee4501e86da2ea0a40c753b6205fa05688cdd511c7e2a5e9ce118f4b6,2431
data/sampling/xanthine_ribose_phosphate/crest_conformers.xyz,cc37cf7cda6b885c1f785ecf13498ecb721c466cfc82074e6572dff41e16b3a9,624767
data/sampling/xanthine_ribose_phosphate/seed.xyz,eec1a925dedac90f0b09d5e81b1a6c8a7792e6c5526597b252d433d198c04d79,1840
data/schemas/calculation_record.schema.json,b1c8493327dde22e2f75f2955a74be4e3bb29fde3a8e61aa086ec8fc3b945a12,9373
data/source/manifest.csv,341292654cc88b760b2d8ca2e60478fc9462e79829fbfbf8e02eb4427ec0f3ef,23892
data/source/pubchem_acquisition.csv,2f238b6aa3599c5f5a6394c1f97fa84186d93dd614ae3c0d4cca1ff128627388,457
data/source/pubchem_choices.csv,23100521e04799284a9d694e877aa552332ad002530027b37ec468ce78ede5aa,347
data/source/structures/1_methyluracil.sdf,69048a02f3a40ad33368c48582a1b22c4f24c90feee67bce8424d49b6804f35a,2779
data/source/structures/1_methyluracil_ribose.sdf,0aa86feb53915305f74bcecfd3a8b922c10a99f4d0ec83efa10235ba4eb330ae,2753
data/source/structures/1_methyluracil_ribose_phosphate.sdf,d836d40512870a03f5d2da95682c28cf87ead56628d8d7defd3b0387a418ad7b,3168
data/source/structures/2_6_diaminopurine.sdf,9d35a3251fd1959dff3cf8d8190ff631f5f698d3bac741a2741911ff859f2740,3197
data/source/structures/2_6_diaminopurine_ribose.sdf,911ddc7ae31501460cf12c7d259c5db9580a9bb61287ca78b2316895ce623e95,5962
data/source/structures/2_6_diaminopurine_ribose_phosphate.sdf,bc7fb3e7aad7d8645d5f770910850779c809be92005b6626b100d73016bc3abc,3347
data/source/structures/5_amino_4_imidazolecarboxamide.sdf,3b6c8228aceed65e39d2b1837194646870df0fdae0eefe25b1e02444fcbf5c2b,2737
data/source/structures/5_amino_4_imidazolecarboxamide_ribose.sdf,dba58dff51bdc8320372a7985fce6c45290cc28cf1a5b2e88a6bf5986434386d,5612
data/source/structures/5_amino_4_imidazolecarboxamide_ribose_phosphate.sdf,1cb7061cd97eb1c1383319dc6290731498060d87f334b29444d9e5ce3ead5fc8,5987
data/source/structures/6_methyluracil.sdf,aa65a2bb5fecaf4afb6b792966f8f62d656c8e303dae0287bbfdf75e04b6cdd0,2691
data/source/structures/6_methyluracil_ribose.sdf,2e766ef4ba989bdfd5a493864cd3a59ce6b21e118f549fc187b8c022f64d6741,5414
data/source/structures/6_methyluracil_ribose_phosphate.sdf,4e316c5d2000e03743c42988342a47bce0ca4e34cccef4b493a69d2d7aef8de3,3168
data/source/structures/adenine.sdf,8116b6e249c86828bf9d943f67cf5dc4d0894ad43b9f14731dee0623ea835501,2839
data/source/structures/adenine_ribose.sdf,49238c5e55d9c36fe3b74493ec7161c08bb7fc6bf330952ebfaacf005cf3f683,5564
data/source/structures/adenine_ribose_phosphate.sdf,795692f943f29e13c056a3296b95901b92f1ddc699dd2e6d7d559222b700a950,6192
data/source/structures/barbituric_acid.sdf,d08e1fe9151c2dfadcbe780909152309250d5556d1677ed6c42a21fc387a27cb,2510
data/source/structures/barbituric_acid_clink_ribose.sdf,c07e74c5870b2a8ce4db563e161d3c70083255d0480b9af45de6262ed81dd424,2584
data/source/structures/barbituric_acid_clink_ribose_phosphate.sdf,2c98d488b9ab2860201a7133aa626e41e44db339b73e3da2f7878358f5ec9b41,2999
data/source/structures/barbituric_acid_nlink_ribose.sdf,e8810b88a08f33df2878e361f132df819df9ac226797779dc020363fb976d85c,2586
data/source/structures/barbituric_acid_nlink_ribose_phosphate.sdf,4d75cc6dffdb9c7048fb9a871ff2215325556f9f126741543949381d3eeae7d4,3001
data/source/structures/cyanuric_acid_nlink.sdf,1fc6b7423c6e11231ff7a38c94e2e1ba21d4f69e6f9c8b621cd626c78deb98dd,2399
data/source/structures/cyanuric_acid_nlink_ribose.sdf,e18bb0374369dd1645415db33e5e905cfad583e4371630cfd2bc3a4252f481d5,2501
data/source/structures/cyanuric_acid_nlink_ribose_phosphate.sdf,5b81fc60f7230dd9d7f9bc0d7144ba8313b5e63ca37c45aa36bd00ee743e9cb9,2916
data/source/structures/cytosine.sdf,15035b36a7166d85b4171bb29fa6b2ffac3b53a868991ca5102f0b929292f0f3,2498
data/source/structures/cytosine_ribose.sdf,57e38542074c0972f81282ffb46cf0429100fa07a0c1c4df374ebd8b278ed213,5214
data/source/structures/cytosine_ribose_phosphate.sdf,c6b032f47d9995a8d0fd2dc19910ddb9f00125dadd2afec1b7ed50412a42e771,5753
data/source/structures/dihydrouracil.sdf,7cbebf325106350886c7f58e97add9b68fd475367d5d79d8be0291cc6772eff1,2562
data/source/structures/dihydrouracil_ribose.sdf,f3f0c24a7fe5c359834cba5d4e834ffcd275c831904fef433fac2171037f08c7,5340
data/source/structures/dihydrouracil_ribose_phosphate.sdf,7a941110d46946c0175dbe66c4743ac91d8a368951fca4a065400b047ebac23f,5878
data/source/structures/guanine.sdf,fbe3736d4f35fae5d8d15c2f7b744a0a08d7d52aa5ee52c34fc2eeac54166a16,2963
data/source/structures/guanine_ribose.sdf,d7aff4b8a5e0460c69f49fdcf90475560e96322957704d14dd9f4242eacb4724,5870
data/source/structures/guanine_ribose_phosphate.sdf,fd8bc29bc0528e90c9e8992dfe10804067d39d81d407137560e621a7d4acbf78,6135
data/source/structures/hypoxanthine.sdf,165ce82571c2d44ba1adf1c8c4e7ac3b13d33cf47e3c09ffe4a9adaea3347178,2690
data/source/structures/hypoxanthine_ribose.sdf,bf37c8eb812edd906901ff97e8ac0015b48096166e7d3b8678a33994b92758e0,5524
data/source/structures/hypoxanthine_ribose_phosphate.sdf,141dcda42bd1b1ee320d2cea6d29b82891dfb2384d406cc2e7884ea6a7614e3f,5988
data/source/structures/imidazole.sdf,3ed45eee7bd494e5fc8bcf46bbb224016b831f287c244132b015ed3f491ea604,1969
data/source/structures/imidazole_2_carboxylic_acid.sdf,a7cc0563024aaaf2b83f7ba3ae2284a9319f0c971871e07c2f39ed7b2f5530af,2424
data/source/structures/imidazole_2_carboxylic_acid_ribose.sdf,f6aef92d7c4374071517bef15c12bdd7ff76a2508fd9bfeb650670f6c7983871,2505
data/source/structures/imidazole_2_carboxylic_acid_ribose_phosphate.sdf,4e4b577363a1879dd5799f5c939683f6cf3d4da9faf12f3dfe1768bd725a0270,2920
data/source/structures/imidazole_ribose.sdf,8a8db558200bc32563cb53553fa951a996858264ce80961bbf07a4eaaf2f7d98,2253
data/source/structures/imidazole_ribose_phosphate.sdf,22b8193d2ce74d897b50846298e983d7f8925816e886741774aea8210ba77fce,2668
data/source/structures/isocytosine.sdf,08ca36b9a47fd0ef116379207558ead0d2560fb37d84d4a7d6bff6fbf7111501,2468
data/source/structures/isocytosine_ribose.sdf,347dc39141c9c63dc8310ee38d5f74afcf27c52b250b95e4f6399ba25bc0fdc4,5056
data/source/structures/isocytosine_ribose_phosphate.sdf,3d293ccec67c283b2ebaaea8bc1e817fb12a1683273cba00645760fac4edf721,3002
data/source/structures/melamine.sdf,3327f3ca19d649b213a052c7d2df87cf47cb9cd42f87e9829c6840dc12262770,2732
data/source/structures/melamine_ribose.sdf,9cf4c807e9e190a9407c99bb4c098239ca966911c0f3d6408037b4480cf31e3b,2750
data/source/structures/melamine_ribose_phosphate.sdf,0c07ba4b60e12b7f0885c945e0bc3960d5205eaf61f5525ed8b75721b66684cf,3165
data/source/structures/phosphate.sdf,c813eb892d8fa6f4b19dea34adc60756c6975748cf8563312c40d8b3d7fb0133,1870
data/source/structures/purine.sdf,15049027bd4cae248cf5564c04a3c23e807d51995853ae507b300a40821dbb25,2553
data/source/structures/purine_ribose.sdf,829452133c10d8b3a7178e8723cf5cfb01e33f99d990ab1e41e95f8179ef5905,5583
data/source/structures/purine_ribose_phosphate.sdf,2f689fbb54fe12bca3160b83ac86bd8b190cedaa6bc690a1d0643826d71235c6,3014
data/source/structures/ribo_phosphate.sdf,cc7ab54cc12af0d7979a23860a8c8717c59c2ecba1b1ed337da38e613ca88e80,4420
data/source/structures/ribose.sdf,ebf351e64fe202d109af8b55592e7e7bad2acea20f5af8476b7349a3431e37e9,3438
data/source/structures/tap_c5link.sdf,e907e1754172415a7b7db5996560560ad772e6dc6db1e21931c5ddd10c117a21,2814
data/source/structures/tap_c5link_ribose.sdf,12ff2a5bf0826cf9043a770cabadc3c038a6e2e8062d96ef2b8235eb2eef3976,2834
data/source/structures/tap_c5link_ribose_phosphate.sdf,3c8d668da83c4ec145e81f4ba5ae5cdae5821ea1ef645a1899842eeaa3e1dc98,3249
data/source/structures/thymine.sdf,9a07019639f28aedc990fbe4e86796599f11177335b41daa3ddb0fa8c8833760,2786
data/source/structures/thymine_ribose.sdf,c64375d013f6d08f4266812759436d9f0b2efb1f0686cbfb7f398a34c6033250,5480
data/source/structures/thymine_ribose_phosphate.sdf,0c14b160f725bb949eae54423fbbbf4eb175aa9e956d8918bbaa34a4e6fa2cc2,5928
data/source/structures/uracil.sdf,1efeb2e306148dfe3639e19e94f1e06081b24a0d3e33ccc11f57280825c5609d,2347
data/source/structures/uracil_ribose.sdf,d9e55b8f1fb27b65b5855884190d17b8769b49178c054d1b2cd155b7003ef080,5093
data/source/structures/uracil_ribose_phosphate.sdf,6a4e83581129f1360189e559b79296317dcab7ae9c364243bb4de3fcd54d8117,5694
data/source/structures/water.sdf,e9e2e75e8df47294fc257b9ff1e63b796e300582901726bf9c18edd072ef92d2,1220
data/source/structures/xanthine.sdf,3c55ca599582277536d48100b6427dc0df1dff4eb67c80222652582e2bcfc72e,3024
data/source/structures/xanthine_ribose.sdf,350a1f547fafba11263f0943febbc994f0f41f390f54c578b4d4efdf7d753eaf,5640
data/source/structures/xanthine_ribose_phosphate.sdf,674150b2f41237e2ecd503bdac888664a80965185b50212b5a448d8680b5db03,6048
docs/CALCULATIONS.md,47330a152faf0b7477fe5348fbe9ea34652625854be33a977fba708f5d18e4e3,4989
docs/DATA_DICTIONARY.md,6c4f89db52b1321c1a1e4ee5a44b7a36a95f3dd9d2914420e2e16f240174a06d,9467
docs/EXTENDING.md,cc66779eb0a11eeee96f6a4e870ec63cbf617d9e6ade77628c81fc9364bc1880,6493
docs/METHODS.md,220b6fe62e13134a86ae9bc82b68cf93d52a01d3a7af6bca3598fddf52ff86eb,8613
docs/REVIEW_GUIDE.md,f7965e12fb37264c20ecd00da09c69e82f5fa5a8a0109251138fafdbcdd3e736,3447
docs/TROUBLESHOOTING.md,b49259c2682168767fbc7b87d627a80b2b7363e93b246dd73fe0cf5a2a7f6cc5,2370
docs/WORKFLOW.md,b4d94653bf709e3b565dec322fb0cd703b380796fe27af3d83b4b45fad99211c,2143
environments/development.txt,cf32d0923732b8483710b5d85577aa3e09230d9c04e51549a83740ca3991e43b,831
environments/reproduction.txt,2394ff3130336605a4f298d5b693733abd7840c40041254d59450266dbb6bcfe,333
environments/structures.txt,7f6233d0ee5fcecb702610c4ea0cb1f2d7ac03039139dd3372a7026446e47d69,36
examples/add_molecule/README.md,cffaf8f6fa8a26a992837197a3db345bcf8324a442fb740146952808497cc64e,1211
examples/add_molecule/construction.csv,f54dc5285ccc6594a185f4379b175a04b9b8d5d105d5cbe2a8f850f752f7b7bf,280
examples/add_molecule/inspect_existing_result.py,891db8d71849a512cab1bdd3e2c29014c028c794fa9c2aac9964faad5d052f0f,1046
notebooks/01_reproduce_and_review.ipynb,ac3e0c1fd9db5ff80b790d87b0a9e9c21902720d1e4ec60c7b152e446114889a,526250
provenance/README.md,23faad01e652f1b4fd1342c5a4a3489eee78bb7c2c760eb791682dcb42c9319c,900
provenance/sampling_software.csv,b5e89db70cd7bfc6c2e02e5ae21d2af98ed0ca6a7628ac18cd6c2be894bd4b9e,20655
pyproject.toml,cfb307a6f505ed36b534e63f57070351358d81b8979a29eeae459b86940922af,693
results/manuscript/FIGURE_CAPTION_AND_TEXT.md,1827985e19540ff463416f66bc59c6c3993ac4b24b61647fdf40667ea32b7995,3502
results/manuscript/export_specifications.json,4d87f717d403faf45d93a6d3d65d20381740f6ee577a8548799c0cbabfef190f,423
results/manuscript/figure1.pdf,c0bae9adaf152609cd1893437691a3c54ad2696f5acab625f16a0fdfcdb97f1c,42867
results/manuscript/figure1.png,2e4c9d6e00fa11fed2d149d6752efcaffe54b4e0e14416a883b9cee253429452,1473259
results/manuscript/figure1.svg,b106827fd54ec7cb1d9a86fe631c9d3478cbef9f7288c4e8a40ecc1416d8427c,83951
results/manuscript/index.json,ff6dc83cbbeed755fe68cab16be335929bfa354017877aac992acbc81d1fe168,560
results/supplement/MICROSOLVATION_REFERENCE_UPDATE.md,e15e9ffca88c56f1f5f88a24999f33672d519b66252584c9af768f3d91d8cbf3,2312
results/supplement/SI_CAPTION.md,d2760cd3c68aeb9a0e7505f2118d72d99d60bdbbb51f542236915f71a1b5bbff,3676
results/supplement/index.json,19cefa4dc55f62f307ce03ac958ec1be5bf9650361575bfdb5f2e4f035877548,1328
results/supplement/si_microsolvation_plotted_data.csv,36bc86d07a854b2b492619a1a5b2654a08194fb0c7e49754999c2608b4165955,5847
results/supplement/si_microsolvation_ranking_occupancy.pdf,ce064a8ff42e041cc8c1f1d1d67b48eac638725d9434dbaedbed72cae6f07a11,30103
results/supplement/si_microsolvation_ranking_occupancy.png,b00510b4a74df0d5218b8c39ef7a79e038669d5831c22d2c37cf96864a877ffc,779129
results/supplement/si_microsolvation_ranking_occupancy.svg,791528a8ce3a2a04f9f7a65b18a51b942a1d446afd1aca4d7f6f720ecc569017,68975
results/supplement/si_microsolvation_ranking_plotted_data.csv,249023350bfee1e3b04bedf14276e398b03125d26ece24385a7e15bb19e021d2,4628
results/supplement/si_microsolvation_sensitivity.pdf,a7cdf86f959cafb5f64c6b02f02db87e038a63b7b6ec5ee81007f836263fe36a,33158
results/supplement/si_microsolvation_sensitivity.png,2f0009cf30430002b941d6325ba5a351efb14579b08648791fc9d9267dfbff97,853741
results/supplement/si_microsolvation_sensitivity.svg,e85f26045a4efa6c4ef6300dcc27675d412004c38808ba7c62e7b224fb1ee7c9,66469
src/atcgu/__init__.py,91447944015cec709e8aa7655f7e9d64e1e4508e7023a57fe3746911c0fc6fed,22
src/atcgu/__main__.py,935a1c1166b0c1ea35a82256345000bf2c73ded718d77773bc27a71ecce28f7d,48
src/atcgu/acquisition/__init__.py,e3b0c44298fc1c149afbf4c8996fb92427ae41e4649b934ca495991b7852b855,0
src/atcgu/acquisition/pubchem.py,599aca86356b9ef5314a5099ef0182ef6cbd82c930dde95f6e7b6df556c2cb60,2247
src/atcgu/analysis/__init__.py,e3b0c44298fc1c149afbf4c8996fb92427ae41e4649b934ca495991b7852b855,0
src/atcgu/analysis/microsolvation.py,f9c1319770741ac60bdc17262f1cb2b13fdc97093232a90a4a136c21d1e05d4c,10539
src/atcgu/analysis/microsolvation_si.py,a21e105760637bcffd89d3e2fd92212d32fc9da38fff83e44a85b6b955ffa15b,13410
src/atcgu/analysis/reactions.py,abb1caa98fe2a74cc1ae113b195fe5e84405e61440a2dcdbc04c7290fce08502,9216
src/atcgu/analysis/selection.py,bcf28ebd827328aa2e37f0acff620349ff1130e1c4871897ad0748c727a93a0e,16922
src/atcgu/analysis/structure.py,060216de842eff3742766028abd8cf37e1310eea3f7d47306b2387063eba0a6e,1353
src/atcgu/analysis/thermochemistry_sensitivity.py,534dbb1b24b67ec0ccc38feac5139990160e6d01cd338a0fbea9ba3f282890b3,4078
src/atcgu/analysis/workflow.py,947cd644e1ab0c7c4a5a49e72c978f17c6f950b4c8754924ad4cad2b58ce3087,7588
src/atcgu/building/__init__.py,e3b0c44298fc1c149afbf4c8996fb92427ae41e4649b934ca495991b7852b855,0
src/atcgu/building/gaussian.py,4bf7c896ec28db26c729e47277c1ef2531547b39ec27f40a3c4609401fb16c45,5405
src/atcgu/building/molecules.py,0d80208f7cc25a029aa189ed3fc451fecf6338207e9df757f8e4ab56594c3a23,5566
src/atcgu/cli.py,fd0b4fa4e830600ab8abf53a83772d0b024da2ec660e635ca7c05003e3fcdfb8,7710
src/atcgu/constants.py,afba3e5cd6015d17202a46f7b3c35c13fdbfd1ee6846722c7e866cad2cd823d1,1988
src/atcgu/extraction/__init__.py,e3b0c44298fc1c149afbf4c8996fb92427ae41e4649b934ca495991b7852b855,0
src/atcgu/extraction/gaussian.py,38f5987a6fb32ef226da68c5afbf8856e7caae92b6fe07bd80804e9e8f7f6ffa,11598
src/atcgu/extraction/workflow.py,bae615e70daa75f73fc89fd6704e04fdc6c2e8e7b2055966d9e6c77589a556c6,4676
src/atcgu/geometry.py,21a9db92960c4bec6fa3d1cde524f131efaba482e7a3676158dc92e360a6d1f6,6168
src/atcgu/paths.py,18c48c67e79d0213a22ea119e5a35cf439c13cfecdf6a0ac695f7570a138f05d,791
src/atcgu/plotting/__init__.py,e3b0c44298fc1c149afbf4c8996fb92427ae41e4649b934ca495991b7852b855,0
src/atcgu/plotting/figure1.py,6f9149108eb885a8eeae5c619d740bb326e01031aa0ef4abf52d9ebaf2c71113,13007
src/atcgu/plotting/si_microsolvation.py,fa387f75972cc0825951abbe6fdc861f79088a11947a414eec339bb87defa6a8,11664
src/atcgu/records.py,4077b1da2be1b1442250562c7253f574df71d53d49acc09702b02df0a3f58098,5261
src/atcgu/runner.py,200a1bd8b79b2657f94aa8989c8631c7008d060da0db27dc4fa5ed5d61386211,5962
src/atcgu/sampling/__init__.py,e3b0c44298fc1c149afbf4c8996fb92427ae41e4649b934ca495991b7852b855,0
src/atcgu/sampling/prepare.py,55c324a64e52b656e45fd48cd2becf464e9ced2ae3319f00982b118c697577d5,7224
src/atcgu/sampling/selection.py,5cedefbf392c830b77f235c20551f3060f77e4eb2be5d95b7599e0168ee3489a,2871
src/atcgu/sampling/water.py,4a79a2b722e4b99d2e860bc5b48503b1bc5e6592327483298381a1ebd71e5676,13037
src/atcgu/structure.py,6909c47416acb8911e85c9ee682932912c659fbd55f059bbe79c772ff867f7b2,7237
src/atcgu/validation/__init__.py,e3b0c44298fc1c149afbf4c8996fb92427ae41e4649b934ca495991b7852b855,0
src/atcgu/validation/arithmetic.py,9c7c5917fc69786861ef87c7beb835d9fc088ed68223496104f8e13fbffe3d87,15588
src/atcgu/validation/independent_extraction.py,490b249c9a3fd16dd5202c15e9b85d534d7803d7ea83fd6df1e1a7954a2e8b64,5860
src/atcgu/validation/inventory.py,3b13915520513d75b3959ab2693242910246b21e4a8a2f4b58aa606a791a77c4,3327
src/atcgu/validation/records.py,fa5304d1838526459926dda4d4039857c1acf6007c0e8c2c16556087eb94b265,3189
src/atcgu/validation/regression.py,a742d14db4ec27c768dad811f03c39239b9ac582e7c619e40053fc33b3607434,11158
tests/conftest.py,800581f9afb54e7f8bc80f3887ca8c506ad0d5690fc432ec649a07f6301cf124,1251
tests/test_extraction.py,0833fa30e776ce3ba93e2e923b3aef5d59197746bd6afdacc696f76b4b8b1776,4021
tests/test_guards.py,bf59ef9b51dccb74ac02cb51317291ad3022323e5bf307c4352fd97656e33427,3736
tests/test_release_contracts.py,81b2c9a51be4e817c5a3e2f613908f2d26cb4f2e0edd471f55b8b08f12c58fd7,3569
tests/test_si.py,6237e6da62d32231fba0085a9830f6e63498118ff7e8c15f5c41e5ce4caa7b81,5195
tests/test_study.py,696003af89d2fc2e45716d56a903a2bf5681f77f61b414b5226219caa0df2780,5167
validation/README.md,40b7c5febfff0072b03d2ee96a6027671d4c0af6561a44b0fd388aa51a4102d3,1325
validation/construction_checks.csv,38f682e4428793425a05976f0f703533b5a422d98a3ef9fb46e6d4e93cf18b79,1184
validation/extraction_comparisons.csv,c0ba45b1b5e7893a61df8caf1c390509914c014d9a33218fdee81f8982b7c832,230575
validation/extraction_summary.json,5f34a6f5c7241e2120d0c1bfd2345abbd93e6e8b849354880c642138d498a5ff,443
validation/preparation_coverage.csv,b7352c8fa39f29786d5f15a84dce75ed1a0373acccec4635c6a16236248ebe6a,3315
validation/refinement_preparation.csv,102432d2275703af970bd0c991e149bb5489dfc9249e7f3fbc11669caaf64918,2432
validation/water_preparation.csv,bef8697c3d28ecf6d5921e9514bfc9a5e9b1db1f7e70031273bb56571b5d15d8,2086
workflows/check_integrity.py,3f50e81e05ea869208d80b9b0b19e93b0775a2017f878ca09067c855d3e897aa,1130
workflows/prepare_study.py,84fa8d27de6d9abf83d920935326a8c58a3f844bc3c6669aa979a6b54f372195,1781
workflows/reproduce.py,8f63a1f88dd3fa25edc0a9de41962ea6e9b12c0adc48561c3abf367dbe985a59,232
workflows/write_checksums.py,51636a1399f463ed78f2b9a5077f3fc3d6b0372860e599ccc94db64d57d7108a,1265
